#{"t_start": 1771008995.8714728, "env_id": "commonroad-v1-safe"}
r,l,t,is_collision,is_time_out,is_off_road,is_friction_violation,is_goal_reached
277.119587,18,50.753375,0,0,1,0,0
328.99729,1,51.680517,0,0,0,0,1
328.863408,1,52.644339,0,0,0,0,1
328.826743,1,57.339298,0,0,0,0,1
-6.846413,8,74.167486,0,0,1,0,0
11.880174,9,76.493394,0,0,1,0,0
328.826743,1,77.075544,0,0,0,0,1
982.069617,40,86.719997,1,0,0,0,0
730.283674,28,348.325733,0,0,1,0,0
141.752841,14,378.98787,0,0,1,0,0
914.456594,40,509.908399,0,0,1,0,0
254.795426,14,552.239439,0,0,1,0,0
-124.368725,5,617.276634,0,0,1,0,0
328.920203,1,620.110681,0,0,0,0,1
328.859287,1,621.179999,1,0,0,0,0
328.863408,1,625.46558,0,0,0,0,1
337.846563,1,626.698898,0,0,1,0,0
328.863408,1,627.124678,0,0,0,0,1
328.800053,1,627.587091,0,0,0,0,1
328.826743,1,628.169814,0,0,0,0,1
848.514097,38,663.31092,0,0,1,0,0
328.93954,1,664.111125,0,0,0,0,1
321.129458,1,666.089428,0,0,1,0,0
328.831123,1,666.626456,0,0,0,0,1
-140.999267,1,791.967671,1,0,0,0,0
328.99729,1,792.652964,0,0,0,0,1
946.649108,40,910.366927,0,0,1,0,0
328.99729,1,910.894171,0,0,0,0,1
1295.862868,55,1045.485689,1,0,0,0,0
-126.388347,1,1046.286085,0,0,1,0,0
328.99729,1,1046.76231,0,0,0,0,1
328.93954,1,1047.350235,0,0,0,0,1
328.93954,1,1048.037272,0,0,0,0,1
328.778864,1,1048.631977,0,0,0,0,1
116.073389,12,1054.097304,0,0,1,0,0
-132.738533,1,1057.02524,0,0,1,0,0
410.921208,28,1067.304121,0,0,1,0,0
337.931,1,1068.26069,0,0,0,0,1
-108.16604,2,1069.247148,1,0,0,0,0
530.602436,20,1567.68025,0,0,1,0,0
328.831123,1,1568.113149,0,0,0,0,1
315.915332,15,2273.975006,0,0,1,0,0
829.280324,36,2290.629503,0,0,1,0,0
337.800054,1,2291.255497,0,0,0,0,1
696.809026,26,2299.948482,0,0,1,0,0
321.129458,1,2302.074469,0,0,1,0,0
337.881733,1,2307.598063,0,0,1,0,0
327.305384,20,2314.891604,0,0,1,0,0
328.826743,1,2315.336461,0,0,0,0,1
328.826743,1,2315.775122,0,0,0,0,1
328.881733,1,2317.652964,0,0,1,0,0
328.863408,1,2318.057637,0,0,0,0,1
-133.419669,4,2443.973827,0,0,1,0,0
-133.419669,4,2571.164234,0,0,1,0,0
328.99729,1,2571.677148,0,0,0,0,1
586.772048,27,2603.434996,0,0,1,0,0
328.82862,1,2604.024968,0,0,0,0,1
405.573146,21,2629.585788,0,0,1,0,0
861.907695,45,2683.773311,0,0,1,0,0
-126.996194,3,2783.089877,1,0,0,0,0
328.881733,1,2784.963168,0,0,1,0,0
392.192151,20,2819.20647,1,0,0,0,0
-132.738533,1,2821.691401,0,0,1,0,0
328.773494,1,2825.008477,0,0,1,0,0
328.800053,1,2825.478281,0,0,0,0,1
160.089389,10,2904.995163,0,0,1,0,0
615.864795,29,2924.769212,0,0,1,0,0
328.859287,1,2925.5712,1,0,0,0,0
328.93954,1,2926.149334,0,0,0,0,1
876.672227,46,2955.902676,0,0,1,0,0
-199.15494,5,2958.69128,0,0,1,0,0
-129.071736,1,2960.880515,0,0,1,0,0
328.931002,1,2961.504814,0,0,0,0,1
11.613888,9,2963.1266,0,0,1,0,0
337.863409,1,2963.634379,0,0,0,0,1
328.931002,1,2964.028169,0,0,0,0,1
590.234203,27,2973.813699,0,0,1,0,0
337.931002,1,2974.286496,0,0,0,0,1
-108.122235,2,2975.133011,0,0,1,0,0
337.828619,1,2975.714342,0,0,0,0,1
-140.999267,1,3100.811116,1,0,0,0,0
337.938687,1,3102.665049,0,0,0,0,1
139.878084,13,3127.276762,0,0,1,0,0
328.800053,1,3127.738202,0,0,0,0,1
337.800052,1,3128.203138,0,0,0,0,1
337.800053,1,3128.608592,0,0,0,0,1
328.859287,1,3129.359517,1,0,0,0,0
328.931002,1,3130.000117,0,0,0,0,1
328.93954,1,3130.374242,0,0,0,0,1
475.66377,25,3220.318687,0,0,1,0,0
1446.578279,59,3338.8308,1,0,0,0,0
328.778864,1,3339.335663,0,0,0,0,1
337.931002,1,3340.003751,0,0,0,0,1
-157.957023,4,3604.40021,0,0,1,0,0
216.349324,15,3607.927242,0,0,1,0,0
24.752449,9,3609.565865,0,0,1,0,0
-88.093807,2,3663.515567,0,0,1,0,0
328.977188,1,3664.955338,0,0,0,0,1
328.778864,1,3665.602458,0,0,0,0,1
337.909529,1,3666.146513,0,0,0,0,1
898.293224,45,3769.921502,0,0,1,0,0
2.535906,9,4455.239099,0,0,1,0,0
774.206502,34,4464.192558,0,0,1,0,0
723.126267,27,4498.384817,0,0,1,0,0
-206.018474,5,4562.880401,0,0,1,0,0
710.090574,26,5130.888337,0,0,1,0,0
-14.241718,8,5161.076392,0,0,1,0,0
585.402854,23,5229.437175,0,0,1,0,0
765.054557,32,5251.188603,1,0,0,0,0
328.968284,1,5252.359153,0,0,0,0,1
337.997289,1,5252.821305,0,0,0,0,1
-132.922976,1,5360.520491,0,0,1,0,0
337.93954,1,5361.435186,0,0,0,0,1
-135.704898,4,5495.690271,0,0,1,0,0
328.991637,1,5497.918585,0,0,0,0,1
1142.773707,46,6285.363119,0,0,1,0,0
-153.294425,6,6377.311903,0,0,1,0,0
328.863408,1,6377.911959,0,0,0,0,1
584.849378,31,6390.82708,0,0,1,0,0
302.596365,18,6394.203619,0,0,1,0,0
-33.800366,7,6415.329269,0,0,1,0,0
-151.800564,7,6740.820965,0,0,1,0,0
-129.637372,6,6805.624572,0,0,1,0,0
328.800053,1,6806.075498,0,0,0,0,1
-196.008617,8,6809.091064,0,0,1,0,0
373.84043,17,6922.134185,0,0,1,0,0
471.763064,19,7050.584411,0,0,1,0,0
328.863408,1,7051.031373,0,0,0,0,1
96.954362,12,7056.488024,0,0,1,0,0
125.417716,9,7061.983786,0,0,1,0,0
-133.972625,4,7194.912395,0,0,1,0,0
-41.313834,7,7215.598045,0,0,1,0,0
-126.996194,3,7316.046851,1,0,0,0,0
243.942556,15,7328.090577,0,0,1,0,0
328.778864,1,7328.562911,0,0,0,0,1
-190.416344,9,7340.374906,0,0,1,0,0
593.834731,29,7347.059513,1,0,0,0,0
337.93954,1,7347.610419,0,0,0,0,1
487.139619,24,7469.456136,0,0,1,0,0
328.99729,1,7469.918751,0,0,0,0,1
521.649776,25,7480.11052,0,0,1,0,0
-44.841725,4,7482.262203,0,0,1,0,0
-124.011808,1,7483.671473,0,0,1,0,0
328.93954,1,7484.214254,0,0,0,0,1
691.623687,26,7645.558449,0,0,1,0,0
1072.021602,47,7921.223273,0,0,1,0,0
328.800053,1,7921.825905,0,0,0,0,1
328.870249,1,7923.239254,0,0,0,0,1
328.846563,1,7924.481963,0,0,1,0,0
-134.704654,5,7972.947933,0,0,1,0,0
343.664058,15,8393.160945,0,0,1,0,0
-5.644647,8,8409.372969,0,0,1,0,0
875.936227,36,8438.602394,1,0,0,0,0
-74.601895,7,8656.987039,0,0,1,0,0
-140.777637,5,8729.712231,1,0,0,0,0
328.931002,1,8730.093369,0,0,0,0,1
328.800053,1,8730.667003,0,0,0,0,1
-7.809439,8,8732.064645,0,0,1,0,0
67.98396,11,9386.542192,0,0,1,0,0
328.93954,1,9386.948901,0,0,0,0,1
328.90969,1,9388.933248,0,0,1,0,0
337.800054,1,9389.341812,0,0,0,0,1
197.344559,10,9616.901963,0,0,1,0,0
337.778865,1,9617.54412,0,0,0,0,1
693.595353,30,9629.533387,1,0,0,0,0
337.778864,1,9630.286848,0,0,0,0,1
355.989768,17,9691.324163,0,0,1,0,0
328.947109,1,9692.85183,0,0,0,0,1
321.129458,1,9695.089827,0,0,1,0,0
-132.93971,1,9801.992193,0,0,1,0,0
-199.782133,5,9804.607933,0,0,1,0,0
474.2706,20,10107.399606,0,0,1,0,0
328.852829,1,10108.160841,0,0,1,0,0
328.93954,1,10108.787578,0,0,0,0,1
17.332606,9,10840.841781,0,0,1,0,0
328.93954,1,10841.538244,0,0,0,0,1
256.444618,15,11258.928028,0,0,1,0,0
328.778864,1,11259.917835,0,0,0,0,1
328.826743,1,11260.55116,0,0,0,0,1
337.831123,1,11260.986182,0,0,0,0,1
-5.194253,8,11277.143569,0,0,1,0,0
424.157667,36,11353.391544,0,0,1,0,0
786.580062,34,11453.847007,0,0,1,0,0
328.931002,1,11454.225235,0,0,0,0,1
328.99729,1,11454.772636,0,0,0,0,1
1028.671023,47,11709.295435,0,0,1,0,0
328.93954,1,11709.849773,0,0,0,0,1
1320.166671,55,11979.756149,0,0,1,0,0
496.72042,22,12001.450491,0,0,1,0,0
328.826743,1,12001.898213,0,0,0,0,1
337.826742,1,12002.339285,0,0,0,0,1
1174.667668,46,12067.655772,0,0,1,0,0
469.820358,26,12071.735877,1,0,0,0,0
-132.922976,1,12178.440517,0,0,1,0,0
-123.736051,1,12181.34941,0,0,1,0,0
328.931002,1,12181.884628,0,0,0,0,1
328.800053,1,12182.437934,0,0,0,0,1
1460.94344,61,12240.136678,0,0,1,0,0
198.025099,12,12253.770983,0,0,1,0,0
328.931002,1,12254.248516,0,0,0,0,1
328.778864,1,12254.896787,0,0,0,0,1
328.831123,1,12255.350796,0,0,0,0,1
179.616115,15,12290.397671,0,0,1,0,0
-114.827885,3,12405.629361,0,0,1,0,0
820.184555,36,12582.214779,0,0,1,0,0
328.947109,1,12583.490362,0,0,0,0,1
337.778865,1,12583.974318,0,0,0,0,1
-126.999021,3,12691.85119,0,0,1,0,0
337.931001,1,12692.664931,0,0,0,0,1
680.980499,31,12725.213027,0,0,1,0,0
337.991636,1,12727.060741,0,0,0,0,1
328.800053,1,12727.5945,0,0,0,0,1
36.296871,10,12812.095311,0,0,1,0,0
337.826744,1,12812.573035,0,0,0,0,1
328.99729,1,12812.969688,0,0,0,0,1
328.931002,1,12813.543898,0,0,0,0,1
92.697058,11,12821.473046,0,0,1,0,0
337.881733,1,12823.202996,0,0,1,0,0
328.852829,1,12823.869789,0,0,1,0,0
328.863408,1,12824.310092,0,0,0,0,1
-129.230087,4,12950.864966,0,0,1,0,0
328.968284,1,12951.598508,0,0,0,0,1
-128.892993,6,13016.56538,0,0,1,0,0
947.252685,40,13034.386569,0,0,1,0,0
328.859287,1,13034.897851,1,0,0,0,0
328.931002,1,13035.283671,0,0,0,0,1
64.47678,14,13044.545403,0,0,1,0,0
966.328115,42,13055.307236,0,0,1,0,0
22.432527,9,13056.787435,0,0,1,0,0
1015.223856,47,13188.384153,0,0,1,0,0
328.93954,1,13188.825475,0,0,0,0,1
328.991637,1,13190.734313,0,0,0,0,1
-189.241441,8,13202.024877,0,0,1,0,0
337.931004,1,13202.363498,0,0,0,0,1
150.653667,13,13621.480404,0,0,1,0,0
328.826743,1,13621.958042,0,0,0,0,1
-115.012413,1,13623.286004,0,0,1,0,0
3.000552,7,13629.13931,0,0,1,0,0
880.638143,39,13672.834405,1,0,0,0,0
328.968284,1,13673.721524,0,0,0,0,1
253.099009,13,13674.807299,0,0,1,0,0
295.076475,33,14365.563016,0,0,1,0,0
328.800053,1,14366.491919,0,0,0,0,1
173.615242,9,14809.939504,0,0,1,0,0
220.592451,17,14846.385585,0,0,1,0,0
328.99729,1,14846.966415,0,0,0,0,1
660.481591,10,15294.588517,0,0,0,0,1
328.82862,1,15295.512183,0,0,0,0,1
1828.870466,68,15447.590322,0,0,1,0,0
328.99729,1,15448.120347,0,0,0,0,1
471.76702,23,15917.617792,0,0,1,0,0
489.31573,24,15933.469304,0,0,1,0,0
613.311135,10,15939.247396,0,0,0,0,1
826.332491,38,15977.344545,1,0,0,0,0
328.800053,1,15977.880697,0,0,0,0,1
1021.737389,47,16055.670857,0,0,1,0,0
328.773494,1,16058.098506,0,0,1,0,0
593.785122,29,16066.680028,0,0,1,0,0
337.99729,1,16067.198168,0,0,0,0,1
328.826743,1,16067.868704,0,0,0,0,1
328.859287,1,16068.342426,1,0,0,0,0
328.82862,1,16068.808388,0,0,0,0,1
328.968284,1,16069.407138,0,0,0,0,1
1079.022272,37,16233.032184,0,0,1,0,0
-147.948558,6,16324.580576,0,0,1,0,0
-127.379693,6,16391.269583,0,0,1,0,0
328.778864,1,16391.994083,0,0,0,0,1
337.826742,1,16392.848371,0,0,0,0,1
328.93954,1,16393.238007,0,0,0,0,1
605.357139,31,16457.505318,0,0,1,0,0
337.931,1,16458.337142,0,0,0,0,1
328.931002,1,16458.752779,0,0,0,0,1
-126.856887,3,16568.696064,0,0,1,0,0
-124.489981,5,16636.022449,0,0,1,0,0
1599.234068,61,16649.331723,0,0,1,0,0
-90.11105,2,16650.108438,0,0,1,0,0
499.05456,24,16663.851719,0,0,1,0,0
65.797678,11,17460.503462,0,0,1,0,0
-198.663258,8,17463.043738,0,0,1,0,0
328.778864,1,17463.519655,0,0,0,0,1
328.93954,1,17463.957152,0,0,0,0,1
328.852829,1,17464.653159,0,0,1,0,0
722.154772,30,18031.58922,0,0,1,0,0
-140.999267,1,18170.988536,1,0,0,0,0
328.931002,1,18171.500342,0,0,0,0,1
328.99729,1,18171.942775,0,0,0,0,1
328.968284,1,18172.571102,0,0,0,0,1
248.291203,14,18186.864799,0,0,1,0,0
205.005695,12,18194.937861,0,0,1,0,0
520.996253,29,18342.269141,0,0,1,0,0
337.968284,1,18342.97659,0,0,0,0,1
328.859286,1,18343.635374,1,0,0,0,0
337.881734,1,18345.859946,0,0,1,0,0
337.800053,1,18346.508509,0,0,0,0,1
686.310998,29,18354.201742,0,0,1,0,0
-132.922976,1,18468.162638,0,0,1,0,0
-108.122235,2,18469.227598,0,0,1,0,0
102.427799,11,18489.688211,0,0,1,0,0
328.920203,1,18491.590181,0,0,0,0,1
92.257028,11,18500.330659,0,0,1,0,0
-151.800564,7,18827.436317,0,0,1,0,0
96.050288,11,18832.911957,0,0,1,0,0
328.778864,1,18833.458153,0,0,0,0,1
-108.122235,2,18834.224229,0,0,1,0,0
321.129458,1,18836.395241,0,0,1,0,0
337.931001,1,18836.79909,0,0,0,0,1
-41.787451,7,18858.001323,0,0,1,0,0
328.826743,1,18858.568138,0,0,0,0,1
337.931002,1,18859.002698,0,0,0,0,1
635.564936,29,18870.026276,0,0,1,0,0
1305.618943,53,19020.756869,0,0,1,0,0
306.405449,14,19134.170602,0,0,1,0,0
328.931002,1,19134.663609,0,0,0,0,1
328.93954,1,19135.07583,0,0,0,0,1
663.758571,16,19141.71988,0,0,0,0,1
328.881733,1,19143.658009,0,0,1,0,0
328.943694,1,19144.873096,0,0,0,0,1
-97.103298,2,19199.626737,0,0,1,0,0
942.072766,35,19230.841507,0,0,1,0,0
852.67017,38,19263.881311,0,0,1,0,0
903.086148,46,19301.367154,0,0,1,0,0
826.330911,33,19309.951391,0,0,1,0,0
328.968284,1,19310.589072,0,0,0,0,1
337.863407,1,19311.101939,0,0,0,0,1
329.610499,17,19390.529619,0,0,1,0,0
-124.026072,3,19514.304526,0,0,1,0,0
624.101995,14,19519.894286,0,0,0,0,1
-147.461345,6,19974.803606,0,0,1,0,0
-149.929391,7,20419.371933,0,0,1,0,0
919.340838,44,20432.554667,0,0,1,0,0
-126.999021,3,20548.098202,0,0,1,0,0
337.968284,1,20549.309194,0,0,0,0,1
578.399988,24,20575.86837,0,0,1,0,0
-122.103929,6,20578.727986,0,0,1,0,0
1022.581452,42,20609.772849,0,0,1,0,0
337.800053,1,20610.319409,0,0,0,0,1
-132.945628,1,20720.414195,0,0,1,0,0
-42.187543,7,20741.692976,0,0,1,0,0
328.931002,1,20742.46147,0,0,0,0,1
158.762415,14,20748.240742,0,0,1,0,0
213.387027,16,20753.520362,0,0,1,0,0
344.611598,15,21245.18015,0,0,1,0,0
328.99729,1,21245.607351,0,0,0,0,1
-129.071736,1,21253.101872,0,0,1,0,0
579.238677,22,21847.020705,0,0,1,0,0
632.933728,35,21854.381931,0,0,1,0,0
790.302152,34,21981.971957,0,0,1,0,0
328.859288,1,21982.480215,1,0,0,0,0
328.859287,1,21982.998724,1,0,0,0,0
337.939541,1,21983.705216,0,0,0,0,1
331.796671,20,21989.480694,0,0,1,0,0
636.743071,25,22119.480231,0,0,1,0,0
337.863408,1,22119.902931,0,0,0,0,1
328.859287,1,22120.404364,1,0,0,0,0
321.129458,1,22122.505949,0,0,1,0,0
167.687858,9,22423.516373,0,0,1,0,0
328.93954,1,22424.081494,0,0,0,0,1
328.947984,1,22425.338004,0,0,0,0,1
929.182292,40,22548.220474,0,0,1,0,0
328.800053,1,22548.696593,0,0,0,0,1
337.931001,1,22549.11807,0,0,0,0,1
885.261073,51,22566.917516,0,0,1,0,0
328.931002,1,22567.274161,0,0,0,0,1
-122.361081,7,22644.746329,0,0,1,0,0
355.035344,16,23073.979354,0,0,1,0,0
-129.08615,1,23078.067104,0,0,1,0,0
328.99729,1,23078.674731,0,0,0,0,1
328.826743,1,23079.15913,0,0,0,0,1
508.12022,29,23091.400578,0,0,1,0,0
337.93954,1,23091.810713,0,0,0,0,1
328.82862,1,23092.296674,0,0,0,0,1
328.93954,1,23092.697335,0,0,0,0,1
842.167908,40,23113.551298,0,0,1,0,0
336.90969,1,23115.593109,0,0,1,0,0
328.977188,1,23116.772245,0,0,0,0,1
328.778864,1,23117.258816,0,0,0,0,1
337.863408,1,23117.724725,0,0,0,0,1
540.904425,32,23289.857032,0,0,1,0,0
337.931002,1,23290.63214,0,0,0,0,1
328.873836,1,23291.85541,0,0,0,0,1
328.773494,1,23294.169083,0,0,1,0,0
202.504872,15,23299.628704,1,0,0,0,0
-132.895231,1,23414.009563,0,0,1,0,0
402.243365,16,24005.555511,0,0,1,0,0
-137.606449,5,24054.512562,0,0,1,0,0
-16.198209,6,24055.878084,0,0,1,0,0
-115.750309,3,24181.391692,0,0,1,0,0
-136.89954,5,24235.415562,0,0,1,0,0
705.334728,27,24822.854973,0,0,1,0,0
-9.084854,8,24824.170294,0,0,1,0,0
657.908903,10,24829.706103,0,0,0,0,1
337.920203,1,24831.590441,0,0,0,0,1
-125.35695,5,24898.391815,0,0,1,0,0
328.931002,1,24898.975683,0,0,0,0,1
373.109256,33,25611.207657,0,0,1,0,0
337.931002,1,25611.799765,0,0,0,0,1
337.90969,1,25613.896116,0,0,1,0,0
28.504419,9,25615.537772,0,0,1,0,0
1025.968501,41,25849.751678,0,0,1,0,0
835.593227,42,25890.553385,1,0,0,0,0
328.931002,1,25891.024908,0,0,0,0,1
328.881733,1,25893.161744,0,0,1,0,0
-115.011932,1,25894.500125,0,0,1,0,0
337.931002,1,25894.88377,0,0,0,0,1
328.846563,1,25896.009797,0,0,1,0,0
148.860563,11,26852.892111,0,0,1,0,0
-223.788942,12,26889.565663,0,0,1,0,0
145.357543,12,26891.814597,0,0,1,0,0
328.881733,1,26893.55924,0,0,1,0,0
682.066289,29,26898.091491,0,0,1,0,0
328.968284,1,26898.629025,0,0,0,0,1
65.141821,11,26930.14718,0,0,1,0,0
337.93954,1,26930.580469,0,0,0,0,1
285.844181,13,27629.707011,0,0,1,0,0
328.778864,1,27630.585294,0,0,0,0,1
-143.174471,6,27723.230974,0,0,1,0,0
337.800054,1,27723.718596,0,0,0,0,1
328.931002,1,27724.172998,0,0,0,0,1
343.092755,17,27728.559126,1,0,0,0,0
570.307011,35,27741.391511,0,0,1,0,0
864.819245,39,27759.241274,1,0,0,0,0
-16.454003,6,27760.51221,0,0,1,0,0
606.119829,27,27844.174904,0,0,1,0,0
27.767346,10,27928.464405,0,0,1,0,0
328.973918,1,27929.719728,0,0,0,0,1
163.180263,9,28087.271611,0,0,1,0,0
121.800003,11,28414.510711,0,0,1,0,0
328.931002,1,28415.149523,0,0,0,0,1
-199.603445,5,28417.575912,0,0,1,0,0
337.93954,1,28417.922897,0,0,0,0,1
337.931002,1,28418.355647,0,0,0,0,1
328.90969,1,28420.316749,0,0,1,0,0
328.920203,1,28427.422905,0,0,0,0,1
594.793783,21,29104.627491,0,0,1,0,0
328.90969,1,29106.8582,0,0,1,0,0
328.881733,1,29108.974507,0,0,1,0,0
-97.103298,2,29164.613208,0,0,1,0,0
328.99729,1,29165.478773,0,0,0,0,1
328.99729,1,29165.905723,0,0,0,0,1
-126.389863,1,29166.693961,0,0,1,0,0
328.968284,1,29167.248902,0,0,0,0,1
328.931002,1,29167.74823,0,0,0,0,1
328.863408,1,29168.230305,0,0,0,0,1
337.93954,1,29168.667938,0,0,0,0,1
411.190576,19,29178.679211,0,0,1,0,0
540.682187,25,29192.983054,1,0,0,0,0
39.144982,10,31330.339188,0,0,1,0,0
328.846563,1,31331.531259,0,0,1,0,0
1016.3604,44,31476.21092,0,0,1,0,0
496.722291,30,31480.077347,0,0,1,0,0
179.587866,12,31483.052045,0,0,1,0,0
328.82862,1,31483.506394,0,0,0,0,1
328.93954,1,31484.156468,0,0,0,0,1
1790.086268,67,32885.296226,0,0,1,0,0
321.129458,1,32887.266494,0,0,1,0,0
636.64666,36,32902.328711,0,0,1,0,0
-120.199809,6,32904.574992,0,0,1,0,0
-137.606449,5,32953.735549,0,0,1,0,0
328.800053,1,32954.255687,0,0,0,0,1
487.13484,37,33239.992833,0,0,1,0,0
331.077221,18,33249.153474,0,0,1,0,0
328.826743,1,33249.611097,0,0,0,0,1
-188.764995,5,33304.429288,0,0,1,0,0
176.592259,15,33310.817685,0,0,1,0,0
345.752311,18,33316.148989,0,0,1,0,0
864.309414,35,34350.212142,0,0,1,0,0
423.836351,25,34356.068278,0,0,1,0,0
328.831123,1,34356.618011,0,0,0,0,1
337.881734,1,34358.572017,0,0,1,0,0
328.881733,1,34360.792691,0,0,1,0,0
624.086438,24,37704.96799,0,0,1,0,0
337.863408,1,37705.508399,0,0,0,0,1
328.93954,1,37705.981315,0,0,0,0,1
328.826743,1,37706.699611,0,0,0,0,1
723.110147,35,37712.031498,0,0,1,0,0
896.268501,40,38441.166966,0,0,1,0,0
328.93954,1,38441.643312,0,0,0,0,1
452.537223,27,38553.681855,1,0,0,0,0
337.82862,1,38554.150189,0,0,0,0,1
328.846563,1,38555.782598,0,0,1,0,0
337.968284,1,38556.404828,0,0,0,0,1
328.859287,1,38556.974573,1,0,0,0,0
463.279534,18,38819.045837,0,0,1,0,0
1248.068543,55,39154.001481,0,0,1,0,0
328.82862,1,39160.203403,0,0,0,0,1
337.931003,1,39160.657702,0,0,0,0,1
329.673821,24,39176.01557,0,0,1,0,0
328.931002,1,39176.481297,0,0,0,0,1
340.260399,21,39184.639009,0,0,1,0,0
328.863408,1,39185.145725,0,0,0,0,1
328.931002,1,39185.621233,0,0,0,0,1
328.99729,1,39186.040097,0,0,0,0,1
328.846563,1,39187.202096,0,0,1,0,0
337.778863,1,39187.758141,0,0,0,0,1
337.800053,1,39188.230545,0,0,0,0,1
70.121451,11,39211.466284,0,0,1,0,0
337.863409,1,39212.099077,0,0,0,0,1
328.93954,1,39212.542642,0,0,0,0,1
337.938688,1,39214.198011,0,0,0,0,1
337.997291,1,39214.666184,0,0,0,0,1
1811.208896,65,40461.097425,0,0,1,0,0
691.532787,32,40511.590068,0,0,1,0,0
328.859287,1,40512.12526,1,0,0,0,0
1039.365449,48,40694.765666,1,0,0,0,0
328.99729,1,40695.325313,0,0,0,0,1
417.091935,21,40711.061582,0,0,1,0,0
328.920203,1,40713.041157,0,0,0,0,1
328.826743,1,40713.5199,0,0,0,0,1
1294.23711,57,40756.213619,1,0,0,0,0
328.99729,1,40756.72963,0,0,0,0,1
61.514257,14,40761.732815,0,0,1,0,0
-133.419669,4,40898.398216,0,0,1,0,0
337.931003,1,40898.959355,0,0,0,0,1
328.99729,1,40899.379162,0,0,0,0,1
337.931002,1,40899.967305,0,0,0,0,1
491.158527,20,68397.628112,0,0,1,0,0
337.881733,1,68399.821749,0,0,1,0,0
333.469831,18,69407.183625,0,0,1,0,0
502.919318,28,69452.661902,0,0,1,0,0
765.818956,35,69498.421184,0,0,1,0,0
328.852829,1,69499.204777,0,0,1,0,0
337.828619,1,69499.817416,0,0,0,0,1
-67.557778,4,69502.686309,0,0,1,0,0
566.989342,35,69513.442826,0,0,1,0,0
42.576558,10,70272.823136,0,0,1,0,0
328.931002,1,70273.294956,0,0,0,0,1
337.931001,1,70273.742031,0,0,0,0,1
163.708335,14,70299.653943,0,0,1,0,0
328.93954,1,70300.221499,0,0,0,0,1
328.863408,1,70300.86621,0,0,0,0,1
801.305753,29,70485.891239,0,0,1,0,0
328.968284,1,70486.44979,0,0,0,0,1
328.863408,1,70486.991498,0,0,0,0,1
337.888918,1,70487.652683,0,0,1,0,0
328.826743,1,70488.346741,0,0,0,0,1
328.859287,1,70489.213986,1,0,0,0,0
337.800055,1,70489.637681,0,0,0,0,1
328.881733,1,70491.521918,0,0,1,0,0
337.939541,1,70491.910111,0,0,0,0,1
328.99729,1,70492.347251,0,0,0,0,1
-132.738533,1,70494.921607,0,0,1,0,0
135.800895,10,70499.847861,0,0,1,0,0
307.846801,16,70507.522326,0,0,1,0,0
321.129458,1,70509.33549,0,0,1,0,0
522.987683,32,70546.260717,0,0,1,0,0
328.931002,1,70546.830508,0,0,0,0,1
328.778864,1,70547.520354,0,0,0,0,1
328.90969,1,70549.47802,0,0,1,0,0
-110.504301,4,70679.003664,0,0,1,0,0
328.909529,1,70679.611722,0,0,0,0,1
328.80893,1,70680.229899,0,0,0,0,1
-195.658756,7,70682.743832,0,0,1,0,0
337.800053,1,70683.101231,0,0,0,0,1
337.778865,1,70683.775784,0,0,0,0,1
328.800053,1,70684.230449,0,0,0,0,1
652.045823,30,70695.977259,1,0,0,0,0
-125.41823,5,71467.957133,0,0,1,0,0
12.276851,9,71469.81063,0,0,1,0,0
328.872892,1,71470.963389,0,0,0,0,1
328.93954,1,71471.356583,0,0,0,0,1
328.859287,1,71471.851716,1,0,0,0,0
-115.612191,3,71591.398568,0,0,1,0,0
328.846563,1,71592.644387,0,0,1,0,0
328.778864,1,71593.149268,0,0,0,0,1
328.778864,1,71593.657492,0,0,0,0,1
198.605195,15,71605.29457,0,0,1,0,0
337.931001,1,71605.770753,0,0,0,0,1
328.93954,1,71606.193094,0,0,0,0,1
909.215987,44,71649.912719,0,0,1,0,0
676.477244,37,71682.231144,0,0,1,0,0
620.487082,35,71688.917019,0,0,1,0,0
-129.071736,1,71691.120642,0,0,1,0,0
-199.603445,5,71693.541913,0,0,1,0,0
607.485335,34,71699.988746,0,0,1,0,0
328.852829,1,71700.692778,0,0,1,0,0
-17.026367,6,71701.997416,0,0,1,0,0
773.755354,35,71889.718466,0,0,1,0,0
374.545211,22,71897.919019,0,0,1,0,0
622.182959,10,71903.201477,0,0,0,0,1
328.826743,1,71903.696039,0,0,0,0,1
328.931002,1,71904.085047,0,0,0,0,1
650.917623,38,71917.836266,0,0,1,0,0
550.990148,25,72037.164207,0,0,1,0,0
87.534523,14,72041.368006,0,0,1,0,0
652.044532,31,72099.704555,0,0,1,0,0
22.432527,9,72101.210238,0,0,1,0,0
337.931001,1,72101.582312,0,0,0,0,1
215.119521,11,88308.028088,0,0,1,0,0
328.846563,1,88309.373517,0,0,1,0,0
328.800053,1,88309.802252,0,0,0,0,1
328.931002,1,88310.251735,0,0,0,0,1
337.773495,1,88312.563362,0,0,1,0,0
337.99729,1,88313.026314,0,0,0,0,1
328.99729,1,88313.579094,0,0,0,0,1
-198.663258,8,88316.633659,0,0,1,0,0
831.083218,36,88500.423285,0,0,1,0,0
328.931002,1,88501.10572,0,0,0,0,1
328.800053,1,88501.666448,0,0,0,0,1
328.931002,1,88502.242791,0,0,0,0,1
328.778864,1,88503.132179,0,0,0,0,1
337.931002,1,88503.633115,0,0,0,0,1
337.846564,1,88505.142358,0,0,1,0,0
116.227608,13,88540.953184,0,0,1,0,0
2.238007,9,89503.22365,0,0,1,0,0
264.982826,17,89511.213849,0,0,1,0,0
352.453777,16,89516.926253,0,0,1,0,0
337.931001,1,89517.337433,0,0,0,0,1
337.778864,1,89517.836317,0,0,0,0,1
328.99729,1,89518.275284,0,0,0,0,1
328.773494,1,89520.556205,0,0,1,0,0
337.826742,1,89520.999219,0,0,0,0,1
337.991637,1,89522.904456,0,0,0,0,1
-88.109228,2,89577.576825,0,0,1,0,0
-189.148474,5,89626.973587,0,0,1,0,0
328.931002,1,89627.411668,0,0,0,0,1
337.778864,1,89627.913188,0,0,0,0,1
527.572502,31,89659.024069,0,0,1,0,0
371.499062,16,90095.651379,0,0,1,0,0
688.046254,37,90106.804483,0,0,1,0,0
486.963796,23,90113.017689,1,0,0,0,0
328.863408,1,90113.553884,0,0,0,0,1
172.805551,10,90238.745014,0,0,1,0,0
504.080352,24,91229.148402,0,0,1,0,0
328.826743,1,91229.961459,0,0,0,0,1
850.431629,29,91523.109404,0,0,1,0,0
241.500205,17,91528.276106,0,0,1,0,0
641.111974,37,91570.01123,1,0,0,0,0
337.939541,1,91570.558275,0,0,0,0,1
-153.503281,3,91840.03752,0,0,1,0,0
-124.48069,5,91906.423974,0,0,1,0,0
337.826743,1,91906.904581,0,0,0,0,1
337.968286,1,91907.450953,0,0,0,0,1
232.303831,14,92858.640972,0,0,1,0,0
328.931002,1,92859.356501,0,0,0,0,1
328.909529,1,92859.775301,0,0,0,0,1
337.826741,1,92860.269039,0,0,0,0,1
328.931002,1,92860.676418,0,0,0,0,1
-191.523199,7,92863.184508,0,0,1,0,0
328.991637,1,92865.042979,0,0,0,0,1
321.129458,1,92867.160859,0,0,1,0,0
85.128163,12,92897.67606,0,0,1,0,0
858.212032,37,93559.452397,0,0,1,0,0
328.80893,1,93560.097821,0,0,0,0,1
-199.603445,5,93562.581849,0,0,1,0,0
328.881733,1,93564.260841,0,0,1,0,0
-8.416287,8,93566.113349,0,0,1,0,0
601.800193,26,93570.765606,0,0,1,0,0
226.324202,11,93693.660365,0,0,1,0,0
298.333404,24,93699.070431,0,0,1,0,0
309.615317,14,93841.055043,0,0,1,0,0
866.49979,38,93858.591808,0,0,1,0,0
789.715979,27,100449.458417,0,0,1,0,0
328.93954,1,100450.045317,0,0,0,0,1
627.371105,28,100461.378205,0,0,1,0,0
328.949776,1,100462.640071,0,0,0,0,1
328.863408,1,100463.122532,0,0,0,0,1
356.568688,17,100478.785909,0,0,1,0,0
369.525397,18,100500.373904,0,0,1,0,0
337.938688,1,100502.199475,0,0,0,0,1
847.300908,36,100518.9929,0,0,1,0,0
328.99729,1,100519.415574,0,0,0,0,1
337.863409,1,100519.912568,0,0,0,0,1
190.6699,16,100559.508229,0,0,1,0,0
-97.105345,2,100614.5295,0,0,1,0,0
82.680365,7,100875.587381,0,0,1,0,0
90.312461,12,100907.473981,0,0,1,0,0
328.888918,1,100907.920072,0,0,1,0,0
328.881733,1,100909.957879,0,0,1,0,0
218.62248,16,100937.899933,0,0,1,0,0
337.931002,1,100938.434302,0,0,0,0,1
-129.077552,1,100942.650609,0,0,1,0,0
-58.499473,4,100945.447365,0,0,1,0,0
568.683846,25,100958.029165,0,0,1,0,0
337.773495,1,100966.008779,0,0,1,0,0
1377.274605,56,101161.125934,0,0,1,0,0
157.392015,10,101164.344486,0,0,1,0,0
328.881733,1,101166.564458,0,0,1,0,0
499.060625,30,101170.389614,0,0,1,0,0
328.99729,1,101170.850899,0,0,0,0,1
231.732552,13,101343.726234,1,0,0,0,0
-140.777637,5,101417.450388,1,0,0,0,0
328.800053,1,101417.883835,0,0,0,0,1
328.846563,1,101419.040983,0,0,1,0,0
564.501355,32,101596.86393,0,0,1,0,0
328.99729,1,101597.452155,0,0,0,0,1
328.800053,1,101597.954597,0,0,0,0,1
337.881734,1,101599.913699,0,0,1,0,0
-140.777637,5,101674.757473,1,0,0,0,0
22.876482,9,101676.323646,0,0,1,0,0
8.436614,9,101707.802975,0,0,1,0,0
328.99729,1,101708.325395,0,0,0,0,1
-27.371789,7,101725.128527,0,0,1,0,0
-14.249206,8,102573.749455,0,0,1,0,0
725.282158,34,102673.429,0,0,1,0,0
-194.791882,9,102685.076829,0,0,1,0,0
324.080818,14,103279.106306,0,0,1,0,0
328.881733,1,103281.505344,0,0,1,0,0
193.04389,15,103314.053143,0,0,1,0,0
-148.429539,6,103405.6739,0,0,1,0,0
-132.641851,4,103543.154724,0,0,1,0,0
516.564605,31,103574.681805,0,0,1,0,0
794.082161,44,103598.300441,0,0,1,0,0
328.93954,1,103604.964481,0,0,0,0,1
49.561148,10,103614.687193,0,0,1,0,0
328.99729,1,103615.127826,0,0,0,0,1
-200.324367,5,103617.719795,0,0,1,0,0
23.384371,9,103619.22002,0,0,1,0,0
337.826743,1,103619.644736,0,0,0,0,1
328.826743,1,103620.132263,0,0,0,0,1
328.93954,1,103620.531466,0,0,0,0,1
84.604812,7,103681.517618,0,0,1,0,0
-132.922976,1,103793.55681,0,0,1,0,0
-139.838426,6,103885.246542,0,0,1,0,0
376.179951,37,105132.898229,0,0,1,0,0
711.21172,32,108548.585512,0,0,1,0,0
328.968284,1,108549.298899,0,0,0,0,1
337.93954,1,108549.793396,0,0,0,0,1
-140.999267,1,108682.325038,1,0,0,0,0
-241.504731,11,108709.602542,0,0,1,0,0
188.994484,11,108786.767618,0,0,1,0,0
592.819564,28,108891.668538,1,0,0,0,0
328.859287,1,108892.187173,1,0,0,0,0
306.620374,14,111929.435379,0,0,1,0,0
328.800053,1,111930.001105,0,0,0,0,1
119.449812,13,111935.571476,0,0,1,0,0
328.826743,1,111936.327796,0,0,0,0,1
328.931002,1,111936.763474,0,0,0,0,1
101.996217,17,112409.823885,0,0,1,0,0
328.863408,1,112410.614682,0,0,0,0,1
258.629614,15,112412.07946,0,0,1,0,0
337.93954,1,112412.468171,0,0,0,0,1
-137.693237,5,112506.319705,0,0,1,0,0
328.93954,1,112506.742522,0,0,0,0,1
14.253323,9,112508.471292,0,0,1,0,0
464.128231,24,112517.1998,0,0,1,0,0
-136.281887,6,112607.792006,0,0,1,0,0
729.763392,32,112688.734992,0,0,1,0,0
853.742121,37,112715.215611,0,0,1,0,0
483.056614,21,112718.511253,0,0,1,0,0
337.828619,1,112718.933184,0,0,0,0,1
328.931002,1,112719.381312,0,0,0,0,1
328.90969,1,112721.346365,0,0,1,0,0
328.931002,1,112727.712807,0,0,0,0,1
328.99729,1,112728.132343,0,0,0,0,1
328.800053,1,112728.605494,0,0,0,0,1
-200.728814,8,112731.173093,0,0,1,0,0
328.800053,1,112731.565904,0,0,0,0,1
344.325374,20,112737.308694,0,0,1,0,0
328.872273,1,112738.753916,0,0,0,0,1
53.008208,10,113259.380827,0,0,1,0,0
135.122367,13,113304.839956,0,0,1,0,0
337.93954,1,113305.371411,0,0,0,0,1
327.801686,14,113776.404883,0,0,1,0,0
202.504872,15,113781.665431,1,0,0,0,0
229.059471,15,113793.027033,0,0,1,0,0
328.938687,1,113794.818081,0,0,0,0,1
-124.489981,5,113867.484627,0,0,1,0,0
328.800053,1,113867.923947,0,0,0,0,1
328.968284,1,113868.563287,0,0,0,0,1
328.778864,1,113869.162056,0,0,0,0,1
328.778864,1,113869.713375,0,0,0,0,1
328.846563,1,113870.96541,0,0,1,0,0
328.881733,1,113872.960547,0,0,1,0,0
337.826742,1,113873.437743,0,0,0,0,1
328.931002,1,113873.874876,0,0,0,0,1
583.377016,35,113878.969397,1,0,0,0,0
328.881733,1,113880.948192,0,0,1,0,0
-126.96345,3,113991.697639,0,0,1,0,0
328.947109,1,113993.296273,0,0,0,0,1
328.931002,1,113993.747392,0,0,0,0,1
337.881733,1,113995.685399,0,0,1,0,0
414.328543,22,114001.274143,1,0,0,0,0
-14.47802,8,114023.689907,0,0,1,0,0
337.93954,1,114024.19784,0,0,0,0,1
595.324814,29,114053.781306,0,0,1,0,0
743.894199,36,114427.62425,0,0,1,0,0
844.576911,40,114470.929971,1,0,0,0,0
328.968284,1,114471.59607,0,0,0,0,1
337.920202,1,114473.682168,0,0,0,0,1
328.881733,1,114475.728786,0,0,1,0,0
337.800052,1,114476.143639,0,0,0,0,1
328.99729,1,114476.5897,0,0,0,0,1
307.986767,17,114582.210665,0,0,1,0,0
328.93954,1,114582.693395,0,0,0,0,1
328.920203,1,114584.57175,0,0,0,0,1
328.881733,1,114586.676127,0,0,1,0,0
744.705349,13,114912.199136,0,0,0,0,1
14.701577,9,114930.283182,0,0,1,0,0
-122.200693,7,115005.7985,0,0,1,0,0
305.107394,14,115039.466748,1,0,0,0,0
328.82862,1,115039.992838,0,0,0,0,1
2.813107,9,115886.816645,0,0,1,0,0
337.826744,1,115887.46768,0,0,0,0,1
328.881733,1,115889.438498,0,0,1,0,0
141.733671,11,116842.625645,0,0,1,0,0
328.873836,1,116844.082029,0,0,0,0,1
328.931002,1,116844.501941,0,0,0,0,1
357.719355,27,116875.580486,0,0,1,0,0
-145.390787,3,117143.579662,0,0,1,0,0
658.582444,33,117273.12498,0,0,1,0,0
62.713069,10,117325.976986,0,0,1,0,0
328.826743,1,117326.474108,0,0,0,0,1
-132.312648,5,117406.979304,1,0,0,0,0
585.956449,32,117577.985955,0,0,1,0,0
686.17361,29,117712.87464,0,0,1,0,0
328.90969,1,117714.859459,0,0,1,0,0
328.99729,1,117715.269822,0,0,0,0,1
328.991637,1,117717.301268,0,0,0,0,1
-147.730623,6,117809.091667,0,0,1,0,0
328.863408,1,117809.601693,0,0,0,0,1
337.881733,1,117811.388103,0,0,1,0,0
328.800053,1,117811.804962,0,0,0,0,1
457.250903,23,117823.977626,0,0,1,0,0
94.331548,11,117844.454872,0,0,1,0,0
328.93954,1,117844.921495,0,0,0,0,1
-151.811284,7,118292.295314,0,0,1,0,0
328.826743,1,118292.98217,0,0,0,0,1
839.978448,39,118301.942578,1,0,0,0,0
171.963804,9,118611.152324,0,0,1,0,0
-153.517286,7,119056.868673,0,0,1,0,0
337.800053,1,119057.514099,0,0,0,0,1
328.881733,1,119059.513786,0,0,1,0,0
-67.623137,4,119062.256672,0,0,1,0,0
414.954686,18,119082.482161,0,0,1,0,0
192.230608,14,119085.213428,0,0,1,0,0
328.826743,1,119085.73386,0,0,0,0,1
267.485733,32,119094.399159,0,0,1,0,0
591.276482,29,119136.891306,1,0,0,0,0
337.846564,1,119138.000797,0,0,1,0,0
638.494519,28,119149.994484,0,0,1,0,0
337.931001,1,119156.526691,0,0,0,0,1
328.931002,1,119156.979242,0,0,0,0,1
330.129458,1,119158.944326,0,0,1,0,0
-132.738533,1,119161.61388,0,0,1,0,0
337.863409,1,119162.14267,0,0,0,0,1
-124.959584,5,119228.581543,0,0,1,0,0
328.931002,1,119228.994343,0,0,0,0,1
321.129458,1,119230.721729,0,0,1,0,0
-6.141637,8,120390.498525,0,0,1,0,0
-150.985827,7,120837.977342,0,0,1,0,0
355.20203,16,120954.875226,0,0,1,0,0
297.965532,20,120988.087635,0,0,1,0,0
327.047392,18,121083.360354,0,0,1,0,0
-140.958486,5,121159.783949,1,0,0,0,0
328.859287,1,121160.264977,1,0,0,0,0
328.90969,1,121162.260065,0,0,1,0,0
328.931002,1,121162.764189,0,0,0,0,1
328.800053,1,121163.322678,0,0,0,0,1
-129.071736,1,121165.661077,0,0,1,0,0
-116.107084,3,121286.834296,0,0,1,0,0
303.986598,15,121784.781138,0,0,1,0,0
234.468446,11,122468.208385,0,0,1,0,0
389.497211,18,122533.625997,0,0,1,0,0
337.863409,1,122534.07352,0,0,0,0,1
328.826743,1,122534.579828,0,0,0,0,1
328.778864,1,122535.329441,0,0,0,0,1
328.93954,1,122535.782116,0,0,0,0,1
328.888918,1,122536.481882,0,0,1,0,0
337.826743,1,122536.969109,0,0,0,0,1
328.931002,1,122537.386504,0,0,0,0,1
328.881733,1,122539.116861,0,0,1,0,0
328.778864,1,122539.605172,0,0,0,0,1
141.199588,13,122570.425272,0,0,1,0,0
-126.996194,3,122673.399285,1,0,0,0,0
-133.808977,4,122814.98205,0,0,1,0,0
337.89774,36,122829.948947,0,0,1,0,0
-72.716883,7,123052.288873,0,0,1,0,0
195.800747,12,123056.999727,0,0,1,0,0
-124.011808,1,123058.404608,0,0,1,0,0
328.826743,1,123058.881092,0,0,0,0,1
328.90969,1,123060.863743,0,0,1,0,0
499.71337,23,123082.307457,1,0,0,0,0
337.778864,1,123082.848954,0,0,0,0,1
395.538831,28,123097.663013,1,0,0,0,0
-147.99551,6,123189.515256,0,0,1,0,0
328.977391,1,123190.870684,0,0,0,0,1
616.078788,33,123202.563785,0,0,1,0,0
328.859287,1,123203.116425,1,0,0,0,0
321.129458,1,123205.276877,0,0,1,0,0
328.800053,1,123205.724623,0,0,0,0,1
-122.145916,7,123280.971372,0,0,1,0,0
337.863409,1,123281.415991,0,0,0,0,1
328.826743,1,123281.942187,0,0,0,0,1
-132.738533,1,123284.594991,0,0,1,0,0
337.909528,1,123285.073302,0,0,0,0,1
328.773494,1,123287.362221,0,0,1,0,0
639.794838,28,123373.213643,1,0,0,0,0
815.590452,31,124232.948241,0,0,1,0,0
1037.236116,44,125014.346646,0,0,1,0,0
328.826743,1,125014.981385,0,0,0,0,1
1050.19923,50,125185.019636,1,0,0,0,0
333.826287,19,125732.358901,0,0,1,0,0
328.931002,1,125733.032254,0,0,0,0,1
127.963447,13,125777.89017,0,0,1,0,0
328.93954,1,125778.477405,0,0,0,0,1
-186.993547,5,125827.441353,0,0,1,0,0
-122.145916,7,125905.392193,0,0,1,0,0
486.705449,25,125911.208748,1,0,0,0,0
328.826743,1,125911.765832,0,0,0,0,1
65.594348,11,128165.918938,0,0,1,0,0
1291.269174,61,128208.058357,1,0,0,0,0
-124.076219,3,128328.720093,0,0,1,0,0
-147.948558,6,128419.958607,0,0,1,0,0
337.863407,1,128420.6752,0,0,0,0,1
-138.16465,5,128470.322801,0,0,1,0,0
441.40747,21,128571.750957,0,0,1,0,0
541.19122,25,128584.711872,1,0,0,0,0
1585.366369,67,128688.92219,0,0,1,0,0
328.82862,1,128689.55927,0,0,0,0,1
437.820317,27,128701.879358,0,0,1,0,0
-108.703352,6,128777.836848,0,0,1,0,0
1095.601587,53,129135.940882,0,0,1,0,0
555.946573,34,129155.999367,0,0,1,0,0
-124.011808,1,129157.769701,0,0,1,0,0
-116.131668,3,129279.21509,0,0,1,0,0
337.93954,1,129279.762526,0,0,0,0,1
-128.301521,6,129370.737466,0,0,1,0,0
328.90969,1,129372.817365,0,0,1,0,0
609.431641,29,129384.008806,0,0,1,0,0
328.826743,1,129384.491199,0,0,0,0,1
328.846563,1,129385.735383,0,0,1,0,0
337.931,1,129386.170671,0,0,0,0,1
-108.122235,2,129386.932103,0,0,1,0,0
2.668605,9,131925.652587,0,0,1,0,0
337.99729,1,131926.188688,0,0,0,0,1
328.931002,1,131926.643802,0,0,0,0,1
328.826743,1,131927.166483,0,0,0,0,1
354.897007,17,131964.106863,0,0,1,0,0
335.42401,19,131967.22736,1,0,0,0,0
88.475525,14,131977.394137,0,0,1,0,0
-88.07729,2,132032.303727,0,0,1,0,0
927.47321,47,132059.50257,1,0,0,0,0
-124.011808,1,132060.974234,0,0,1,0,0
337.931002,1,132061.397579,0,0,0,0,1
573.301536,21,132752.171447,0,0,1,0,0
834.748705,38,132758.659543,0,0,1,0,0
656.794235,29,132786.610152,0,0,1,0,0
337.778863,1,132787.174286,0,0,0,0,1
328.800053,1,132787.662031,0,0,0,0,1
283.769738,14,132791.749688,0,0,1,0,0
522.518684,22,132908.462155,0,0,1,0,0
202.504872,15,132913.653616,1,0,0,0,0
-108.122235,2,132914.42555,0,0,1,0,0
482.761346,23,132925.737122,1,0,0,0,0
328.93954,1,132926.180963,0,0,0,0,1
328.82862,1,132926.676272,0,0,0,0,1
328.931002,1,132927.128715,0,0,0,0,1
286.901185,15,132947.030985,0,0,1,0,0
-115.34364,2,132948.150468,0,0,1,0,0
328.931002,1,132948.556912,0,0,0,0,1
111.778792,13,132965.830967,0,0,1,0,0
-71.289263,7,133189.215001,0,0,1,0,0
-132.738533,1,133191.986492,0,0,1,0,0
784.565241,33,133278.033973,0,0,1,0,0
701.904097,30,133286.875143,1,0,0,0,0
584.283877,31,133325.857272,0,0,1,0,0
328.93954,1,133326.577332,0,0,0,0,1
-198.663258,8,133329.1,0,0,1,0,0
-199.05525,5,133331.417921,0,0,1,0,0
328.93954,1,133331.766501,0,0,0,0,1
77.681529,11,133341.329192,0,0,1,0,0
-123.902032,7,133416.890517,0,0,1,0,0
-206.565173,5,133483.642682,0,0,1,0,0
-132.903777,1,133595.762214,0,0,1,0,0
282.173069,12,134050.737096,0,0,1,0,0
639.928734,10,134056.655067,0,0,0,0,1
328.968284,1,134063.1939,0,0,0,0,1
328.93954,1,134063.695609,0,0,0,0,1
328.99729,1,134064.167181,0,0,0,0,1
337.826743,1,134064.706433,0,0,0,0,1
614.930963,27,134199.141967,0,0,1,0,0
328.863408,1,134199.63013,0,0,0,0,1
-6.325008,8,134216.342077,0,0,1,0,0
328.826743,1,134216.988499,0,0,0,0,1
-119.019208,8,134293.151654,0,0,1,0,0
328.881733,1,134295.077497,0,0,1,0,0
-7.607246,8,136673.918827,0,0,1,0,0
747.999866,32,136758.406377,0,0,1,0,0
5.653303,9,138189.082217,0,0,1,0,0
337.931003,1,138189.601416,0,0,0,0,1
337.931001,1,138190.037344,0,0,0,0,1
464.63316,23,138201.506317,1,0,0,0,0
337.931001,1,138202.061925,0,0,0,0,1
328.931002,1,138202.609657,0,0,0,0,1
843.987465,39,138214.038226,0,0,1,0,0
-214.537486,16,138267.155798,0,0,1,0,0
328.82862,1,138267.719404,0,0,0,0,1
393.589451,19,138331.827321,0,0,1,0,0
337.881734,1,138333.962818,0,0,1,0,0
328.975662,1,138335.215834,0,0,0,0,1
328.968284,1,138335.804751,0,0,0,0,1
328.99729,1,138336.327897,0,0,0,0,1
328.93954,1,138336.811933,0,0,0,0,1
328.859287,1,138337.459132,1,0,0,0,0
413.879638,29,138355.724902,0,0,1,0,0
-137.158908,6,138449.683538,0,0,1,0,0
337.778863,1,138450.283425,0,0,0,0,1
90.351084,12,138473.943777,0,0,1,0,0
-187.483868,5,138530.772827,0,0,1,0,0
-200.717934,8,138533.741926,0,0,1,0,0
-248.199242,12,139386.583131,0,0,1,0,0
410.679971,19,139388.512636,0,0,1,0,0
328.778864,1,139389.048828,0,0,0,0,1
53.323715,10,139398.903198,0,0,1,0,0
337.800055,1,139399.363243,0,0,0,0,1
328.931002,1,139399.817424,0,0,0,0,1
337.778864,1,139400.348413,0,0,0,0,1
-72.230249,6,139715.05135,0,0,1,0,0
551.569812,27,139802.310499,0,0,1,0,0
-190.102601,8,139807.140175,0,0,1,0,0
337.881734,1,139810.447257,0,0,1,0,0
651.716727,10,140542.979844,0,0,0,0,1
176.27145,9,141057.413697,0,0,1,0,0
846.354069,35,142213.494098,0,0,1,0,0
-147.645212,6,142313.04862,0,0,1,0,0
81.172334,11,142322.723117,0,0,1,0,0
612.025174,9,142327.487266,0,0,0,0,1
614.990119,34,142332.997818,0,0,1,0,0
50.125258,10,142343.201969,0,0,1,0,0
337.826743,1,142343.815746,0,0,0,0,1
337.968283,1,142344.463943,0,0,0,0,1
1189.697748,46,142393.328239,0,0,1,0,0
328.90969,1,142395.54862,0,0,1,0,0
316.31415,16,142398.399826,0,0,1,0,0
-38.378607,7,142419.694521,0,0,1,0,0
337.888918,1,142420.270448,0,0,1,0,0
328.778864,1,142420.849488,0,0,0,0,1
-127.199098,3,142584.619332,1,0,0,0,0
328.931002,1,142585.23126,0,0,0,0,1
328.846563,1,142586.421952,0,0,1,0,0
583.682768,28,142616.791863,0,0,1,0,0
328.859287,1,142617.302562,1,0,0,0,0
222.64856,16,142651.650017,0,0,1,0,0
542.836733,30,142670.463604,0,0,1,0,0
328.778864,1,142671.448071,0,0,0,0,1
625.165699,27,142691.047937,0,0,1,0,0
574.331099,27,142729.375574,0,0,1,0,0
152.4886,17,142741.557337,0,0,1,0,0
328.93954,1,142742.407276,0,0,0,0,1
328.931002,1,142743.246571,0,0,0,0,1
338.94589,18,142913.833269,0,0,1,0,0
766.933561,36,142957.895302,0,0,1,0,0
457.690542,23,142970.5895,0,0,1,0,0
208.680349,13,142975.314104,0,0,1,0,0
328.826743,1,142976.167728,0,0,0,0,1
506.515705,23,143123.226377,0,0,1,0,0
328.931002,1,143124.131536,0,0,0,0,1
103.796908,12,143191.659083,0,0,1,0,0
590.237707,24,143213.64289,0,0,1,0,0
328.931002,1,143214.057778,0,0,0,0,1
-42.804218,7,143240.222707,0,0,1,0,0
337.88892,1,143240.807716,0,0,1,0,0
-115.506175,2,143241.725886,0,0,1,0,0
-6.846413,8,143258.915324,0,0,1,0,0
328.931002,1,143259.628897,0,0,0,0,1
328.773494,1,143261.905877,0,0,1,0,0
658.651112,29,143265.331924,1,0,0,0,0
328.800053,1,143265.754468,0,0,0,0,1
328.778864,1,143266.262841,0,0,0,0,1
488.994669,21,143274.405822,0,0,1,0,0
337.931003,1,143274.780792,0,0,0,0,1
436.280247,22,143305.363369,0,0,1,0,0
328.93954,1,143305.792962,0,0,0,0,1
328.93954,1,143306.3311,0,0,0,0,1
367.862167,19,143320.24906,0,0,1,0,0
-108.16604,2,143320.996737,1,0,0,0,0
328.82862,1,143321.490673,0,0,0,0,1
328.82862,1,143321.97151,0,0,0,0,1
743.151601,40,143327.429972,0,0,1,0,0
328.846563,1,143328.594037,0,0,1,0,0
328.778864,1,143329.205373,0,0,0,0,1
328.852829,1,143330.004298,0,0,1,0,0
328.931002,1,143330.445851,0,0,0,0,1
-137.606449,5,143379.46401,0,0,1,0,0
328.93954,1,143379.973025,0,0,0,0,1
-133.502645,4,143523.090291,0,0,1,0,0
1174.16562,60,143714.473318,0,0,1,0,0
136.237764,14,143732.630112,0,0,1,0,0
-188.893967,9,143744.739953,0,0,1,0,0
-133.624696,4,143884.144878,0,0,1,0,0
664.736006,38,143896.262971,0,0,1,0,0
337.800053,1,143896.790343,0,0,0,0,1
283.769453,16,143902.518884,0,0,1,0,0
328.778864,1,143903.079972,0,0,0,0,1
328.99729,1,143903.540717,0,0,0,0,1
328.931002,1,143903.997575,0,0,0,0,1
328.846563,1,143905.152691,0,0,1,0,0
-124.011808,1,143906.575145,0,0,1,0,0
337.931001,1,143906.980689,0,0,0,0,1
1067.288021,41,143926.134174,0,0,1,0,0
-126.968238,3,144030.987142,1,0,0,0,0
328.800053,1,144031.588869,0,0,0,0,1
328.99729,1,144032.055348,0,0,0,0,1
967.217302,46,144108.455788,0,0,1,0,0
330.129458,1,144109.978631,0,0,1,0,0
749.213682,33,144152.331036,0,0,1,0,0
344.781055,21,144161.119196,0,0,1,0,0
289.288306,14,144170.70366,0,0,1,0,0
732.553305,32,144177.738583,0,0,1,0,0
328.99729,1,144178.182452,0,0,0,0,1
-132.413127,4,144315.724955,0,0,1,0,0
337.939541,1,144316.386487,0,0,0,0,1
337.99729,1,144316.840688,0,0,0,0,1
695.506696,30,144334.319086,0,0,1,0,0
919.844853,39,144339.989953,0,0,1,0,0
337.826743,1,144340.493518,0,0,0,0,1
328.773494,1,144342.756376,0,0,1,0,0
337.852828,1,144343.472911,0,0,1,0,0
52.967432,10,144352.54893,0,0,1,0,0
328.859287,1,144353.053903,1,0,0,0,0
737.970323,34,144382.566435,0,0,1,0,0
321.129458,1,144384.716008,0,0,1,0,0
35.630135,10,144468.459459,0,0,1,0,0
-129.071736,1,144470.909457,0,0,1,0,0
337.931003,1,144471.42578,0,0,0,0,1
12.802759,9,144473.46284,0,0,1,0,0
-206.565173,5,144541.010926,0,0,1,0,0
-132.738533,1,144543.968376,0,0,1,0,0
596.945381,25,144601.977778,1,0,0,0,0
226.055387,12,145006.116121,0,0,1,0,0
328.863408,1,145006.735077,0,0,0,0,1
-10.078188,8,145038.793336,0,0,1,0,0
328.931002,1,145039.456797,0,0,0,0,1
328.93954,1,145039.992718,0,0,0,0,1
328.881733,1,145042.062464,0,0,1,0,0
337.99729,1,145042.488993,0,0,0,0,1
1033.040333,42,145304.387466,0,0,1,0,0
337.778864,1,145305.063968,0,0,0,0,1
328.859287,1,145305.634859,1,0,0,0,0
337.778863,1,145306.208092,0,0,0,0,1
328.800053,1,145306.663642,0,0,0,0,1
-132.738533,1,145309.583038,0,0,1,0,0
-6.846413,8,145326.5949,0,0,1,0,0
328.80893,1,145327.22491,0,0,0,0,1
561.160022,32,145508.176141,0,0,1,0,0
328.800053,1,145508.755033,0,0,0,0,1
95.349231,12,145536.107518,0,0,1,0,0
337.778864,1,145536.821747,0,0,0,0,1
328.778864,1,145537.397716,0,0,0,0,1
66.84034,10,145544.59259,0,0,1,0,0
337.778864,1,145545.167422,0,0,0,0,1
249.524485,14,145551.372853,0,0,1,0,0
95.655503,11,145556.844332,0,0,1,0,0
202.504872,15,145562.367907,1,0,0,0,0
328.800053,1,145562.852897,0,0,0,0,1
122.563308,12,145572.036278,0,0,1,0,0
33.394118,10,145655.436693,0,0,1,0,0
337.86341,1,145655.920546,0,0,0,0,1
328.846563,1,145657.136419,0,0,1,0,0
220.047284,13,145661.391907,0,0,1,0,0
337.997288,1,145661.879743,0,0,0,0,1
-10.641833,8,145699.116384,0,0,1,0,0
328.800053,1,145699.703326,0,0,0,0,1
-9.76652,8,145701.068254,0,0,1,0,0
1152.904285,49,145713.889473,0,0,1,0,0
1215.414744,48,145721.126885,0,0,1,0,0
-130.330832,5,145814.723822,0,0,1,0,0
328.99729,1,145815.235375,0,0,0,0,1
-18.773224,6,145816.623765,0,0,1,0,0
217.962669,13,145818.61191,1,0,0,0,0
328.826743,1,145819.05708,0,0,0,0,1
328.93954,1,145819.470097,0,0,0,0,1
328.778864,1,145820.013011,0,0,0,0,1
328.863408,1,145820.528564,0,0,0,0,1
661.093752,42,145827.988599,0,0,1,0,0
361.605012,18,145858.858722,0,0,1,0,0
492.457612,21,146302.440664,0,0,1,0,0
1485.357155,62,146354.097547,0,0,1,0,0
457.637413,17,148663.866273,0,0,1,0,0
795.785197,37,148697.52947,0,0,1,0,0
337.800052,1,148698.175014,0,0,0,0,1
394.293413,19,148705.63444,0,0,1,0,0
337.93954,1,148706.083705,0,0,0,0,1
328.93954,1,148706.527377,0,0,0,0,1
-206.565173,5,148773.177543,0,0,1,0,0
1351.537317,60,149002.448822,0,0,1,0,0
326.641897,18,149025.904082,0,0,1,0,0
390.993198,17,149051.929294,0,0,1,0,0
-140.777637,5,149130.02356,1,0,0,0,0
328.93954,1,149130.486423,0,0,0,0,1
525.513272,22,149135.902179,0,0,1,0,0
337.90969,1,149137.932996,0,0,1,0,0
328.881733,1,149140.002668,0,0,1,0,0
-115.363386,2,149140.847086,0,0,1,0,0
-136.678241,6,149232.793252,0,0,1,0,0
337.881734,1,149235.010101,0,0,1,0,0
127.884435,8,149551.642563,0,0,1,0,0
16.229913,9,149584.329121,0,0,1,0,0
328.99729,1,149584.82146,0,0,0,0,1
265.171493,13,151979.6084,0,0,1,0,0
271.519696,15,152014.625005,0,0,1,0,0
891.14172,36,152161.082531,0,0,1,0,0
-151.800564,7,152496.860608,0,0,1,0,0
328.945262,1,152498.462259,0,0,0,0,1
609.612824,24,152591.02754,0,0,1,0,0
676.461002,30,152681.885711,0,0,1,0,0
337.831123,1,152682.345289,0,0,0,0,1
328.831123,1,152682.849735,0,0,0,0,1
328.968284,1,152683.484503,0,0,0,0,1
649.909962,54,154720.990474,0,0,1,0,0
845.386342,42,154938.77741,0,0,1,0,0
321.129458,1,154941.151244,0,0,1,0,0
-27.442622,4,154943.341887,0,0,1,0,0
328.881733,1,154945.331193,0,0,1,0,0
299.939908,18,154948.309031,0,0,1,0,0
337.881734,1,154950.739669,0,0,1,0,0
328.93954,1,154951.170149,0,0,0,0,1
328.859287,1,154951.712403,1,0,0,0,0
328.863408,1,154952.22982,0,0,0,0,1
337.778864,1,154952.815679,0,0,0,0,1
-195.389786,9,154964.588952,0,0,1,0,0
1398.976037,39,154981.817525,0,0,0,0,1
-97.103186,2,155039.130914,0,0,1,0,0
195.796513,12,155045.386424,0,0,1,0,0
1402.412101,55,155127.961315,0,0,1,0,0
-122.145916,7,155212.30464,0,0,1,0,0
496.97412,24,155223.63453,1,0,0,0,0
-115.362118,2,155224.497944,0,0,1,0,0
337.82862,1,155224.961081,0,0,0,0,1
328.909529,1,155225.425325,0,0,0,0,1
72.026105,11,155738.646946,0,0,1,0,0
328.826743,1,155739.117893,0,0,0,0,1
328.90969,1,155741.070409,0,0,1,0,0
337.826743,1,155741.552857,0,0,0,0,1
328.93954,1,155741.99696,0,0,0,0,1
802.556218,28,156320.0459,0,0,1,0,0
328.920203,1,156321.959832,0,0,0,0,1
1069.03532,44,156360.532739,0,0,1,0,0
-97.103298,2,156416.537701,0,0,1,0,0
61.514257,14,156422.185532,0,0,1,0,0
-44.844908,4,156426.003258,0,0,1,0,0
-88.102405,2,156481.17863,0,0,1,0,0
61.514257,14,156486.808549,0,0,1,0,0
337.831122,1,156487.352234,0,0,0,0,1
328.863408,1,156487.856148,0,0,0,0,1
437.776486,18,157014.133646,0,0,1,0,0
328.778864,1,157014.870714,0,0,0,0,1
337.826743,1,157015.415486,0,0,0,0,1
328.778864,1,157015.958056,0,0,0,0,1
1321.221737,57,157087.031298,0,0,1,0,0
242.129608,15,157098.582559,0,0,1,0,0
448.155903,23,157127.059053,0,0,1,0,0
495.51036,31,157141.388885,0,0,1,0,0
-198.742279,8,157144.086257,0,0,1,0,0
886.914762,39,157251.063207,0,0,1,0,0
482.197546,31,157264.700998,0,0,1,0,0
657.296299,28,157274.222513,1,0,0,0,0
321.129458,1,157276.413095,0,0,1,0,0
596.255302,27,157761.399633,0,0,1,0,0
328.931002,1,157762.009538,0,0,0,0,1
1237.328332,61,157779.979599,0,0,1,0,0
98.716005,16,157788.971205,0,0,1,0,0
91.258488,12,157817.29571,0,0,1,0,0
-139.611378,4,158089.10311,0,0,1,0,0
337.99729,1,158090.059702,0,0,0,0,1
41.726719,10,160354.133861,0,0,1,0,0
328.968284,1,160354.744655,0,0,0,0,1
5.727264,9,160386.776195,0,0,1,0,0
328.99729,1,160387.286325,0,0,0,0,1
337.778864,1,160387.850203,0,0,0,0,1
-17.562277,6,160389.257232,0,0,1,0,0
328.826743,1,160389.881178,0,0,0,0,1
337.826741,1,160390.383219,0,0,0,0,1
328.977188,1,160391.657422,0,0,0,0,1
-28.076178,4,160394.244601,0,0,1,0,0
-126.388102,1,160394.988324,0,0,1,0,0
328.852829,1,160395.808334,0,0,1,0,0
328.931002,1,160396.261441,0,0,0,0,1
321.129458,1,160398.522149,0,0,1,0,0
48.990839,10,160413.902694,0,0,1,0,0
603.105505,29,160592.443885,0,0,1,0,0
843.885616,46,160598.653915,0,0,1,0,0
74.822016,11,161124.408432,0,0,1,0,0
328.99729,1,161124.877176,0,0,0,0,1
328.881733,1,161126.873965,0,0,1,0,0
328.920203,1,90.648165,0,0,0,0,1
337.93954,1,111.370803,0,0,0,0,1
328.800053,1,112.053934,0,0,0,0,1
328.863408,1,112.731714,0,0,0,0,1
622.142873,30,117.842076,0,0,1,0,0
-67.535716,4,118.85128,0,0,1,0,0
328.90969,1,119.36567,0,0,1,0,0
328.826743,1,120.087101,0,0,0,0,1
321.129458,1,124.988368,0,0,1,0,0
455.252282,28,152.073424,0,0,1,0,0
513.974494,32,155.783319,0,0,1,0,0
564.466986,29,160.674199,0,0,1,0,0
274.8609,19,162.838228,0,0,1,0,0
613.172229,26,166.932487,0,0,1,0,0
651.399213,28,174.168925,1,0,0,0,0
761.204303,38,179.271224,0,0,1,0,0
673.832703,32,182.763757,0,0,1,0,0
328.863408,1,42.258182,0,0,0,0,1
-154.586123,6,110.619854,0,0,1,0,0
662.24442,27,114.924474,0,0,1,0,0
585.320416,34,125.399873,0,0,1,0,0
84.977169,12,128.063921,0,0,1,0,0
649.746161,30,157.025083,0,0,1,0,0
328.90969,1,158.494898,0,0,1,0,0
328.99729,1,159.396193,0,0,0,0,1
-158.034737,4,162.922481,0,0,1,0,0
328.968284,1,163.673026,0,0,0,0,1
328.863408,1,164.067963,0,0,0,0,1
328.968284,1,164.270454,0,0,0,0,1
282.504852,15,167.734554,0,0,1,0,0
328.859287,1,172.823261,1,0,0,0,0
328.90969,1,173.210664,0,0,1,0,0
300.555291,20,176.210889,0,0,1,0,0
482.411005,21,178.361946,0,0,1,0,0
328.931002,1,179.228201,0,0,0,0,1
337.931002,1,179.720819,0,0,0,0,1
328.93954,1,180.362954,0,0,0,0,1
328.800053,1,181.001884,0,0,0,0,1
337.997289,1,181.482967,0,0,0,0,1
328.888918,1,181.882065,0,0,1,0,0
562.454823,24,187.148123,0,0,1,0,0
337.826742,1,187.841141,0,0,0,0,1
328.773494,1,188.700304,0,0,1,0,0
328.863408,1,188.887741,0,0,0,0,1
328.931002,1,189.330624,0,0,0,0,1
328.93954,1,189.839159,0,0,0,0,1
328.826743,1,190.079364,0,0,0,0,1
1397.546766,56,204.634972,0,0,1,0,0
328.968284,1,204.837714,0,0,0,0,1
493.09577,25,209.156699,1,0,0,0,0
-132.738533,1,209.757403,0,0,1,0,0
337.931001,1,210.123352,0,0,0,0,1
490.156385,21,221.14017,0,0,1,0,0
434.581846,24,223.388543,0,0,1,0,0
337.778863,1,223.756947,0,0,0,0,1
337.778865,1,224.271731,0,0,0,0,1
328.90969,1,224.804173,0,0,1,0,0
328.778864,1,225.220393,0,0,0,0,1
337.800053,1,225.545685,0,0,0,0,1
518.278104,34,234.587327,0,0,1,0,0
286.237036,16,237.576875,1,0,0,0,0
337.826743,1,237.818429,0,0,0,0,1
337.931002,1,238.306952,0,0,0,0,1
64.326839,11,240.78217,0,0,1,0,0
-153.725829,3,244.158137,0,0,1,0,0
328.826743,1,244.451095,0,0,0,0,1
337.939539,1,244.814941,0,0,0,0,1
-58.483466,4,245.488754,0,0,1,0,0
328.947109,1,245.94145,0,0,0,0,1
685.786839,31,248.961533,1,0,0,0,0
321.129458,1,250.455384,0,0,1,0,0
956.05581,40,258.055418,0,0,1,0,0
337.800053,1,258.310567,0,0,0,0,1
512.746439,26,262.0825,1,0,0,0,0
328.99729,1,262.439027,0,0,0,0,1
771.755785,37,280.061614,0,0,1,0,0
328.931002,1,280.206135,0,0,0,0,1
337.939539,1,280.382856,0,0,0,0,1
328.968284,1,280.875607,0,0,0,0,1
553.493298,26,285.300555,0,0,1,0,0
337.881733,1,285.960882,0,0,1,0,0
405.652956,18,288.675063,0,0,1,0,0
65.26535,13,290.508281,0,0,1,0,0
337.881733,1,291.054748,0,0,1,0,0
800.284935,37,295.163881,0,0,1,0,0
328.87308,1,295.660344,0,0,0,0,1
328.931002,1,295.988999,0,0,0,0,1
328.800053,1,296.321139,0,0,0,0,1
328.93954,1,296.764518,0,0,0,0,1
777.972546,34,299.818902,1,0,0,0,0
-148.098336,6,307.046738,0,0,1,0,0
22.432527,9,307.74072,0,0,1,0,0
-137.90815,5,309.800617,1,0,0,0,0
328.931002,1,309.953784,0,0,0,0,1
410.872557,20,312.654858,0,0,1,0,0
337.800054,1,312.920912,0,0,0,0,1
883.899294,40,319.223747,0,0,1,0,0
605.657425,28,655.03914,0,0,1,0,0
575.732305,25,657.31966,0,0,1,0,0
268.716548,18,660.871063,0,0,1,0,0
337.939541,1,661.275944,0,0,0,0,1
337.93954,1,661.83259,0,0,0,0,1
328.800053,1,662.263351,0,0,0,0,1
843.728765,30,681.191323,0,0,1,0,0
961.180287,44,704.857567,0,0,1,0,0
328.977188,1,705.203964,0,0,0,0,1
362.131093,17,709.349485,0,0,1,0,0
192.621133,12,712.022153,0,0,1,0,0
328.82862,1,712.365137,0,0,0,0,1
-132.922976,1,714.140591,0,0,1,0,0
328.938687,1,714.686713,0,0,0,0,1
253.238181,13,717.022136,0,0,1,0,0
443.841363,19,718.116155,0,0,1,0,0
328.826743,1,718.489749,0,0,0,0,1
328.873836,1,718.742607,0,0,0,0,1
328.826743,1,719.088672,0,0,0,0,1
610.865042,34,724.33165,0,0,1,0,0
328.931002,1,724.73536,0,0,0,0,1
-158.034737,4,727.886545,0,0,1,0,0
-21.192001,4,728.589222,0,0,1,0,0
328.99729,1,728.935375,0,0,0,0,1
328.93954,1,729.165894,0,0,0,0,1
-140.999267,1,731.890586,1,0,0,0,0
328.90969,1,732.252317,0,0,1,0,0
328.859287,1,737.323937,1,0,0,0,0
337.931001,1,737.573691,0,0,0,0,1
328.99729,1,737.800545,0,0,0,0,1
328.991637,1,738.433722,0,0,0,0,1
337.93954,1,738.594246,0,0,0,0,1
328.90969,1,738.992169,0,0,1,0,0
452.812801,22,747.065175,0,0,1,0,0
328.778864,1,747.220209,0,0,0,0,1
-29.886663,7,748.649414,0,0,1,0,0
328.947109,1,748.915488,0,0,0,0,1
640.378993,34,753.526074,0,0,1,0,0
328.968284,1,753.734854,0,0,0,0,1
337.931001,1,754.084245,0,0,0,0,1
328.90969,1,754.49699,0,0,1,0,0
583.504565,26,758.668491,1,0,0,0,0
-115.362118,2,759.153739,0,0,1,0,0
355.259423,18,765.990082,0,0,1,0,0
337.881734,1,766.531803,0,0,1,0,0
721.345872,36,769.802752,0,0,1,0,0
448.628463,18,771.60156,0,0,1,0,0
337.881735,1,776.733593,0,0,1,0,0
-154.095601,6,779.102537,0,0,1,0,0
328.846564,1,779.515593,0,0,1,0,0
9.545308,12,781.508796,0,0,1,0,0
328.800053,1,781.800332,0,0,0,0,1
-132.738533,1,782.197217,0,0,1,0,0
1142.161247,46,790.073474,0,0,1,0,0
23.620592,9,791.684562,0,0,1,0,0
-99.121561,2,792.247351,0,0,1,0,0
-192.745619,9,793.428764,0,0,1,0,0
-132.738533,1,793.766567,0,0,1,0,0
328.931002,1,794.012932,0,0,0,0,1
101.032588,14,795.74434,0,0,1,0,0
136.920025,14,797.729746,0,0,1,0,0
549.24618,32,801.445588,0,0,1,0,0
199.803146,14,803.331941,0,0,1,0,0
785.352312,29,810.190551,0,0,1,0,0
328.99729,1,810.463552,0,0,0,0,1
328.800053,1,810.800039,0,0,0,0,1
853.527711,29,834.220932,0,0,1,0,0
471.875835,33,848.500566,0,0,1,0,0
-115.362118,2,848.744319,0,0,1,0,0
328.888918,1,849.127476,0,0,1,0,0
-140.897522,5,850.833352,1,0,0,0,0
333.68423,15,862.582763,0,0,1,0,0
337.931001,1,862.794683,0,0,0,0,1
337.778863,1,863.172073,0,0,0,0,1
-16.183848,6,863.970222,0,0,1,0,0
-9.640899,8,864.787755,0,0,1,0,0
106.812245,12,867.176763,0,0,1,0,0
328.846564,1,867.64016,0,0,1,0,0
328.99729,1,867.828853,0,0,0,0,1
328.778864,1,868.230024,0,0,0,0,1
475.343135,24,870.646704,0,0,1,0,0
-127.264717,3,871.712061,1,0,0,0,0
328.974816,1,871.930846,0,0,0,0,1
337.778864,1,872.106107,0,0,0,0,1
684.802643,11,873.451456,0,0,0,0,1
-14.806684,8,875.589025,0,0,1,0,0
355.901488,15,888.937648,0,0,1,0,0
519.5536,25,896.985511,1,0,0,0,0
337.826743,1,897.368541,0,0,0,0,1
337.863408,1,897.690451,0,0,0,0,1
672.693222,30,900.147255,0,0,1,0,0
328.778864,1,900.307159,0,0,0,0,1
328.846564,1,900.629255,0,0,1,0,0
1243.096091,51,912.591703,0,0,1,0,0
519.856746,24,1234.959485,0,0,1,0,0
328.90969,1,1235.340702,0,0,1,0,0
173.756926,14,1243.423618,0,0,1,0,0
328.82862,1,1243.791176,0,0,0,0,1
328.826743,1,1244.186432,0,0,0,0,1
337.881736,1,1244.691628,0,0,1,0,0
-128.620545,4,1247.004938,0,0,1,0,0
467.407506,20,1251.016222,0,0,1,0,0
1017.202899,46,1257.584661,1,0,0,0,0
328.881733,1,1257.955599,0,0,1,0,0
604.311082,10,1259.094136,0,0,0,0,1
328.859287,1,1259.693288,1,0,0,0,0
-153.783192,3,1262.801896,0,0,1,0,0
328.859285,1,1262.961085,1,0,0,0,0
328.881733,1,1263.356538,0,0,1,0,0
-120.057906,1,1263.907911,0,0,1,0,0
-124.011808,1,1264.364729,0,0,1,0,0
-154.561185,6,1271.509474,0,0,1,0,0
-108.16604,2,1272.101926,1,0,0,0,0
216.862878,17,1274.551264,0,0,1,0,0
-136.968121,5,1276.192455,0,0,1,0,0
328.826743,1,1276.335216,0,0,0,0,1
460.755999,30,1280.21283,0,0,1,0,0
1303.396486,52,1285.377604,0,0,1,0,0
-132.738533,1,1285.744972,0,0,1,0,0
328.800053,1,1285.967255,0,0,0,0,1
328.778864,1,1286.278347,0,0,0,0,1
734.687411,40,1289.57422,0,0,1,0,0
328.863408,1,1289.80271,0,0,0,0,1
337.82862,1,1290.002453,0,0,0,0,1
116.787041,13,1292.437215,0,0,1,0,0
-186.868948,9,1293.092579,0,0,1,0,0
328.93954,1,1293.438127,0,0,0,0,1
946.710083,42,1298.164075,0,0,1,0,0
328.881733,1,1298.476202,0,0,1,0,0
337.931002,1,1298.831915,0,0,0,0,1
337.826744,1,1299.006942,0,0,0,0,1
-12.110339,8,1300.781758,0,0,1,0,0
328.99729,1,1301.125962,0,0,0,0,1
364.815782,20,1303.284395,1,0,0,0,0
-42.897085,7,1309.593147,0,0,1,0,0
257.027069,18,1311.334658,0,0,1,0,0
353.147268,21,1313.893713,0,0,1,0,0
631.806049,36,1319.403594,1,0,0,0,0
328.800053,1,1319.62764,0,0,0,0,1
328.82862,1,1319.83164,0,0,0,0,1
328.773494,1,1320.266071,0,0,1,0,0
658.216682,36,1325.83957,0,0,1,0,0
328.778864,1,1326.067881,0,0,0,0,1
935.087368,37,1336.674774,1,0,0,0,0
650.482052,28,1339.465098,1,0,0,0,0
512.220565,25,1344.143936,0,0,1,0,0
328.826743,1,1344.374581,0,0,0,0,1
1294.602609,52,1349.678666,1,0,0,0,0
597.359408,29,1353.39802,1,0,0,0,0
328.931002,1,1358.432187,0,0,0,0,1
328.826743,1,1358.788015,0,0,0,0,1
328.991637,1,1359.174294,0,0,0,0,1
466.274839,21,1362.562466,0,0,1,0,0
328.99729,1,1362.919803,0,0,0,0,1
328.93954,1,1363.124279,0,0,0,0,1
302.520133,20,1365.312456,0,0,1,0,0
-137.728521,5,1366.578962,0,0,1,0,0
328.931002,1,1366.862567,0,0,0,0,1
-132.738533,1,1367.243133,0,0,1,0,0
328.90969,1,1367.668699,0,0,1,0,0
-15.921274,6,1368.253605,0,0,1,0,0
70.099107,11,1369.866965,0,0,1,0,0
328.859287,1,1370.046497,1,0,0,0,0
170.364619,10,1380.350186,0,0,1,0,0
321.129458,1,1381.031199,0,0,1,0,0
328.93954,1,1381.193641,0,0,0,0,1
297.202538,14,1383.887888,0,0,1,0,0
1227.725044,53,1392.600628,0,0,1,0,0
291.954988,18,1395.08635,1,0,0,0,0
350.467686,21,1397.031742,0,0,1,0,0
510.664653,24,1404.406407,0,0,1,0,0
-205.249574,5,1406.235353,0,0,1,0,0
997.717288,54,1410.270068,0,0,1,0,0
-126.999021,3,1412.159628,0,0,1,0,0
36.01494,10,1415.007418,0,0,1,0,0
328.778864,1,1415.183927,0,0,0,0,1
730.550336,30,1417.676397,0,0,1,0,0
545.413317,26,1420.363592,0,0,1,0,0
328.99729,1,1420.731073,0,0,0,0,1
-108.16604,2,1421.068509,1,0,0,0,0
-151.800564,7,1424.806741,0,0,1,0,0
787.388808,34,1441.324303,0,0,1,0,0
328.931002,1,1441.671539,0,0,0,0,1
337.852829,1,1442.072476,0,0,1,0,0
261.720793,16,1451.243009,0,0,1,0,0
1033.203464,54,1456.934356,0,0,1,0,0
321.129458,1,1457.344575,0,0,1,0,0
315.982837,16,1465.272662,0,0,1,0,0
328.846564,1,1465.633854,0,0,1,0,0
644.665803,15,1467.630907,0,0,0,0,1
457.187996,24,1469.879136,0,0,1,0,0
914.854746,19,1471.455653,0,0,0,0,1
-15.534501,6,1472.090675,0,0,1,0,0
330.129458,1,1472.52493,0,0,1,0,0
328.99729,1,1472.685485,0,0,0,0,1
337.778864,1,1472.909683,0,0,0,0,1
328.93954,1,1473.326759,0,0,0,0,1
-151.812186,6,1475.901584,0,0,1,0,0
328.863408,1,1476.062074,0,0,0,0,1
256.239205,13,1479.147299,0,0,1,0,0
328.99729,1,1479.429031,0,0,0,0,1
648.144471,30,1485.415586,0,0,1,0,0
337.800052,1,1485.59902,0,0,0,0,1
328.859287,1,1485.807098,1,0,0,0,0
337.881733,1,1486.189472,0,0,1,0,0
337.881734,1,1486.697743,0,0,1,0,0
286.541868,15,1489.33522,0,0,1,0,0
167.59599,10,1499.52688,0,0,1,0,0
337.93954,1,1499.963428,0,0,0,0,1
328.90969,1,1500.546077,0,0,1,0,0
769.214802,36,1510.75031,1,0,0,0,0
127.774029,8,1513.681937,0,0,1,0,0
321.129458,1,1514.041527,0,0,1,0,0
328.93954,1,1514.213045,0,0,0,0,1
73.264227,10,1516.190492,0,0,1,0,0
697.264169,29,1532.448254,0,0,1,0,0
328.968284,1,1532.601076,0,0,0,0,1
768.626551,27,1537.978108,0,0,1,0,0
115.389243,14,1538.958651,0,0,1,0,0
-71.43303,7,1542.486655,0,0,1,0,0
337.939541,1,1542.92394,0,0,0,0,1
343.80561,17,1544.376706,1,0,0,0,0
337.826742,1,1544.561443,0,0,0,0,1
328.800053,1,1544.735783,0,0,0,0,1
418.366939,23,1547.025055,0,0,1,0,0
337.778866,1,1547.371456,0,0,0,0,1
130.016945,11,1548.932956,1,0,0,0,0
328.93954,1,1549.146125,0,0,0,0,1
328.881733,1,1549.54234,0,0,1,0,0
-137.532347,5,1550.753735,0,0,1,0,0
969.611488,47,1557.041643,0,0,1,0,0
739.831928,34,1558.83385,0,0,1,0,0
867.210743,38,1578.075254,1,0,0,0,0
337.826743,1,1578.247482,0,0,0,0,1
1007.818081,51,1581.625612,0,0,1,0,0
602.549663,33,1592.29136,0,0,1,0,0
525.277827,32,1596.880982,0,0,1,0,0
1114.204874,48,1601.954375,0,0,1,0,0
524.873055,22,1603.034378,0,0,1,0,0
328.931002,1,1603.170971,0,0,0,0,1
-129.520696,4,1605.30927,0,0,1,0,0
1388.442041,49,1614.28178,0,0,1,0,0
2.084411,9,1616.426193,0,0,1,0,0
328.938687,1,1616.752639,0,0,0,0,1
328.846564,1,1617.288044,0,0,1,0,0
328.90969,1,1617.674677,0,0,1,0,0
328.800053,1,1617.856895,0,0,0,0,1
310.344177,15,1621.343713,1,0,0,0,0
328.800053,1,1621.500909,0,0,0,0,1
-148.296399,6,1623.974798,0,0,1,0,0
225.606891,17,1631.233385,0,0,1,0,0
-115.521367,2,1631.576084,0,0,1,0,0
479.02775,21,1633.796252,0,0,1,0,0
328.826743,1,1633.958382,0,0,0,0,1
51.663317,10,1634.748645,0,0,1,0,0
166.535181,14,1636.815664,0,0,1,0,0
510.245782,23,1640.733074,1,0,0,0,0
337.863408,1,1640.9306,0,0,0,0,1
328.873836,1,1641.217689,0,0,0,0,1
328.800053,1,1641.39571,0,0,0,0,1
-16.398171,6,1642.010051,0,0,1,0,0
892.854886,39,1650.227843,0,0,1,0,0
219.40242,11,1660.385175,0,0,1,0,0
1140.16438,38,1668.397236,0,0,1,0,0
-123.737646,1,1668.728644,0,0,1,0,0
328.888918,1,1668.958474,0,0,1,0,0
1556.361912,62,1686.123099,0,0,1,0,0
328.826743,1,1686.711137,0,0,0,0,1
328.778864,1,1686.913448,0,0,0,0,1
328.873836,1,1687.194879,0,0,0,0,1
622.211958,27,1693.432158,0,0,1,0,0
337.931002,1,1693.726932,0,0,0,0,1
328.826743,1,1693.911748,0,0,0,0,1
337.931,1,1694.326789,0,0,0,0,1
1224.078915,48,1699.824296,1,0,0,0,0
463.302021,22,1702.767772,0,0,1,0,0
650.658078,26,1706.850789,0,0,1,0,0
337.826742,1,1707.131075,0,0,0,0,1
286.032806,14,1709.65225,0,0,1,0,0
2414.179194,92,1733.613626,0,0,1,0,0
-139.819868,5,1740.481477,1,0,0,0,0
328.846564,1,1740.776076,0,0,1,0,0
202.504872,15,1743.337452,1,0,0,0,0
337.826742,1,1743.521787,0,0,0,0,1
545.713232,27,1747.556336,0,0,1,0,0
328.859287,1,1747.741978,1,0,0,0,0
328.778864,1,1747.960726,0,0,0,0,1
790.931623,42,1753.933915,0,0,1,0,0
328.778864,1,1754.246631,0,0,0,0,1
276.346654,18,1763.799002,0,0,1,0,0
337.909528,1,1764.137587,0,0,0,0,1
-195.959703,7,1765.119679,0,0,1,0,0
621.271144,23,1767.067067,0,0,1,0,0
328.93954,1,1767.489955,0,0,0,0,1
15.870382,9,1769.751983,0,0,1,0,0
337.99729,1,1770.042483,0,0,0,0,1
328.778864,1,1770.319865,0,0,0,0,1
328.93954,1,1770.57953,0,0,0,0,1
328.93954,1,1770.844612,0,0,0,0,1
184.187075,12,1777.77454,0,0,1,0,0
-41.473753,7,1778.896535,0,0,1,0,0
328.93954,1,1779.104778,0,0,0,0,1
337.991637,1,1779.518537,0,0,0,0,1
328.826743,1,1779.679566,0,0,0,0,1
328.826743,1,1779.880658,0,0,0,0,1
1.483019,9,1786.984059,0,0,1,0,0
1169.22022,45,1790.725708,0,0,1,0,0
-135.310245,4,1793.466191,0,0,1,0,0
731.643477,29,1806.673421,0,0,1,0,0
-126.388102,1,1806.921931,0,0,1,0,0
1290.940666,44,1813.928203,1,0,0,0,0
337.939539,1,1814.082902,0,0,0,0,1
328.846564,1,1814.412132,0,0,1,0,0
-217.38173,6,1815.904521,0,0,1,0,0
328.852829,1,1816.079753,0,0,1,0,0
337.93954,1,1816.265181,0,0,0,0,1
222.397072,14,1818.326073,0,0,1,0,0
328.800053,1,1818.4798,0,0,0,0,1
-108.16604,2,1818.828047,1,0,0,0,0
807.047155,36,1823.899624,0,0,1,0,0
337.826742,1,1824.119333,0,0,0,0,1
328.93954,1,1824.312063,0,0,0,0,1
328.931002,1,1824.529305,0,0,0,0,1
328.773494,1,1824.960355,0,0,1,0,0
613.843491,28,1846.716691,0,0,1,0,0
886.023041,37,1850.566546,0,0,1,0,0
328.859286,1,1850.722016,1,0,0,0,0
328.778864,1,1851.133942,0,0,0,0,1
328.800053,1,1851.50432,0,0,0,0,1
-126.565573,6,1853.416349,0,0,1,0,0
1803.686595,63,1895.439622,0,0,1,0,0
-121.823652,7,1897.676672,0,0,1,0,0
328.931002,1,1897.795602,0,0,0,0,1
93.435076,11,1899.492537,0,0,1,0,0
328.82862,1,1899.699777,0,0,0,0,1
328.90969,1,1900.10697,0,0,1,0,0
-108.16604,2,1900.443165,1,0,0,0,0
328.778864,1,1900.680526,0,0,0,0,1
-129.071402,1,1901.026932,0,0,1,0,0
289.219104,15,1902.623256,0,0,1,0,0
289.684274,16,1904.4967,0,0,1,0,0
60.725606,11,1906.402699,0,0,1,0,0
791.560309,30,1912.006173,1,0,0,0,0
103.655621,8,1912.457037,0,0,1,0,0
392.151643,19,1915.770972,0,0,1,0,0
516.622865,37,1920.806717,0,0,1,0,0
93.814177,12,1922.893166,0,0,1,0,0
326.317055,18,1925.2662,0,0,1,0,0
562.272301,38,1928.293096,0,0,1,0,0
-127.007786,3,1929.823903,0,0,1,0,0
198.982367,12,1937.605098,0,0,1,0,0
328.863408,1,1937.848737,0,0,0,0,1
328.831123,1,1938.189747,0,0,0,0,1
845.178647,38,1943.262511,0,0,1,0,0
328.778864,1,1943.470794,0,0,0,0,1
-108.170728,2,1943.921433,1,0,0,0,0
328.778864,1,1944.149799,0,0,0,0,1
328.82862,1,1944.485302,0,0,0,0,1
337.800053,1,1944.841766,0,0,0,0,1
-205.366851,5,1946.571583,0,0,1,0,0
328.846564,1,1946.824249,0,0,1,0,0
511.085335,23,1949.354932,0,0,1,0,0
330.129458,1,1949.945364,0,0,1,0,0
1271.364134,31,1953.417497,1,0,0,0,0
328.947109,1,1953.668606,0,0,0,0,1
-126.999021,3,1955.161615,0,0,1,0,0
-108.16604,2,1955.433843,1,0,0,0,0
337.909529,1,1955.647155,0,0,0,0,1
139.806779,15,1962.943229,0,0,1,0,0
-136.594226,5,1964.212922,0,0,1,0,0
328.773494,1,1964.580455,0,0,1,0,0
177.476723,13,1970.321531,0,0,1,0,0
114.329654,8,1975.905846,0,0,1,0,0
1508.303543,77,2137.403204,0,0,1,0,0
104.805341,12,2138.576499,0,0,1,0,0
405.156234,18,2142.187292,0,0,1,0,0
12.973032,9,2143.160983,0,0,1,0,0
-124.477426,5,2144.720786,0,0,1,0,0
328.800053,1,2144.861059,0,0,0,0,1
-126.385404,1,2145.10913,0,0,1,0,0
984.790627,43,2149.189853,0,0,1,0,0
328.863408,1,2149.344296,0,0,0,0,1
-199.603445,5,2150.403815,0,0,1,0,0
328.931002,1,2150.542607,0,0,0,0,1
328.909529,1,2150.722754,0,0,0,0,1
328.778864,1,2150.95723,0,0,0,0,1
583.374138,44,2166.96512,0,0,1,0,0
328.93954,1,2167.145525,0,0,0,0,1
561.274126,33,2170.733454,0,0,1,0,0
16.54651,9,2171.389785,0,0,1,0,0
83.667931,12,2173.542969,0,0,1,0,0
328.873836,1,2173.885954,0,0,0,0,1
-140.999267,1,2176.204099,1,0,0,0,0
407.282495,28,2179.82149,0,0,1,0,0
22.951838,9,2180.432291,0,0,1,0,0
-188.679683,5,2182.110566,0,0,1,0,0
328.931002,1,2182.250654,0,0,0,0,1
734.980904,35,2199.922352,0,0,1,0,0
328.800053,1,2200.041005,0,0,0,0,1
328.99729,1,2200.237466,0,0,0,0,1
-115.012273,1,2200.547182,0,0,1,0,0
328.881733,1,2200.906886,0,0,1,0,0
328.873836,1,2201.135738,0,0,0,0,1
-192.019391,13,2203.138346,0,0,1,0,0
638.019331,34,2208.282475,0,0,1,0,0
540.629293,27,2209.85879,0,0,1,0,0
328.863408,1,2210.002036,0,0,0,0,1
337.778864,1,2210.231996,0,0,0,0,1
1039.070003,46,2225.504183,1,0,0,0,0
850.070738,46,2231.860046,0,0,1,0,0
-129.071402,1,2232.210731,0,0,1,0,0
740.330842,31,2235.713709,1,0,0,0,0
337.93954,1,2235.860036,0,0,0,0,1
-108.220635,2,2236.237571,1,0,0,0,0
1051.510241,40,2260.910817,0,0,1,0,0
-148.216145,6,2263.442422,0,0,1,0,0
328.968284,1,2263.576075,0,0,0,0,1
328.778864,1,2263.847485,0,0,0,0,1
261.835434,18,2265.952263,0,0,1,0,0
-197.006445,7,2266.475584,0,0,1,0,0
330.129458,1,2267.195369,0,0,1,0,0
328.93954,1,2267.620869,0,0,0,0,1
328.93954,1,2267.845692,0,0,0,0,1
328.90969,1,2268.254952,0,0,1,0,0
328.920203,1,2268.868388,0,0,0,0,1
686.605025,43,2279.825332,0,0,1,0,0
-120.08409,1,2280.102906,0,0,1,0,0
353.894422,17,2288.222874,0,0,1,0,0
310.44006,16,2296.761115,0,0,1,0,0
683.827249,26,2301.084105,0,0,1,0,0
139.453213,14,2302.983319,0,0,1,0,0
633.287564,10,2311.136935,0,0,0,0,1
243.828524,14,2320.240761,0,0,1,0,0
261.553248,13,2322.680283,0,0,1,0,0
137.496891,13,2324.6182,0,0,1,0,0
328.826743,1,2324.795906,0,0,0,0,1
2.551164,9,2326.85938,0,0,1,0,0
101.12555,12,2328.988198,0,0,1,0,0
1464.727472,52,2335.204691,1,0,0,0,0
328.94549,1,2335.423938,0,0,0,0,1
-132.738533,1,2335.813672,0,0,1,0,0
328.93954,1,2336.056805,0,0,0,0,1
328.859287,1,2336.284249,1,0,0,0,0
260.760113,15,2338.512173,0,0,1,0,0
328.846564,1,2338.806156,0,0,1,0,0
889.954288,39,2347.95287,0,0,1,0,0
328.881733,1,2348.398928,0,0,1,0,0
768.23556,34,2359.9585,1,0,0,0,0
568.574228,31,2365.125257,0,0,1,0,0
328.93954,1,2365.566693,0,0,0,0,1
328.846564,1,2365.899777,0,0,1,0,0
328.778864,1,2366.287848,0,0,0,0,1
725.769692,31,2368.71449,0,0,1,0,0
774.229872,37,2375.057032,1,0,0,0,0
-124.489981,5,2376.658552,0,0,1,0,0
328.888918,1,2376.796173,0,0,1,0,0
328.90969,1,2377.226288,0,0,1,0,0
328.859287,1,2377.420808,1,0,0,0,0
130.542785,9,2379.195287,0,0,1,0,0
203.543311,15,2381.159539,0,0,1,0,0
227.431365,13,2389.848429,0,0,1,0,0
289.047095,16,2397.42334,0,0,1,0,0
-124.489981,5,2398.993626,0,0,1,0,0
1318.516009,61,2423.448017,0,0,1,0,0
328.778864,1,2423.607563,0,0,0,0,1
328.859287,1,2423.819951,1,0,0,0,0
-193.598238,8,2424.462312,0,0,1,0,0
328.859287,1,2424.941203,1,0,0,0,0
328.93954,1,2425.155071,0,0,0,0,1
328.778864,1,2425.377799,0,0,0,0,1
321.129458,1,2425.760567,0,0,1,0,0
303.728077,14,2430.059658,0,0,1,0,0
868.885399,48,2437.338255,0,0,1,0,0
1116.681681,48,2445.860976,1,0,0,0,0
328.931002,1,2446.105301,0,0,0,0,1
-121.615954,6,2447.174335,0,0,1,0,0
-124.459189,5,2448.696913,0,0,1,0,0
328.826743,1,2448.820586,0,0,0,0,1
328.826743,1,2448.993243,0,0,0,0,1
65.100089,14,2451.001187,0,0,1,0,0
337.931,1,2457.793813,0,0,0,0,1
328.852829,1,2458.033772,0,0,1,0,0
1115.887828,46,2461.660907,0,0,1,0,0
393.546772,20,2463.435454,0,0,1,0,0
-199.075689,5,2463.920728,0,0,1,0,0
328.846564,1,2464.173415,0,0,1,0,0
328.99729,1,2464.365386,0,0,0,0,1
328.931002,1,2464.568831,0,0,0,0,1
321.129458,1,2464.948586,0,0,1,0,0
-72.03449,7,2468.273257,0,0,1,0,0
328.859285,1,2468.463736,1,0,0,0,0
280.79619,16,2472.283815,0,0,1,0,0
114.68915,15,2474.445886,0,0,1,0,0
328.968284,1,2474.690239,0,0,0,0,1
337.881733,1,2475.150479,0,0,1,0,0
-124.011808,1,2475.402023,0,0,1,0,0
328.968284,1,2475.56912,0,0,0,0,1
591.138222,29,2479.067261,0,0,1,0,0
107.669366,13,2480.633213,0,0,1,0,0
727.956909,39,2486.450967,0,0,1,0,0
337.93954,1,2486.666831,0,0,0,0,1
-140.999267,1,2488.899546,1,0,0,0,0
189.583612,13,2490.24727,0,0,1,0,0
654.430399,36,2500.37577,0,0,1,0,0
537.900938,22,2515.327697,0,0,1,0,0
203.133647,12,2517.509543,0,0,1,0,0
337.826742,1,2517.645909,0,0,0,0,1
328.931002,1,2517.820713,0,0,0,0,1
328.947109,1,2518.070403,0,0,0,0,1
328.90969,1,2518.462699,0,0,1,0,0
-140.999267,1,2520.719845,1,0,0,0,0
1050.595292,57,2549.038392,1,0,0,0,0
328.888918,1,2549.211756,0,0,1,0,0
328.931002,1,2549.441971,0,0,0,0,1
328.931002,1,2549.651307,0,0,0,0,1
328.99729,1,2549.841127,0,0,0,0,1
328.968284,1,2550.365761,0,0,0,0,1
610.139295,25,2555.793652,0,0,1,0,0
-157.720125,4,2559.050632,0,0,1,0,0
-115.362118,2,2559.299015,0,0,1,0,0
1041.086384,44,2570.908394,0,0,1,0,0
328.991637,1,2571.241009,0,0,0,0,1
744.478426,33,2577.565197,0,0,1,0,0
453.219997,20,2580.886412,0,0,1,0,0
170.155761,14,2582.705021,0,0,1,0,0
909.859967,34,2596.594368,0,0,1,0,0
328.881733,1,2597.081537,0,0,1,0,0
328.931002,1,2597.248199,0,0,0,0,1
297.032867,13,2601.621331,0,0,1,0,0
-194.929877,9,2602.235708,0,0,1,0,0
328.931002,1,2602.383238,0,0,0,0,1
328.82862,1,2602.571793,0,0,0,0,1
654.796523,31,2606.885445,1,0,0,0,0
62.627377,11,2609.403043,0,0,1,0,0
328.931002,1,2609.599657,0,0,0,0,1
337.931002,1,2609.800525,0,0,0,0,1
-125.764737,5,2611.769747,0,0,1,0,0
-214.062572,6,2613.250317,0,0,1,0,0
1572.603459,64,2622.555057,0,0,1,0,0
222.807569,12,2624.93579,0,0,1,0,0
328.859287,1,2631.472792,1,0,0,0,0
1409.817026,56,2640.391434,0,0,1,0,0
566.280499,31,2643.814302,0,0,1,0,0
-108.16604,2,2644.113256,1,0,0,0,0
-188.476762,5,2645.385868,0,0,1,0,0
328.99729,1,2645.520846,0,0,0,0,1
337.778864,1,2645.738903,0,0,0,0,1
776.72948,33,2651.94672,0,0,1,0,0
337.93954,1,2652.135442,0,0,0,0,1
-132.738533,1,2652.557875,0,0,1,0,0
328.778864,1,2652.813616,0,0,0,0,1
328.846564,1,2653.138276,0,0,1,0,0
831.391785,39,2658.902452,0,0,1,0,0
328.82862,1,2659.286802,0,0,0,0,1
893.705113,32,2664.350711,0,0,1,0,0
929.111558,44,2676.056182,0,0,1,0,0
623.518858,28,2678.961021,0,0,1,0,0
-199.603445,5,2679.422019,0,0,1,0,0
195.636153,11,2688.416033,0,0,1,0,0
328.93954,1,2688.739024,0,0,0,0,1
-124.011808,1,2689.059021,0,0,1,0,0
328.859287,1,2689.240512,1,0,0,0,0
623.686039,14,2691.07375,0,0,0,0,1
337.90953,1,2691.279178,0,0,0,0,1
328.881733,1,2691.688375,0,0,1,0,0
-72.593455,7,2695.275686,0,0,1,0,0
328.931002,1,2695.45296,0,0,0,0,1
765.457088,30,2699.009592,0,0,1,0,0
496.183937,23,2701.187765,0,0,1,0,0
337.826741,1,2701.364533,0,0,0,0,1
434.798544,29,2704.878277,0,0,1,0,0
600.135012,37,2710.112586,1,0,0,0,0
328.846564,1,2710.444559,0,0,1,0,0
328.778864,1,2710.649903,0,0,0,0,1
-129.302015,4,2712.779454,0,0,1,0,0
328.938687,1,2713.068016,0,0,0,0,1
291.463517,16,2716.59459,0,0,1,0,0
337.800054,1,2716.760179,0,0,0,0,1
328.90969,1,2717.1469,0,0,1,0,0
332.752948,15,2731.027038,0,0,1,0,0
141.752841,14,2733.199588,0,0,1,0,0
22.091353,9,2733.673764,0,0,1,0,0
461.907689,27,2743.348474,0,0,1,0,0
369.756588,27,2746.071414,0,0,1,0,0
728.589138,37,2750.595724,0,0,1,0,0
223.800772,16,2752.848586,0,0,1,0,0
328.881733,1,2753.204782,0,0,1,0,0
1181.099363,52,2758.177192,0,0,1,0,0
450.187336,30,2761.717617,0,0,1,0,0
328.93954,1,2761.936085,0,0,0,0,1
328.863408,1,2762.124584,0,0,0,0,1
433.493378,21,2766.573333,0,0,1,0,0
55.581416,10,2767.793859,0,0,1,0,0
141.752841,14,2769.894172,0,0,1,0,0
328.859287,1,2770.040766,1,0,0,0,0
-35.298232,4,2770.623401,0,0,1,0,0
337.93954,1,2770.814894,0,0,0,0,1
-124.078872,3,2773.610166,0,0,1,0,0
328.846564,1,2773.961481,0,0,1,0,0
328.93954,1,2774.15952,0,0,0,0,1
337.778866,1,2774.423861,0,0,0,0,1
247.806568,14,2783.339785,0,0,1,0,0
328.93954,1,2783.576359,0,0,0,0,1
576.852399,29,2787.675088,1,0,0,0,0
328.931002,1,2787.872953,0,0,0,0,1
328.859287,1,2788.063588,1,0,0,0,0
328.852829,1,2788.37164,0,0,1,0,0
78.355215,11,2789.656599,0,0,1,0,0
-140.999267,1,2791.918788,1,0,0,0,0
328.826743,1,2792.110444,0,0,0,0,1
624.260331,35,2797.966802,0,0,1,0,0
328.82862,1,2798.194314,0,0,0,0,1
229.354894,19,2802.342173,0,0,1,0,0
328.99729,1,2802.564438,0,0,0,0,1
337.997289,1,2802.823361,0,0,0,0,1
533.518777,38,2810.100528,0,0,1,0,0
328.99729,1,2810.240008,0,0,0,0,1
328.863408,1,2810.439706,0,0,0,0,1
328.863408,1,2810.82641,0,0,0,0,1
1.483019,9,2812.853002,0,0,1,0,0
630.998134,25,2815.902807,0,0,1,0,0
1897.925122,87,2834.405442,0,0,1,0,0
1375.350311,51,2859.097004,0,0,1,0,0
973.313197,40,2866.601056,0,0,1,0,0
104.568627,9,2868.585756,0,0,1,0,0
782.238753,33,2874.854454,0,0,1,0,0
168.519929,17,2883.677431,0,0,1,0,0
328.876733,1,2883.987119,0,0,0,0,1
709.68556,36,2888.019512,0,0,1,0,0
328.93954,1,2888.268329,0,0,0,0,1
337.863408,1,2888.534089,0,0,0,0,1
243.795829,19,2890.992175,0,0,1,0,0
337.800053,1,2891.197774,0,0,0,0,1
96.662703,12,2893.292654,0,0,1,0,0
-132.922976,1,2894.82375,0,0,1,0,0
328.82862,1,2894.968406,0,0,0,0,1
328.778864,1,2895.18768,0,0,0,0,1
-158.034737,4,2898.374968,0,0,1,0,0
328.859287,1,2898.5166,1,0,0,0,0
501.437097,20,2914.103992,0,0,1,0,0
21.392098,9,2914.677373,0,0,1,0,0
458.409617,29,2918.479105,1,0,0,0,0
66.010166,13,2920.31738,0,0,1,0,0
330.129458,1,2920.769266,0,0,1,0,0
337.931001,1,2920.917972,0,0,0,0,1
328.778864,1,2921.114269,0,0,0,0,1
309.551589,19,2923.702479,0,0,1,0,0
328.931002,1,2923.91848,0,0,0,0,1
-90.141924,2,2924.220908,0,0,1,0,0
337.99729,1,2931.023444,0,0,0,0,1
328.931002,1,2931.238962,0,0,0,0,1
328.968284,1,2931.426746,0,0,0,0,1
1204.957338,48,2939.655295,0,0,1,0,0
942.477094,42,2948.257468,0,0,1,0,0
328.99729,1,2948.42323,0,0,0,0,1
337.831124,1,2948.637801,0,0,0,0,1
321.129458,1,2949.27049,0,0,1,0,0
-151.800564,7,2952.566285,0,0,1,0,0
337.778864,1,2952.7239,0,0,0,0,1
337.931002,1,2953.124967,0,0,0,0,1
-157.876531,4,2956.593777,0,0,1,0,0
321.129458,1,2956.967282,0,0,1,0,0
328.93954,1,2957.125632,0,0,0,0,1
328.90969,1,2957.541566,0,0,1,0,0
770.617778,34,2963.52622,0,0,1,0,0
-129.071402,1,2963.884278,0,0,1,0,0
1373.904312,58,2971.717409,0,0,1,0,0
220.802249,12,2973.725642,0,0,1,0,0
1030.156651,40,3005.445765,0,0,1,0,0
-124.087411,3,3007.788871,0,0,1,0,0
138.537704,13,3009.888996,0,0,1,0,0
337.93954,1,3010.097053,0,0,0,0,1
337.93954,1,3010.308316,0,0,0,0,1
-148.296399,6,3013.060627,0,0,1,0,0
498.674676,23,3014.730949,1,0,0,0,0
328.778864,1,3014.903741,0,0,0,0,1
328.931002,1,3015.110727,0,0,0,0,1
328.800053,1,3015.29966,0,0,0,0,1
328.846564,1,3015.618374,0,0,1,0,0
-126.660951,3,3017.558877,0,0,1,0,0
529.301483,24,3019.306758,0,0,1,0,0
328.931002,1,3019.49655,0,0,0,0,1
-223.793572,12,3020.875368,0,0,1,0,0
328.82862,1,3021.010897,0,0,0,0,1
-188.764995,5,3022.2731,0,0,1,0,0
337.939539,1,3022.415763,0,0,0,0,1
337.881733,1,3022.840288,0,0,1,0,0
-67.559738,4,3023.30434,0,0,1,0,0
337.997288,1,3023.464693,0,0,0,0,1
-6.846413,8,3024.993995,0,0,1,0,0
410.131596,21,3026.757354,0,0,1,0,0
340.260399,21,3029.622158,0,0,1,0,0
328.931002,1,3029.880714,0,0,0,0,1
328.863408,1,3030.069651,0,0,0,0,1
328.778864,1,3030.294132,0,0,0,0,1
77.868807,7,3035.905041,0,0,1,0,0
-153.537434,3,3039.034574,0,0,1,0,0
175.009491,16,3045.877348,0,0,1,0,0
337.826743,1,3046.018295,0,0,0,0,1
-126.388102,1,3046.233961,0,0,1,0,0
328.881733,1,3046.588307,0,0,1,0,0
-127.033417,3,3048.091995,0,0,1,0,0
328.977188,1,3048.297547,0,0,0,0,1
-6.846413,8,3049.774472,0,0,1,0,0
328.826743,1,3050.020506,0,0,0,0,1
268.040353,14,3051.13502,0,0,1,0,0
515.31972,23,3059.932887,1,0,0,0,0
328.826743,1,3060.116187,0,0,0,0,1
632.817713,10,3067.985955,0,0,1,0,0
328.93954,1,3068.187134,0,0,0,0,1
293.794903,15,3070.263463,0,0,1,0,0
92.731427,12,3072.361858,0,0,1,0,0
328.826743,1,3072.590966,0,0,0,0,1
1223.902604,55,3081.110207,0,0,1,0,0
328.938687,1,3081.48566,0,0,0,0,1
453.639015,26,3084.17868,0,0,1,0,0
328.863408,1,3084.393409,0,0,0,0,1
330.129458,1,3084.818902,0,0,1,0,0
328.968284,1,3084.984581,0,0,0,0,1
87.534523,14,3086.880322,0,0,1,0,0
943.933132,54,3104.514817,0,0,1,0,0
792.68542,38,3106.710312,0,0,1,0,0
337.778864,1,3106.861875,0,0,0,0,1
328.93954,1,3107.105385,0,0,0,0,1
817.508825,42,3120.887158,0,0,1,0,0
-115.362118,2,3121.226058,0,0,1,0,0
155.271499,12,3122.464187,0,0,1,0,0
328.968284,1,3122.663979,0,0,0,0,1
212.372207,13,3448.941314,0,0,1,0,0
337.968284,1,3449.124928,0,0,0,0,1
444.251479,26,3452.229719,0,0,1,0,0
945.828646,42,3460.961628,0,0,1,0,0
328.93954,1,3461.13688,0,0,0,0,1
328.846564,1,3461.473288,0,0,1,0,0
145.095097,14,3463.606759,0,0,1,0,0
337.938687,1,3463.969438,0,0,0,0,1
328.826743,1,3464.197867,0,0,0,0,1
328.99729,1,3464.41103,0,0,0,0,1
328.888918,1,3464.630713,0,0,1,0,0
1242.765322,47,3486.608573,0,0,1,0,0
337.99729,1,3486.783233,0,0,0,0,1
328.863408,1,3487.017893,0,0,0,0,1
337.931002,1,3487.236058,0,0,0,0,1
779.903261,31,3504.201786,0,0,1,0,0
328.863408,1,3504.372632,0,0,0,0,1
-124.920915,5,3512.485445,0,0,1,0,0
222.367973,13,3519.291273,0,0,1,0,0
-128.962586,6,3520.875309,0,0,1,0,0
1011.889455,49,3528.489519,1,0,0,0,0
337.778864,1,3528.754787,0,0,0,0,1
739.610447,33,3533.108571,1,0,0,0,0
328.99729,1,3533.27417,0,0,0,0,1
631.300597,10,3534.470044,0,0,0,0,1
330.129458,1,3534.877999,0,0,1,0,0
337.80893,1,3535.146295,0,0,0,0,1
328.931002,1,3535.348808,0,0,0,0,1
517.392323,24,3537.311922,0,0,1,0,0
328.778864,1,3537.497368,0,0,0,0,1
212.894186,11,3545.686973,0,0,1,0,0
337.881733,1,3546.087897,0,0,1,0,0
337.991637,1,3546.447545,0,0,0,0,1
328.846564,1,3546.73354,0,0,1,0,0
328.931002,1,3546.924101,0,0,0,0,1
328.773494,1,3547.342949,0,0,1,0,0
-134.150756,4,3549.776553,0,0,1,0,0
951.292332,46,3563.076527,0,0,1,0,0
337.778863,1,3563.241392,0,0,0,0,1
337.931001,1,3563.440482,0,0,0,0,1
-141.712134,5,3565.173315,1,0,0,0,0
106.905011,10,3566.159374,0,0,1,0,0
199.516887,13,3574.20633,0,0,1,0,0
328.846564,1,3581.072603,0,0,1,0,0
328.93954,1,3581.268486,0,0,0,0,1
328.773494,1,3581.744357,0,0,1,0,0
328.800053,1,3581.907621,0,0,0,0,1
639.35548,10,3583.113369,0,0,0,0,1
1979.773835,81,3594.695789,0,0,1,0,0
647.432781,28,3616.035097,1,0,0,0,0
-97.103247,2,3617.176023,0,0,1,0,0
337.826743,1,3617.315562,0,0,0,0,1
337.826741,1,3617.490021,0,0,0,0,1
328.93954,1,3617.664049,0,0,0,0,1
328.80893,1,3617.864856,0,0,0,0,1
33.724582,10,3620.403077,0,0,1,0,0
337.931002,1,3620.583137,0,0,0,0,1
328.931002,1,3620.771029,0,0,0,0,1
328.99729,1,3620.950048,0,0,0,0,1
383.623076,18,3624.205224,1,0,0,0,0
677.796815,32,3634.015838,0,0,1,0,0
328.968284,1,3634.251941,0,0,0,0,1
135.084393,12,3636.072805,0,0,1,0,0
328.800053,1,3636.283634,0,0,0,0,1
250.106046,17,3638.854709,0,0,1,0,0
427.051946,22,3642.25158,0,0,1,0,0
718.059203,43,3645.287824,0,0,1,0,0
462.483995,22,3648.223861,1,0,0,0,0
484.039917,27,3651.030741,0,0,1,0,0
328.881733,1,3651.489296,0,0,1,0,0
909.81018,43,3660.25735,0,0,1,0,0
571.97909,25,3718.66886,0,0,1,0,0
505.940612,22,3723.506535,0,0,1,0,0
53.365341,10,3724.697016,0,0,1,0,0
546.912036,26,3728.663883,0,0,1,0,0
898.513081,38,3733.520263,0,0,1,0,0
328.881733,1,3733.921712,0,0,1,0,0
328.93954,1,3734.137841,0,0,0,0,1
328.846564,1,3734.566406,0,0,1,0,0
328.778864,1,3734.834188,0,0,0,0,1
328.888918,1,3735.079819,0,0,1,0,0
1160.598069,52,3742.74978,0,0,1,0,0
38.351735,10,3745.229381,0,0,1,0,0
20.833016,9,3745.806401,0,0,1,0,0
-124.138349,3,3747.971773,0,0,1,0,0
328.909529,1,3748.124038,0,0,0,0,1
461.976498,21,3752.283031,1,0,0,0,0
337.939538,1,3752.449194,0,0,0,0,1
328.968284,1,3752.665559,0,0,0,0,1
328.863408,1,3752.919742,0,0,0,0,1
520.962734,23,3755.097298,0,0,1,0,0
-140.668405,5,3756.793903,1,0,0,0,0
328.93954,1,3757.168708,0,0,0,0,1
-108.122235,2,3764.154134,0,0,1,0,0
-151.800564,7,3767.526277,0,0,1,0,0
248.610939,18,3769.0013,0,0,1,0,0
328.888918,1,3769.232597,0,0,1,0,0
328.826743,1,3769.469545,0,0,0,0,1
328.931002,1,3769.703673,0,0,0,0,1
760.794663,34,3775.557434,0,0,1,0,0
337.931002,1,3775.696898,0,0,0,0,1
328.826743,1,3775.872272,0,0,0,0,1
337.778864,1,3776.253433,0,0,0,0,1
321.129458,1,3776.688783,0,0,1,0,0
218.802583,15,3779.100582,0,0,1,0,0
328.93954,1,3779.325252,0,0,0,0,1
-129.312562,4,3781.425687,0,0,1,0,0
897.048634,37,3786.307591,1,0,0,0,0
337.939539,1,3786.513947,0,0,0,0,1
889.707889,46,3793.439224,0,0,1,0,0
328.99729,1,3793.684519,0,0,0,0,1
328.888918,1,3793.904181,0,0,1,0,0
328.938687,1,3794.276154,0,0,0,0,1
328.881733,1,3794.687519,0,0,1,0,0
406.453949,20,3797.55899,0,0,1,0,0
523.483439,25,3800.24898,0,0,1,0,0
328.778864,1,3800.542636,0,0,0,0,1
-222.642563,13,3808.45914,0,0,1,0,0
328.800053,1,3808.620161,0,0,0,0,1
328.931002,1,3808.829134,0,0,0,0,1
-12.084569,8,3810.44632,0,0,1,0,0
-206.565173,5,3811.979737,0,0,1,0,0
1211.047037,51,3819.106865,0,0,1,0,0
1257.003703,56,3826.176134,1,0,0,0,0
1157.631036,48,3829.672719,0,0,1,0,0
439.801719,35,3845.822451,0,0,1,0,0
337.93954,1,3845.972118,0,0,0,0,1
1099.653234,46,3868.358871,0,0,1,0,0
337.931002,1,3868.492651,0,0,0,0,1
-42.18719,7,3869.644622,0,0,1,0,0
1030.073104,24,3871.36189,0,0,0,0,1
-141.008268,5,3873.041714,1,0,0,0,0
330.129457,1,3873.431441,0,0,1,0,0
328.859287,1,3873.600199,1,0,0,0,0
618.284436,35,3884.270954,0,0,1,0,0
328.93954,1,3884.473007,0,0,0,0,1
323.376059,16,3887.680825,0,0,1,0,0
328.881733,1,3888.233853,0,0,1,0,0
192.506367,16,3890.573864,0,0,1,0,0
-126.912451,3,3892.071185,0,0,1,0,0
328.93954,1,3892.214897,0,0,0,0,1
978.827841,42,3898.831823,0,0,1,0,0
328.93954,1,3899.006982,0,0,0,0,1
574.173172,33,3902.452837,0,0,1,0,0
685.479534,32,3906.872934,0,0,1,0,0
706.007093,35,3918.860972,0,0,1,0,0
1487.34615,58,3931.312401,0,0,1,0,0
803.49737,37,3949.357811,0,0,1,0,0
328.826743,1,3949.516369,0,0,0,0,1
-193.695831,9,3950.140438,0,0,1,0,0
362.777681,17,3961.071883,0,0,1,0,0
328.90969,1,3961.460514,0,0,1,0,0
335.044044,16,3964.163351,0,0,1,0,0
202.504872,15,3966.282154,1,0,0,0,0
328.778864,1,3966.495662,0,0,0,0,1
328.931002,1,3966.708236,0,0,0,0,1
-70.024739,7,3970.345038,0,0,1,0,0
337.826742,1,3970.557186,0,0,0,0,1
732.376691,30,3972.745756,0,0,1,0,0
-123.742431,1,3973.129848,0,0,1,0,0
139.75843,13,3974.892244,0,0,1,0,0
328.881733,1,3975.277095,0,0,1,0,0
542.472214,26,3996.350752,0,0,1,0,0
685.724417,33,3999.235613,0,0,1,0,0
176.18159,14,4007.004509,0,0,1,0,0
-129.071402,1,4007.314047,0,0,1,0,0
328.826743,1,4007.532699,0,0,0,0,1
859.873267,43,4013.2672,0,0,1,0,0
158.476332,10,4015.579312,0,0,1,0,0
509.447934,21,4025.577355,0,0,1,0,0
202.504872,15,4034.43207,1,0,0,0,0
-124.011808,1,4034.720054,0,0,1,0,0
337.931001,1,4034.87173,0,0,0,0,1
-7.718389,8,4035.402101,0,0,1,0,0
328.800053,1,4035.56447,0,0,0,0,1
374.442175,18,4037.153371,0,0,1,0,0
985.791247,34,4042.361592,1,0,0,0,0
328.968284,1,4042.565659,0,0,0,0,1
514.88878,47,4046.568327,0,0,1,0,0
502.926398,25,4049.232279,1,0,0,0,0
328.968284,1,4049.408584,0,0,0,0,1
-6.846413,8,4050.972621,0,0,1,0,0
107.338154,9,4051.982733,0,0,1,0,0
328.80893,1,4052.13796,0,0,0,0,1
328.881733,1,4052.546138,0,0,1,0,0
328.93954,1,4052.714579,0,0,0,0,1
328.93954,1,4052.963742,0,0,0,0,1
13.626241,9,4053.770211,0,0,1,0,0
552.974292,22,4063.535358,0,0,1,0,0
501.802738,24,4068.104256,1,0,0,0,0
337.968285,1,4068.385042,0,0,0,0,1
321.129458,1,4075.596586,0,0,1,0,0
337.778864,1,4075.774349,0,0,0,0,1
337.800054,1,4075.981365,0,0,0,0,1
-140.979408,1,4078.215378,1,0,0,0,0
452.791853,24,4079.543494,0,0,1,0,0
-142.077117,5,4081.284726,1,0,0,0,0
328.846564,1,4081.585021,0,0,1,0,0
-231.291562,13,4082.884734,0,0,1,0,0
6.367344,9,4084.555148,0,0,1,0,0
336.056494,17,4087.833879,0,0,1,0,0
328.93954,1,4087.984833,0,0,0,0,1
328.920203,1,4088.435117,0,0,0,0,1
-108.16604,2,4088.779562,1,0,0,0,0
-97.103247,2,4089.786396,0,0,1,0,0
522.025847,25,4091.758162,0,0,1,0,0
328.875268,1,4091.992046,0,0,0,0,1
546.606989,27,4097.022403,0,0,1,0,0
59.500196,11,4099.831129,0,0,1,0,0
337.778863,1,4100.050451,0,0,0,0,1
529.601807,25,4104.918673,0,0,1,0,0
328.931002,1,4105.130529,0,0,0,0,1
328.826743,1,4105.329332,0,0,0,0,1
328.826743,1,4105.511789,0,0,0,0,1
328.800053,1,4105.700195,0,0,0,0,1
328.93954,1,4105.902143,0,0,0,0,1
202.504872,15,4108.085777,1,0,0,0,0
328.831123,1,4108.277613,0,0,0,0,1
328.826743,1,4108.474383,0,0,0,0,1
328.931002,1,4108.655874,0,0,0,0,1
102.529611,15,4110.262841,0,0,1,0,0
202.504872,15,4118.985431,1,0,0,0,0
829.184806,35,4452.702327,0,0,1,0,0
321.129458,1,4453.106475,0,0,1,0,0
328.859287,1,4453.283485,1,0,0,0,0
328.800053,1,4453.491058,0,0,0,0,1
328.863408,1,4453.679756,0,0,0,0,1
337.93954,1,4453.895436,0,0,0,0,1
284.700518,21,4456.143717,0,0,1,0,0
1068.811373,26,4458.139891,0,0,0,0,1
328.881733,1,4458.48217,0,0,1,0,0
328.991637,1,4458.850636,0,0,0,0,1
14.176631,9,4459.549309,0,0,1,0,0
328.80893,1,4459.717275,0,0,0,0,1
1332.166971,50,4467.301688,0,0,1,0,0
330.129458,1,4467.698329,0,0,1,0,0
328.826743,1,4467.850432,0,0,0,0,1
604.585405,28,4472.965495,0,0,1,0,0
328.800053,1,4473.198301,0,0,0,0,1
138.693357,13,4474.905891,0,0,1,0,0
337.778864,1,4475.110889,0,0,0,0,1
-122.103929,6,4475.688695,0,0,1,0,0
337.968284,1,4475.828083,0,0,0,0,1
328.99729,1,4476.092077,0,0,0,0,1
117.516215,13,4478.33242,0,0,1,0,0
168.00126,15,4487.324196,0,0,1,0,0
328.881733,1,4487.657197,0,0,1,0,0
907.880038,37,4491.152445,0,0,1,0,0
321.129458,1,4491.565594,0,0,1,0,0
328.99729,1,4491.720691,0,0,0,0,1
881.440523,36,4512.315709,0,0,1,0,0
426.669395,25,4515.423342,0,0,1,0,0
328.99729,1,4515.594637,0,0,0,0,1
406.899874,18,4517.800833,0,0,1,0,0
-108.122235,2,4518.111169,0,0,1,0,0
328.93954,1,4518.300173,0,0,0,0,1
401.178983,23,4521.12216,0,0,1,0,0
509.297435,20,4524.501686,0,0,1,0,0
337.99729,1,4524.635893,0,0,0,0,1
328.931002,1,4524.873408,0,0,0,0,1
328.931002,1,4525.06334,0,0,0,0,1
765.010992,32,4544.558339,0,0,1,0,0
-120.062171,7,4546.248691,0,0,1,0,0
321.129458,1,4546.629093,0,0,1,0,0
337.99729,1,4546.785793,0,0,0,0,1
637.857175,28,4549.853555,0,0,1,0,0
328.863408,1,4549.989418,0,0,0,0,1
523.031318,32,4560.326978,0,0,1,0,0
98.290384,11,4562.083321,0,0,1,0,0
178.059406,12,4564.903254,0,0,1,0,0
328.826743,1,4565.054628,0,0,0,0,1
337.800053,1,4565.233104,0,0,0,0,1
-137.733161,5,4566.54132,0,0,1,0,0
757.212126,39,4572.084112,0,0,1,0,0
512.273553,24,4576.169841,0,0,1,0,0
321.129458,1,4576.618929,0,0,1,0,0
-134.762246,5,4577.862504,0,0,1,0,0
328.778864,1,4578.016863,0,0,0,0,1
50.663993,10,4579.241578,0,0,1,0,0
-132.738533,1,4579.633277,0,0,1,0,0
337.939541,1,4579.874537,0,0,0,0,1
337.931002,1,4580.103281,0,0,0,0,1
-6.846413,8,4581.808203,0,0,1,0,0
612.949584,26,4584.785644,0,0,1,0,0
-125.501867,5,4586.328508,0,0,1,0,0
789.474708,33,4592.571732,0,0,1,0,0
337.826742,1,4592.770936,0,0,0,0,1
337.931002,1,4592.961617,0,0,0,0,1
337.828618,1,4593.152278,0,0,0,0,1
328.93954,1,4593.376127,0,0,0,0,1
337.778864,1,4593.700306,0,0,0,0,1
34.295464,10,4603.005713,0,0,1,0,0
328.800053,1,4603.185808,0,0,0,0,1
-121.261293,6,4603.724475,0,0,1,0,0
337.939542,1,4603.905808,0,0,0,0,1
-58.55039,4,4604.468354,0,0,1,0,0
246.990057,15,4612.211432,0,0,1,0,0
337.778863,1,4612.376608,0,0,0,0,1
171.291197,13,4614.176779,1,0,0,0,0
621.269676,27,4617.900151,1,0,0,0,0
337.931002,1,4618.078239,0,0,0,0,1
633.673722,10,4626.186994,0,0,0,0,1
89.924933,12,4628.416032,0,0,1,0,0
13.626241,9,4629.222192,0,0,1,0,0
93.909268,15,4631.565977,0,0,1,0,0
328.863408,1,4631.803874,0,0,0,0,1
555.311026,27,4634.785686,0,0,1,0,0
899.251416,39,4639.143488,0,0,1,0,0
93.079808,14,4647.783154,0,0,1,0,0
328.977188,1,4648.069488,0,0,0,0,1
337.93954,1,4648.252155,0,0,0,0,1
328.931002,1,4648.490356,0,0,0,0,1
491.464685,21,4652.251055,0,0,1,0,0
337.800052,1,4652.405613,0,0,0,0,1
205.166413,14,4658.563421,0,0,1,0,0
337.99729,1,4658.801247,0,0,0,0,1
328.82862,1,4659.020776,0,0,0,0,1
457.643888,25,4660.714435,0,0,1,0,0
15.74321,9,4661.379356,0,0,1,0,0
337.968284,1,4661.544179,0,0,0,0,1
636.389002,28,4665.92722,1,0,0,0,0
639.595182,10,4667.136027,0,0,0,0,1
337.863408,1,4667.315819,0,0,0,0,1
328.938687,1,4667.756178,0,0,0,0,1
337.931001,1,4668.060969,0,0,0,0,1
328.931002,1,4668.313579,0,0,0,0,1
328.863408,1,4668.519983,0,0,0,0,1
328.82862,1,4668.727453,0,0,0,0,1
328.846564,1,4669.092582,0,0,1,0,0
337.778864,1,4669.322878,0,0,0,0,1
337.800054,1,4669.543995,0,0,0,0,1
427.612001,22,4673.202568,0,0,1,0,0
337.93954,1,4673.472501,0,0,0,0,1
337.881734,1,4673.878424,0,0,1,0,0
1222.262063,68,4696.452552,0,0,1,0,0
-151.800564,7,4699.705152,0,0,1,0,0
781.237965,29,4703.771815,0,0,1,0,0
63.785818,11,4705.681082,0,0,1,0,0
328.888918,1,4705.90217,0,0,1,0,0
321.129458,1,4706.358256,0,0,1,0,0
158.166422,13,4708.50269,0,0,1,0,0
328.931002,1,4708.690872,0,0,0,0,1
486.25563,24,4730.285735,0,0,1,0,0
-122.103929,6,4730.838224,0,0,1,0,0
697.052241,30,4734.030824,0,0,1,0,0
645.156747,27,4745.070896,0,0,1,0,0
-126.387587,1,4745.318548,0,0,1,0,0
-15.899048,6,4745.895046,0,0,1,0,0
467.464196,33,4748.91377,0,0,1,0,0
328.93954,1,4749.089054,0,0,0,0,1
739.983059,32,4753.820079,1,0,0,0,0
266.536417,17,4755.729974,0,0,1,0,0
328.93954,1,4755.945013,0,0,0,0,1
328.931002,1,4756.165496,0,0,0,0,1
328.946796,1,4756.451562,0,0,0,0,1
328.831123,1,4756.632287,0,0,0,0,1
1431.454897,60,4764.843922,1,0,0,0,0
328.93954,1,4765.06568,0,0,0,0,1
635.252014,35,4770.877812,0,0,1,0,0
337.881733,1,4771.248812,0,0,1,0,0
950.063339,39,4785.642089,0,0,1,0,0
539.214585,23,4788.681103,0,0,1,0,0
328.859287,1,4788.927595,1,0,0,0,0
328.82862,1,4789.143877,0,0,0,0,1
431.103415,29,4792.889511,0,0,1,0,0
328.859288,1,4793.155744,1,0,0,0,0
-149.957104,6,4795.721494,0,0,1,0,0
757.502146,35,4801.365328,0,0,1,0,0
626.647027,34,4806.35773,0,0,1,0,0
798.077729,32,4809.665553,0,0,1,0,0
479.570979,25,4814.57342,0,0,1,0,0
337.938687,1,4815.028495,0,0,0,0,1
328.859287,1,4815.320977,1,0,0,0,0
139.029106,17,4823.719151,0,0,1,0,0
328.93954,1,4823.888113,0,0,0,0,1
919.837484,40,4827.950979,0,0,1,0,0
337.778863,1,4828.22091,0,0,0,0,1
328.863408,1,4828.446082,0,0,0,0,1
328.831123,1,4828.655049,0,0,0,0,1
127.599232,13,4830.772667,0,0,1,0,0
428.251316,21,4834.207957,0,0,1,0,0
337.826742,1,4834.430095,0,0,0,0,1
-132.918643,1,4836.076892,0,0,1,0,0
871.263164,32,4856.673845,0,0,1,0,0
584.748737,25,4860.350496,0,0,1,0,0
-71.292795,7,4863.70286,0,0,1,0,0
328.859287,1,4863.894191,1,0,0,0,0
328.93954,1,4864.114783,0,0,0,0,1
328.82862,1,4864.33,0,0,0,0,1
322.487334,18,4866.549136,0,0,1,0,0
693.345727,25,4876.959399,0,0,1,0,0
642.902581,26,4890.769738,0,0,1,0,0
246.739754,17,4893.862444,0,0,1,0,0
328.778864,1,4894.143502,0,0,0,0,1
328.931002,1,4894.388704,0,0,0,0,1
328.846564,1,4894.757566,0,0,1,0,0
877.301613,35,4921.948585,0,0,1,0,0
168.967213,10,4923.276472,0,0,1,0,0
66.999531,11,4925.183683,0,0,1,0,0
337.968285,1,4925.368287,0,0,0,0,1
111.578937,13,4927.695334,0,0,1,0,0
328.90969,1,4928.093112,0,0,1,0,0
-124.011808,1,4928.373074,0,0,1,0,0
-124.011808,1,4928.622246,0,0,1,0,0
328.800053,1,4928.773967,0,0,0,0,1
328.931002,1,4928.964742,0,0,0,0,1
328.931002,1,4929.156368,0,0,0,0,1
717.398006,39,4932.893419,0,0,1,0,0
434.529071,23,4935.260988,1,0,0,0,0
337.800052,1,4935.434885,0,0,0,0,1
337.828621,1,4935.65169,0,0,0,0,1
607.829526,23,4939.028427,0,0,1,0,0
517.500432,23,4940.950016,0,0,1,0,0
228.494066,11,4945.180657,0,0,1,0,0
875.188877,36,4950.305877,1,0,0,0,0
328.881733,1,4950.703355,0,0,1,0,0
328.93954,1,4950.872117,0,0,0,0,1
580.037456,40,4975.759394,0,0,1,0,0
337.93954,1,4975.902705,0,0,0,0,1
337.800053,1,4976.12198,0,0,0,0,1
337.778863,1,4976.357568,0,0,0,0,1
328.968284,1,4976.574162,0,0,0,0,1
328.82862,1,4976.837963,0,0,0,0,1
328.931002,1,4977.060507,0,0,0,0,1
328.947109,1,4977.320602,0,0,0,0,1
337.800053,1,4977.486416,0,0,0,0,1
-132.738533,1,4977.90534,0,0,1,0,0
439.578852,20,4987.077804,0,0,1,0,0
337.778865,1,4987.299254,0,0,0,0,1
255.633791,13,4989.918539,0,0,1,0,0
337.99729,1,4990.08475,0,0,0,0,1
337.881734,1,4990.509808,0,0,1,0,0
328.773494,1,4990.922506,0,0,1,0,0
337.800053,1,4991.083572,0,0,0,0,1
328.93954,1,4991.305817,0,0,0,0,1
1164.347629,50,4999.952708,1,0,0,0,0
328.826743,1,5000.169565,0,0,0,0,1
340.526094,16,5003.0226,0,0,1,0,0
337.997289,1,5003.268784,0,0,0,0,1
-226.110682,11,5004.673992,0,0,1,0,0
328.859286,1,5004.836187,1,0,0,0,0
751.665234,35,5009.004256,0,0,1,0,0
935.935606,44,5024.156934,0,0,1,0,0
328.93954,1,5024.310572,0,0,0,0,1
337.939541,1,5024.53841,0,0,0,0,1
337.93954,1,5024.765707,0,0,0,0,1
895.455642,39,5038.089284,0,0,1,0,0
-154.694692,6,5040.549291,0,0,1,0,0
-132.918125,1,5042.144156,0,0,1,0,0
337.800053,1,5042.282009,0,0,0,0,1
337.93954,1,5042.498223,0,0,0,0,1
328.931002,1,5042.731398,0,0,0,0,1
328.93954,1,5042.927648,0,0,0,0,1
337.828619,1,5043.148797,0,0,0,0,1
682.39774,36,5048.286774,0,0,1,0,0
435.750471,21,5056.61787,0,0,1,0,0
328.931002,1,5056.766791,0,0,0,0,1
328.826743,1,5056.956635,0,0,0,0,1
577.737804,23,5067.341551,0,0,1,0,0
-120.714,6,5067.874641,0,0,1,0,0
328.846564,1,5068.141053,0,0,1,0,0
328.977188,1,5068.400804,0,0,0,0,1
-157.619396,4,5071.546986,0,0,1,0,0
-125.587917,5,5073.235713,0,0,1,0,0
-129.071402,1,5073.519088,0,0,1,0,0
101.508136,12,5076.365865,0,0,1,0,0
673.299209,30,5078.945561,0,0,1,0,0
328.826743,1,5079.116755,0,0,0,0,1
328.909529,1,5079.304245,0,0,0,0,1
328.778864,1,5079.537551,0,0,0,0,1
530.312237,22,5083.680706,1,0,0,0,0
158.062194,11,5085.323712,0,0,1,0,0
1256.039848,58,5099.271033,0,0,1,0,0
328.773494,1,5099.6982,0,0,1,0,0
10.674684,9,5100.387195,0,0,1,0,0
328.881733,1,5100.773018,0,0,1,0,0
328.846564,1,5101.047852,0,0,1,0,0
328.93954,1,5101.250834,0,0,0,0,1
250.393447,18,5103.465775,0,0,1,0,0
-140.897522,5,5105.151392,1,0,0,0,0
570.440051,36,5110.641287,0,0,1,0,0
328.977188,1,5110.981951,0,0,0,0,1
-189.470668,5,5112.330575,0,0,1,0,0
175.814209,12,5445.166582,0,0,1,0,0
337.82862,1,5445.338427,0,0,0,0,1
328.800053,1,5445.545143,0,0,0,0,1
-99.141248,2,5445.880524,0,0,1,0,0
328.826743,1,5446.066173,0,0,0,0,1
337.778863,1,5446.270102,0,0,0,0,1
336.62121,17,5448.730916,0,0,1,0,0
-16.459806,6,5449.348699,0,0,1,0,0
-140.897522,5,5451.112245,1,0,0,0,0
201.094866,11,5452.728928,0,0,1,0,0
637.691795,31,5456.207392,0,0,1,0,0
1347.083508,57,5474.330336,0,0,1,0,0
542.198748,30,5479.859538,0,0,1,0,0
328.93954,1,5480.093189,0,0,0,0,1
337.888919,1,5480.322564,0,0,1,0,0
1023.110361,48,5487.47171,0,0,1,0,0
450.057924,26,5488.972002,0,0,1,0,0
247.631179,13,5491.593061,0,0,1,0,0
581.786174,28,5497.207179,0,0,1,0,0
213.645671,11,5499.918805,0,0,1,0,0
328.93954,1,5500.199837,0,0,0,0,1
171.691825,14,5502.703917,0,0,1,0,0
328.800053,1,5502.892044,0,0,0,0,1
-189.370226,5,5504.231145,0,0,1,0,0
-29.114162,4,5504.823864,0,0,1,0,0
13.188303,9,5506.49699,0,0,1,0,0
645.156509,31,5509.844231,0,0,1,0,0
328.778864,1,5510.052297,0,0,0,0,1
1305.221586,66,5551.549832,0,0,1,0,0
609.140227,32,5564.099162,0,0,1,0,0
-151.800564,7,5567.575435,0,0,1,0,0
328.778864,1,5567.737738,0,0,0,0,1
312.161666,14,5571.389185,0,0,1,0,0
482.833801,24,5572.669173,0,0,1,0,0
412.631152,19,5574.769765,0,0,1,0,0
1215.789359,51,5583.363644,1,0,0,0,0
167.442289,14,5585.287664,0,0,1,0,0
328.826743,1,5585.480156,0,0,0,0,1
298.305868,17,5588.431375,0,0,1,0,0
328.99729,1,5588.685999,0,0,0,0,1
328.826743,1,5588.899444,0,0,0,0,1
328.93954,1,5589.100145,0,0,0,0,1
337.778863,1,5589.351435,0,0,0,0,1
149.404237,13,5591.113901,0,0,1,0,0
330.129458,1,5591.534165,0,0,1,0,0
70.987452,11,5593.897226,0,0,1,0,0
-152.638652,6,5597.081135,0,0,1,0,0
596.88481,24,5602.369326,0,0,1,0,0
328.931002,1,5602.512405,0,0,0,0,1
937.982808,48,5617.717675,0,0,1,0,0
735.43242,34,5630.694077,0,0,1,0,0
-142.066656,5,5632.523818,1,0,0,0,0
114.653127,8,5638.289154,0,0,1,0,0
328.90969,1,5638.695953,0,0,1,0,0
328.93954,1,5638.898218,0,0,0,0,1
328.80893,1,5639.123204,0,0,0,0,1
328.99729,1,5639.360768,0,0,0,0,1
-123.749675,3,5641.686797,0,0,1,0,0
328.800053,1,5641.850159,0,0,0,0,1
328.90969,1,5642.25968,0,0,1,0,0
-132.893138,1,5643.784309,0,0,1,0,0
-151.800564,7,5647.161567,0,0,1,0,0
393.287413,20,5650.82102,0,0,1,0,0
337.997289,1,5651.129614,0,0,0,0,1
631.946788,10,5659.149454,0,0,0,0,1
328.778864,1,5659.367854,0,0,0,0,1
328.931002,1,5659.582011,0,0,0,0,1
328.778864,1,5659.800388,0,0,0,0,1
633.099615,10,5667.752839,0,0,0,0,1
847.064364,44,5675.085202,0,0,1,0,0
328.931002,1,5675.319418,0,0,0,0,1
328.873836,1,5675.633418,0,0,0,0,1
328.93954,1,5675.847568,0,0,0,0,1
5.214177,9,5678.271749,0,0,1,0,0
-15.547121,8,5680.75429,0,0,1,0,0
-126.88327,3,5682.636838,0,0,1,0,0
337.826743,1,5682.788144,0,0,0,0,1
-132.738533,1,5683.269968,0,0,1,0,0
328.826743,1,5683.538823,0,0,0,0,1
924.031608,40,5700.31064,0,0,1,0,0
550.02209,32,5704.203369,0,0,1,0,0
328.800053,1,5704.428337,0,0,0,0,1
-67.554667,4,5704.98637,0,0,1,0,0
328.826743,1,5705.168489,0,0,0,0,1
328.826743,1,5705.396232,0,0,0,0,1
328.778864,1,5705.629675,0,0,0,0,1
328.931002,1,5705.906814,0,0,0,0,1
337.85283,1,5706.163588,0,0,1,0,0
328.859287,1,5706.41198,1,0,0,0,0
328.881733,1,5706.872427,0,0,1,0,0
-133.292008,4,5709.918424,0,0,1,0,0
337.931001,1,5710.126898,0,0,0,0,1
-131.591002,4,5712.969496,0,0,1,0,0
-16.400294,6,5713.64599,0,0,1,0,0
337.828619,1,5713.904346,0,0,0,0,1
-129.071402,1,5714.351762,0,0,1,0,0
337.968284,1,5714.657248,0,0,0,0,1
-37.138835,4,5715.403977,0,0,1,0,0
5.243751,9,5717.743292,0,0,1,0,0
328.826743,1,5717.939123,0,0,0,0,1
313.009204,19,5720.478415,0,0,1,0,0
328.93954,1,5720.686821,0,0,0,0,1
518.787186,32,5725.011171,0,0,1,0,0
328.826743,1,5725.206475,0,0,0,0,1
328.800053,1,5725.437524,0,0,0,0,1
-97.103247,2,5726.467967,0,0,1,0,0
337.931001,1,5726.617645,0,0,0,0,1
328.863408,1,5726.867929,0,0,0,0,1
9.759139,9,5728.694947,0,0,1,0,0
124.205429,13,5731.257856,0,0,1,0,0
-124.087411,3,5733.807436,0,0,1,0,0
181.045583,12,5747.349425,0,0,1,0,0
337.99729,1,5747.502661,0,0,0,0,1
321.129458,1,5747.937116,0,0,1,0,0
328.846564,1,5748.246251,0,0,1,0,0
328.881733,1,5748.679698,0,0,1,0,0
328.931002,1,5748.86198,0,0,0,0,1
337.931002,1,5749.055185,0,0,0,0,1
328.931002,1,5749.271525,0,0,0,0,1
1077.11922,55,5757.830764,0,0,1,0,0
328.931002,1,5758.14287,0,0,0,0,1
337.939541,1,5758.365153,0,0,0,0,1
337.863406,1,5758.594748,0,0,0,0,1
-123.737026,1,5759.060633,0,0,1,0,0
328.826743,1,5759.31784,0,0,0,0,1
899.358488,40,5768.30709,0,0,1,0,0
328.778864,1,5768.548505,0,0,0,0,1
328.800053,1,5768.820845,0,0,0,0,1
328.859287,1,5769.088277,1,0,0,0,0
-151.800564,7,5773.058456,0,0,1,0,0
328.826743,1,5773.232143,0,0,0,0,1
337.991637,1,5773.694808,0,0,0,0,1
-44.842087,4,5774.295208,0,0,1,0,0
599.543483,29,5777.695384,0,0,1,0,0
1589.019439,72,5795.937806,0,0,1,0,0
196.524278,13,5803.223932,0,0,1,0,0
47.444641,10,5803.806549,0,0,1,0,0
-156.933465,6,5806.202675,0,0,1,0,0
328.99729,1,5806.34735,0,0,0,0,1
328.93954,1,5806.560806,0,0,0,0,1
656.344744,33,5810.562573,0,0,1,0,0
261.8774,12,5814.021004,0,0,1,0,0
600.276466,26,5819.309407,0,0,1,0,0
328.800053,1,5819.525282,0,0,0,0,1
416.654874,21,5821.511081,0,0,1,0,0
337.800053,1,5821.669287,0,0,0,0,1
766.443647,28,5826.351286,0,0,1,0,0
647.472067,26,5830.782713,0,0,1,0,0
1201.956237,48,5839.31831,0,0,1,0,0
609.816469,24,5843.43584,0,0,1,0,0
659.337846,30,5855.372658,0,0,1,0,0
455.315667,23,5859.702675,0,0,1,0,0
337.93954,1,5860.01687,0,0,0,0,1
-120.080054,1,5860.457141,0,0,1,0,0
-159.048744,4,5864.36996,0,0,1,0,0
330.129458,1,5864.737688,0,0,1,0,0
-126.999021,3,5866.475119,0,0,1,0,0
337.863407,1,5866.619475,0,0,0,0,1
650.67885,33,5872.78934,1,0,0,0,0
202.504872,15,5875.299198,1,0,0,0,0
337.93954,1,5875.526269,0,0,0,0,1
328.99729,1,5875.773623,0,0,0,0,1
328.93954,1,5876.016057,0,0,0,0,1
23.865696,9,5876.664871,0,0,1,0,0
-151.800564,7,5880.424981,0,0,1,0,0
328.82862,1,5880.578371,0,0,0,0,1
328.931002,1,5880.814061,0,0,0,0,1
1020.797602,39,5885.893644,0,0,1,0,0
87.534523,14,5887.914122,0,0,1,0,0
329.290509,23,5890.762326,0,0,1,0,0
328.800053,1,5890.922775,0,0,0,0,1
328.931002,1,5891.121488,0,0,0,0,1
206.228411,11,5895.804355,0,0,1,0,0
328.90969,1,5896.225655,0,0,1,0,0
-126.911501,7,5898.339261,0,0,1,0,0
-99.121946,2,5898.65478,0,0,1,0,0
337.881732,1,5906.403135,0,0,1,0,0
328.931002,1,5906.56987,0,0,0,0,1
328.778864,1,5906.805945,0,0,0,0,1
35.976866,10,5907.922032,0,0,1,0,0
328.778864,1,5908.178034,0,0,0,0,1
328.863408,1,5908.430687,0,0,0,0,1
-108.112008,2,5908.857996,1,0,0,0,0
328.863408,1,5909.097106,0,0,0,0,1
328.778864,1,5909.348056,0,0,0,0,1
34.728045,10,5912.203084,0,0,1,0,0
-115.362118,2,5912.550556,0,0,1,0,0
384.97894,17,5916.423821,0,0,1,0,0
61.722187,14,5918.593447,0,0,1,0,0
402.167589,21,5921.62029,0,0,1,0,0
328.826743,1,5921.788297,0,0,0,0,1
328.93954,1,5921.991277,0,0,0,0,1
110.210654,15,5924.266431,0,0,1,0,0
337.997289,1,5924.530931,0,0,0,0,1
328.82862,1,5924.771631,0,0,0,0,1
572.867818,26,5930.10889,1,0,0,0,0
-224.671947,13,5931.599294,0,0,1,0,0
337.828619,1,5931.775348,0,0,0,0,1
328.800053,1,5932.008795,0,0,0,0,1
337.808928,1,5932.254551,0,0,0,0,1
328.947109,1,5932.60693,0,0,0,0,1
328.99729,1,5932.840549,0,0,0,0,1
328.93954,1,5933.095184,0,0,0,0,1
-132.922976,1,5934.777216,0,0,1,0,0
403.548477,17,5947.71235,0,0,1,0,0
328.991637,1,5948.147753,0,0,0,0,1
328.931002,1,5948.31495,0,0,0,0,1
593.796438,26,5951.51997,1,0,0,0,0
183.743196,14,5960.941627,0,0,1,0,0
736.136387,34,5966.018596,1,0,0,0,0
-115.012824,1,5966.337511,0,0,1,0,0
209.882739,15,5968.796733,0,0,1,0,0
328.863408,1,5969.010413,0,0,0,0,1
1025.261991,42,5978.674769,0,0,1,0,0
685.256527,17,5981.216378,0,0,0,0,1
328.800053,1,5981.435685,0,0,0,0,1
328.977188,1,5981.767601,0,0,0,0,1
244.55169,12,5991.175182,0,0,1,0,0
-50.442023,7,5992.630759,0,0,1,0,0
337.800053,1,5992.872921,0,0,0,0,1
652.553165,30,5999.357173,0,0,1,0,0
740.921282,28,6004.511722,0,0,1,0,0
202.504872,15,6006.850046,1,0,0,0,0
944.930998,52,6024.263674,0,0,1,0,0
328.778864,1,6024.482087,0,0,0,0,1
182.748852,14,6026.57191,0,0,1,0,0
-129.531911,4,6029.165661,0,0,1,0,0
966.765051,46,6038.937618,0,0,1,0,0
328.888918,1,6039.153075,0,0,1,0,0
-125.83463,5,6041.010541,0,0,1,0,0
544.872433,24,6044.718164,0,0,1,0,0
257.665668,18,6046.717049,0,0,1,0,0
328.93954,1,6046.945749,0,0,0,0,1
337.931002,1,6047.191114,0,0,0,0,1
337.800054,1,6047.396454,0,0,0,0,1
568.033321,26,6050.314273,0,0,1,0,0
328.863408,1,6050.567816,0,0,0,0,1
328.778864,1,6050.82262,0,0,0,0,1
337.931002,1,6051.042784,0,0,0,0,1
328.977188,1,6051.35257,0,0,0,0,1
65.095013,11,6053.504029,0,0,1,0,0
554.78523,25,6055.83736,0,0,1,0,0
585.637323,27,6078.685129,0,0,1,0,0
337.931001,1,6078.837366,0,0,0,0,1
328.873836,1,6079.118468,0,0,0,0,1
881.818654,37,6083.512892,0,0,1,0,0
638.626175,34,6096.7074,0,0,1,0,0
328.826743,1,6096.941944,0,0,0,0,1
337.800055,1,6097.210955,0,0,0,0,1
250.592454,14,6099.977739,0,0,1,0,0
328.93954,1,6100.223542,0,0,0,0,1
-140.999267,1,6102.803742,1,0,0,0,0
-115.696443,2,6103.148765,0,0,1,0,0
209.980751,18,6112.91661,0,0,1,0,0
377.624563,20,6115.073852,0,0,1,0,0
328.931002,1,6115.272879,0,0,0,0,1
337.826742,1,6115.513922,0,0,0,0,1
328.931002,1,6115.735808,0,0,0,0,1
328.90969,1,6116.183545,0,0,1,0,0
337.931,1,6116.43117,0,0,0,0,1
703.040338,12,6117.978369,0,0,0,0,1
-216.711534,15,6120.10062,0,0,1,0,0
328.93954,1,6120.279483,0,0,0,0,1
328.93954,1,6120.53942,0,0,0,0,1
931.177985,42,6127.785401,0,0,1,0,0
337.997289,1,6128.039743,0,0,0,0,1
328.99729,1,6128.2551,0,0,0,0,1
181.209287,12,6130.617602,0,0,1,0,0
328.920203,1,6131.035484,0,0,0,0,1
328.99729,1,6131.2496,0,0,0,0,1
328.778864,1,6131.523583,0,0,0,0,1
328.778864,1,6131.767441,0,0,0,0,1
328.863408,1,6131.996511,0,0,0,0,1
328.863408,1,6132.22222,0,0,0,0,1
915.072846,44,6139.363747,0,0,1,0,0
321.129458,1,6139.75716,0,0,1,0,0
55.265387,11,6148.53482,0,0,1,0,0
328.93954,1,6148.741952,0,0,0,0,1
862.690904,38,6156.72155,0,0,1,0,0
328.859287,1,6156.957653,1,0,0,0,0
328.82862,1,6157.186107,0,0,0,0,1
806.5772,42,6162.319368,0,0,1,0,0
1012.784801,44,6164.672042,0,0,1,0,0
328.859287,1,6164.838412,1,0,0,0,0
328.778864,1,6165.106696,0,0,0,0,1
328.99729,1,6165.361359,0,0,0,0,1
-199.43526,5,6166.036624,0,0,1,0,0
841.123352,28,6171.200246,0,0,1,0,0
337.997289,1,6171.359098,0,0,0,0,1
447.339326,19,6174.129706,0,0,1,0,0
337.826743,1,6174.34414,0,0,0,0,1
337.826743,1,6174.517854,0,0,0,0,1
328.938687,1,6174.862317,0,0,0,0,1
595.42574,27,6177.463042,0,0,1,0,0
595.188937,27,6180.503335,0,0,1,0,0
855.236443,39,6186.972764,0,0,1,0,0
-223.793572,12,6188.43895,0,0,1,0,0
328.863408,1,6188.571995,0,0,0,0,1
5.052496,9,6197.202967,0,0,1,0,0
-158.034737,4,6200.380283,0,0,1,0,0
427.889669,27,6203.134488,0,0,1,0,0
77.159517,11,6204.49531,0,0,1,0,0
684.501812,27,6208.56954,0,0,1,0,0
337.826743,1,6208.704143,0,0,0,0,1
328.931002,1,6208.906127,0,0,0,0,1
337.778864,1,6209.103307,0,0,0,0,1
337.968284,1,6209.307188,0,0,0,0,1
75.77506,8,6211.000214,0,0,1,0,0
328.852829,1,6211.295631,0,0,1,0,0
337.826743,1,6211.489366,0,0,0,0,1
782.514634,35,6214.41226,0,0,1,0,0
733.167284,38,6220.816825,0,0,1,0,0
642.240924,34,6226.341249,0,0,1,0,0
328.826743,1,6226.567659,0,0,0,0,1
328.968284,1,6226.759195,0,0,0,0,1
63.392104,11,6228.786176,0,0,1,0,0
328.778864,1,6229.010801,0,0,0,0,1
660.795099,33,6233.108317,0,0,1,0,0
328.888918,1,6233.358532,0,0,1,0,0
-17.406838,6,6234.04321,0,0,1,0,0
337.997289,1,6241.112065,0,0,0,0,1
700.719426,32,6244.216147,0,0,1,0,0
328.800053,1,6244.426558,0,0,0,0,1
440.565499,19,6247.067549,0,0,1,0,0
-36.829356,4,6247.652975,0,0,1,0,0
328.93954,1,6247.802456,0,0,0,0,1
337.931001,1,6248.055208,0,0,0,0,1
328.93954,1,6248.286197,0,0,0,0,1
-67.479116,4,6248.854853,0,0,1,0,0
608.782897,26,6253.308017,1,0,0,0,0
33.093188,10,6255.955674,0,0,1,0,0
-206.638057,5,6257.464569,0,0,1,0,0
67.142738,11,6259.37101,0,0,1,0,0
840.576597,40,6266.002366,0,0,1,0,0
-132.928835,1,6267.539703,0,0,1,0,0
361.900836,18,6270.437991,1,0,0,0,0
328.859287,1,6270.665984,1,0,0,0,0
337.997289,1,6270.881096,0,0,0,0,1
328.93954,1,6271.110969,0,0,0,0,1
635.147012,29,6292.606082,0,0,1,0,0
237.397804,15,6294.108018,0,0,1,0,0
189.514399,14,6295.678483,0,0,1,0,0
-219.574314,13,6296.913755,0,0,1,0,0
-108.122235,2,6297.175316,0,0,1,0,0
540.220932,28,6308.376017,0,0,1,0,0
90.204335,8,6310.305856,0,0,1,0,0
328.826743,1,6310.601634,0,0,0,0,1
328.881733,1,6310.992639,0,0,1,0,0
337.800053,1,6311.152645,0,0,0,0,1
328.93954,1,6311.377683,0,0,0,0,1
337.939541,1,6311.603234,0,0,0,0,1
202.504872,15,6313.7837,1,0,0,0,0
328.778864,1,6313.995684,0,0,0,0,1
-125.814492,5,6315.673028,0,0,1,0,0
-126.725803,7,6317.968024,0,0,1,0,0
337.826742,1,6318.133492,0,0,0,0,1
891.026091,38,6325.752258,0,0,1,0,0
337.997289,1,6325.988073,0,0,0,0,1
337.863407,1,6326.196502,0,0,0,0,1
-211.532321,12,6327.668376,0,0,1,0,0
217.139081,17,6330.165884,0,0,1,0,0
321.129458,1,6330.562173,0,0,1,0,0
328.977188,1,6330.842404,0,0,0,0,1
-153.515268,3,6334.524738,0,0,1,0,0
337.931002,1,6334.68632,0,0,0,0,1
328.931002,1,6334.887036,0,0,0,0,1
328.881733,1,6335.273054,0,0,1,0,0
159.156877,21,6344.584524,0,0,1,0,0
328.949737,1,6344.852213,0,0,0,0,1
337.778863,1,6345.094496,0,0,0,0,1
39.924555,10,6347.256092,0,0,1,0,0
328.859287,1,6347.513796,1,0,0,0,0
328.110247,16,6350.197952,0,0,1,0,0
574.971856,26,6359.691023,0,0,1,0,0
328.826743,1,6359.865196,0,0,0,0,1
346.720674,23,6362.046306,0,0,1,0,0
328.920203,1,6362.463018,0,0,0,0,1
489.361637,23,6372.12428,0,0,1,0,0
323.282151,16,6373.636406,0,0,1,0,0
328.931002,1,6373.842377,0,0,0,0,1
328.826743,1,6374.032787,0,0,0,0,1
337.93954,1,6374.261035,0,0,0,0,1
564.880794,30,6377.937206,0,0,1,0,0
337.863408,1,6378.138311,0,0,0,0,1
328.826743,1,6378.343204,0,0,0,0,1
321.129458,1,6378.758724,0,0,1,0,0
415.293159,19,6390.526016,0,0,1,0,0
602.178055,13,6392.380998,0,0,0,0,1
328.778864,1,6392.60663,0,0,0,0,1
321.129458,1,6393.0605,0,0,1,0,0
337.881733,1,6393.477014,0,0,1,0,0
-126.924484,3,6395.047751,0,0,1,0,0
-124.489981,5,6396.561904,0,0,1,0,0
328.920203,1,6396.92225,0,0,0,0,1
328.909529,1,6397.112689,0,0,0,0,1
611.779659,30,6399.157694,0,0,1,0,0
328.800053,1,6399.318421,0,0,0,0,1
-71.987891,7,6402.664816,0,0,1,0,0
328.931002,1,6402.823641,0,0,0,0,1
328.778864,1,6403.015808,0,0,0,0,1
337.931001,1,6403.232742,0,0,0,0,1
-151.351107,6,6405.658087,0,0,1,0,0
337.826742,1,6405.789505,0,0,0,0,1
-192.190062,8,6406.456588,0,0,1,0,0
328.826743,1,6406.601347,0,0,0,0,1
-158.748153,4,6409.742166,0,0,1,0,0
328.881733,1,6410.073639,0,0,1,0,0
1079.004931,44,6424.179684,0,0,1,0,0
-158.188555,4,6427.57049,0,0,1,0,0
337.881732,1,6427.890491,0,0,1,0,0
328.99729,1,6428.045082,0,0,0,0,1
328.800053,1,6428.2491,0,0,0,0,1
-16.39667,6,6428.904614,0,0,1,0,0
-129.071402,1,6429.262143,0,0,1,0,0
328.881733,1,6429.703233,0,0,1,0,0
337.93954,1,6429.881809,0,0,0,0,1
328.826743,1,6430.11217,0,0,0,0,1
328.968284,1,6430.310428,0,0,0,0,1
328.93954,1,6430.584005,0,0,0,0,1
176.897652,16,6432.321766,0,0,1,0,0
76.219064,8,6433.880111,0,0,1,0,0
328.778864,1,6434.179202,0,0,0,0,1
-108.16604,2,6434.640402,1,0,0,0,0
328.826743,1,6434.930108,0,0,0,0,1
531.193352,32,6438.397408,0,0,1,0,0
-124.40626,5,6440.003775,0,0,1,0,0
328.800053,1,6440.132056,0,0,0,0,1
328.93954,1,6440.315854,0,0,0,0,1
1308.394099,57,6449.234282,0,0,1,0,0
337.931002,1,6449.441929,0,0,0,0,1
-195.804723,8,6450.056976,0,0,1,0,0
497.091908,23,6451.891382,0,0,1,0,0
386.768562,19,6453.498958,0,0,1,0,0
328.881733,1,6453.858313,0,0,1,0,0
-191.621389,8,6454.47906,0,0,1,0,0
176.004758,17,6456.644599,0,0,1,0,0
219.31496,15,6458.736706,0,0,1,0,0
328.93954,1,6458.949301,0,0,0,0,1
328.881733,1,6459.466198,0,0,1,0,0
145.412091,14,6469.285445,0,0,1,0,0
328.863408,1,6469.602869,0,0,0,0,1
13.626241,9,6470.631694,0,0,1,0,0
-132.922976,1,6472.158522,0,0,1,0,0
606.060018,28,6477.716753,0,0,1,0,0
651.065704,28,6479.913508,0,0,1,0,0
786.732334,30,6483.639109,0,0,1,0,0
328.93954,1,6483.888913,0,0,0,0,1
328.931002,1,6484.116006,0,0,0,0,1
1424.796138,68,6494.105233,0,0,1,0,0
328.753754,16,6497.358878,1,0,0,0,0
-143.307561,5,6499.191564,1,0,0,0,0
328.920203,1,6499.585854,0,0,0,0,1
-140.538946,5,6501.367782,1,0,0,0,0
337.997291,1,6501.54719,0,0,0,0,1
298.334317,14,6512.332671,0,0,1,0,0
223.686506,13,6841.773689,0,0,1,0,0
328.93954,1,6841.942623,0,0,0,0,1
165.118385,11,6843.191286,0,0,1,0,0
328.846564,1,6843.503737,0,0,1,0,0
328.90969,1,6843.901367,0,0,1,0,0
-133.427795,4,6846.401152,0,0,1,0,0
328.931002,1,6846.597238,0,0,0,0,1
337.931001,1,6846.781289,0,0,0,0,1
341.386957,17,6857.132383,0,0,1,0,0
25.429304,9,6858.301513,0,0,1,0,0
328.931002,1,6858.447115,0,0,0,0,1
1085.960815,47,6864.613669,1,0,0,0,0
202.504872,15,6866.787683,1,0,0,0,0
398.020276,18,6868.566452,0,0,1,0,0
-6.966022,8,6869.233522,0,0,1,0,0
-129.022317,6,6870.837117,0,0,1,0,0
295.7596,44,6876.887826,0,0,1,0,0
328.93954,1,6877.130563,0,0,0,0,1
152.414613,11,6879.911158,0,0,1,0,0
337.863407,1,6880.10361,0,0,0,0,1
173.51258,11,6881.510425,0,0,1,0,0
118.831015,13,6883.490396,0,0,1,0,0
788.797858,44,6895.987348,0,0,1,0,0
-200.811204,7,6896.63205,0,0,1,0,0
347.595502,16,6899.689959,0,0,1,0,0
328.826743,1,6899.910222,0,0,0,0,1
328.931002,1,6900.101058,0,0,0,0,1
328.99729,1,6900.288111,0,0,0,0,1
328.800053,1,6900.522358,0,0,0,0,1
-137.719312,5,6901.812815,0,0,1,0,0
328.888918,1,6901.99671,0,0,1,0,0
-151.800564,7,6905.413398,0,0,1,0,0
337.93954,1,6905.563945,0,0,0,0,1
328.931002,1,6905.780523,0,0,0,0,1
609.351461,44,6909.098139,0,0,1,0,0
1006.855583,42,6916.762272,0,0,1,0,0
337.931001,1,6916.938898,0,0,0,0,1
328.826743,1,6917.120535,0,0,0,0,1
328.931002,1,6917.304643,0,0,0,0,1
80.438637,14,6919.359387,0,0,1,0,0
-62.793723,6,6922.638499,0,0,1,0,0
972.846568,56,6930.14656,1,0,0,0,0
328.99729,1,6930.379008,0,0,0,0,1
595.417306,29,6941.790226,0,0,1,0,0
328.931002,1,6942.060752,0,0,0,0,1
328.93954,1,6942.260862,0,0,0,0,1
337.808929,1,6942.476431,0,0,0,0,1
328.93954,1,6942.703145,0,0,0,0,1
328.99729,1,6942.925328,0,0,0,0,1
-126.388102,1,6943.176057,0,0,1,0,0
328.846564,1,6943.45218,0,0,1,0,0
328.93954,1,6943.64758,0,0,0,0,1
-9.556888,8,6944.304867,0,0,1,0,0
328.831123,1,6944.512851,0,0,0,0,1
330.129458,1,6944.950125,0,0,1,0,0
330.129458,1,6945.423286,0,0,1,0,0
337.931003,1,6945.595979,0,0,0,0,1
328.99729,1,6945.771784,0,0,0,0,1
328.93954,1,6945.992633,0,0,0,0,1
337.991637,1,6946.420764,0,0,0,0,1
337.99729,1,6946.594047,0,0,0,0,1
337.826743,1,6946.819134,0,0,0,0,1
328.931002,1,6947.014306,0,0,0,0,1
307.906371,16,6948.5143,0,0,1,0,0
337.888918,1,6948.693542,0,0,1,0,0
189.027634,13,7274.962798,0,0,1,0,0
328.931002,1,7275.116997,0,0,0,0,1
1284.233848,68,7283.635677,1,0,0,0,0
328.846564,1,7283.956376,0,0,1,0,0
328.863408,1,7284.138825,0,0,0,0,1
157.338452,13,7286.552304,0,0,1,0,0
328.90969,1,7286.975374,0,0,1,0,0
328.863408,1,7287.159382,0,0,0,0,1
-58.566323,4,7287.666115,0,0,1,0,0
842.455468,31,7314.254899,0,0,1,0,0
328.968284,1,7314.475536,0,0,0,0,1
483.301823,29,7319.069452,0,0,1,0,0
-115.011737,1,7319.4097,0,0,1,0,0
-188.404326,5,7320.684578,0,0,1,0,0
618.053536,29,7342.661499,0,0,1,0,0
328.968284,1,7342.818604,0,0,0,0,1
337.997289,1,7343.085298,0,0,0,0,1
328.873836,1,7343.387161,0,0,0,0,1
68.825973,14,7345.486667,0,0,1,0,0
328.846564,1,7345.827257,0,0,1,0,0
745.160552,36,7351.406524,1,0,0,0,0
571.285917,47,7355.347346,0,0,1,0,0
337.881734,1,7355.670928,0,0,1,0,0
328.778864,1,7355.820045,0,0,0,0,1
815.230299,31,7359.651363,0,0,1,0,0
644.128983,15,7361.608902,0,0,0,0,1
328.90969,1,7362.024353,0,0,1,0,0
534.68052,26,7404.177547,0,0,1,0,0
328.881733,1,7404.663272,0,0,1,0,0
337.800053,1,7404.816904,0,0,0,0,1
-140.722789,5,7406.542271,1,0,0,0,0
337.800053,1,7406.700168,0,0,0,0,1
328.778864,1,7406.924773,0,0,0,0,1
337.828619,1,7407.148735,0,0,0,0,1
328.931002,1,7407.356477,0,0,0,0,1
250.636428,21,7409.395632,0,0,1,0,0
551.95923,42,7412.827389,0,0,1,0,0
252.43262,14,7414.012058,0,0,1,0,0
328.93954,1,7414.194786,0,0,0,0,1
-140.212013,5,7415.963076,1,0,0,0,0
369.247504,18,7426.131895,0,0,1,0,0
1219.967689,52,7435.105719,0,0,1,0,0
337.93954,1,7435.370682,0,0,0,0,1
337.800053,1,7435.588522,0,0,0,0,1
328.931002,1,7435.807547,0,0,0,0,1
92.062683,12,7438.245666,0,0,1,0,0
328.778864,1,7438.432588,0,0,0,0,1
330.129458,1,7438.8823,0,0,1,0,0
328.931002,1,7439.04429,0,0,0,0,1
498.560791,30,7443.982193,0,0,1,0,0
264.772653,15,7447.446223,0,0,1,0,0
567.105735,32,7453.283643,0,0,1,0,0
328.82862,1,7453.446916,0,0,0,0,1
328.778864,1,7453.684719,0,0,0,0,1
462.127872,20,7458.170866,0,0,1,0,0
-67.57782,4,7465.754407,0,0,1,0,0
328.931002,1,7465.925043,0,0,0,0,1
328.859287,1,7466.128898,1,0,0,0,0
-127.451124,3,7467.002125,1,0,0,0,0
8.227836,9,7469.252598,0,0,1,0,0
328.93954,1,7469.458533,0,0,0,0,1
328.93954,1,7469.694892,0,0,0,0,1
-33.787226,7,7470.94508,0,0,1,0,0
328.968284,1,7471.189895,0,0,0,0,1
328.859287,1,7471.564962,1,0,0,0,0
337.931002,1,7471.808998,0,0,0,0,1
201.085236,13,7472.765151,0,0,1,0,0
337.778864,1,7472.965891,0,0,0,0,1
427.340059,21,7476.863019,1,0,0,0,0
177.021463,10,7485.597627,0,0,1,0,0
337.828621,1,7485.836291,0,0,0,0,1
328.938687,1,7486.297501,0,0,0,0,1
656.944812,10,7487.476617,0,0,0,0,1
429.275777,26,7490.439817,0,0,1,0,0
328.800053,1,7490.644051,0,0,0,0,1
328.863408,1,7490.853764,0,0,0,0,1
328.82862,1,7491.060632,0,0,0,0,1
337.938688,1,7491.411701,0,0,0,0,1
418.958438,19,7493.857641,0,0,1,0,0
337.826744,1,7494.113497,0,0,0,0,1
337.826743,1,7494.299529,0,0,0,0,1
634.785934,34,7499.717228,0,0,1,0,0
-151.800564,7,7503.049698,0,0,1,0,0
337.99729,1,7503.197771,0,0,0,0,1
622.484533,14,7512.925335,0,0,0,0,1
328.863408,1,7513.118787,0,0,0,0,1
328.881733,1,7513.525534,0,0,1,0,0
111.8569,9,7514.996276,0,0,1,0,0
328.859287,1,7515.202735,1,0,0,0,0
328.846564,1,7515.593025,0,0,1,0,0
1012.22435,48,7522.624595,1,0,0,0,0
-128.86492,4,7524.72674,0,0,1,0,0
337.826743,1,7524.863881,0,0,0,0,1
328.826743,1,7525.054598,0,0,0,0,1
328.931002,1,7525.252524,0,0,0,0,1
328.859287,1,7525.444451,1,0,0,0,0
328.800053,1,7525.641279,0,0,0,0,1
-108.195092,2,7526.03471,1,0,0,0,0
752.11298,31,7531.165539,0,0,1,0,0
52.73018,10,7532.333965,0,0,1,0,0
666.982187,11,7533.586157,0,0,0,0,1
110.210617,8,7540.455556,0,0,1,0,0
328.977188,1,7540.675683,0,0,0,0,1
337.881734,1,7541.037618,0,0,1,0,0
272.402576,16,7542.884049,0,0,1,0,0
337.931002,1,7543.063953,0,0,0,0,1
328.826743,1,7543.286681,0,0,0,0,1
328.881733,1,7543.661275,0,0,1,0,0
598.28601,27,7548.471123,0,0,1,0,0
-158.034737,4,7551.660169,0,0,1,0,0
-71.444736,7,7555.07078,0,0,1,0,0
395.579729,21,7558.715815,0,0,1,0,0
337.931,1,7558.893538,0,0,0,0,1
328.931002,1,7559.07031,0,0,0,0,1
321.129458,1,7559.502581,0,0,1,0,0
328.859287,1,7559.681256,1,0,0,0,0
328.881733,1,7560.081358,0,0,1,0,0
539.124914,27,7571.063513,0,0,1,0,0
589.445471,24,7574.78845,0,0,1,0,0
321.129458,1,7575.164525,0,0,1,0,0
319.409233,17,7577.122839,0,0,1,0,0
328.859287,1,7577.323061,1,0,0,0,0
768.527991,33,7581.638406,0,0,1,0,0
482.191871,26,7584.238049,0,0,1,0,0
337.881733,1,7584.616002,0,0,1,0,0
958.018861,22,7587.012116,0,0,0,0,1
328.93954,1,7587.212446,0,0,0,0,1
328.881733,1,7587.613038,0,0,1,0,0
23.505249,9,7588.100158,0,0,1,0,0
157.633876,9,7590.97775,0,0,1,0,0
328.800053,1,7591.172505,0,0,0,0,1
328.93954,1,7591.363425,0,0,0,0,1
210.454371,14,7593.767265,0,0,1,0,0
337.80893,1,7594.013633,0,0,0,0,1
617.303383,41,7617.79453,0,0,1,0,0
137.720142,14,7619.469963,0,0,1,0,0
187.728997,15,7622.566081,0,0,1,0,0
-151.800564,7,7625.910033,0,0,1,0,0
789.02295,34,7970.897588,0,0,1,0,0
218.242117,17,7973.092802,0,0,1,0,0
328.888918,1,7973.237955,0,0,1,0,0
201.647403,15,7975.912793,0,0,1,0,0
328.977188,1,7976.166352,0,0,0,0,1
328.778864,1,7976.34975,0,0,0,0,1
228.060375,15,7978.002161,0,0,1,0,0
1569.825702,61,7989.29118,1,0,0,0,0
-137.651531,5,7990.620948,0,0,1,0,0
328.931002,1,7990.770927,0,0,0,0,1
905.988279,40,8004.417253,0,0,1,0,0
-44.842087,4,8005.048241,0,0,1,0,0
337.997289,1,8005.178999,0,0,0,0,1
1325.507926,61,8011.549071,0,0,1,0,0
337.778864,1,8011.765642,0,0,0,0,1
-124.011808,1,8012.091332,0,0,1,0,0
840.034957,35,8015.026852,0,0,1,0,0
328.931002,1,8015.182671,0,0,0,0,1
328.931002,1,8015.373504,0,0,0,0,1
1009.004406,38,8032.996444,0,0,1,0,0
337.800052,1,8033.202269,0,0,0,0,1
-71.134571,7,8036.539631,0,0,1,0,0
328.881733,1,8036.910808,0,0,1,0,0
328.826743,1,8037.076792,0,0,0,0,1
328.800053,1,8037.256453,0,0,0,0,1
2.304375,9,8039.383825,0,0,1,0,0
337.881733,1,8039.760235,0,0,1,0,0
781.03423,37,8046.585144,0,0,1,0,0
328.93954,1,8046.868505,0,0,0,0,1
328.778864,1,8047.113515,0,0,0,0,1
337.881734,1,8047.528115,0,0,1,0,0
364.103346,20,8057.342569,0,0,1,0,0
485.834223,21,8060.359966,0,0,1,0,0
328.863408,1,8060.598427,0,0,0,0,1
-153.539555,3,8064.08665,0,0,1,0,0
337.997291,1,8064.222558,0,0,0,0,1
627.314651,30,8066.745222,0,0,1,0,0
-70.280344,7,8070.017053,0,0,1,0,0
-140.897522,5,8071.761042,1,0,0,0,0
1901.951536,75,8078.396479,0,0,1,0,0
-88.100332,2,8079.446471,0,0,1,0,0
328.931002,1,8079.62859,0,0,0,0,1
328.90969,1,8080.157218,0,0,1,0,0
122.739703,12,8082.077524,0,0,1,0,0
499.359305,22,8085.854454,0,0,1,0,0
328.800053,1,8086.102978,0,0,0,0,1
337.863407,1,8086.310539,0,0,0,0,1
328.93954,1,8086.533809,0,0,0,0,1
144.912107,9,8093.530434,0,0,1,0,0
337.800053,1,8093.701884,0,0,0,0,1
337.828621,1,8093.918983,0,0,0,0,1
328.800053,1,8094.122814,0,0,0,0,1
697.914369,32,8099.481193,0,0,1,0,0
-140.494184,5,8101.232148,1,0,0,0,0
328.947411,1,8101.503619,0,0,0,0,1
328.859287,1,8101.695681,1,0,0,0,0
328.800053,1,8101.889704,0,0,0,0,1
328.968284,1,8102.100014,0,0,0,0,1
881.912438,43,8115.045219,0,0,1,0,0
-127.278263,3,8115.936967,1,0,0,0,0
328.778864,1,8116.099863,0,0,0,0,1
337.997291,1,8116.34228,0,0,0,0,1
375.832055,18,8119.689708,1,0,0,0,0
328.93954,1,8119.962719,0,0,0,0,1
330.129458,1,8120.393325,0,0,1,0,0
337.826743,1,8120.545632,0,0,0,0,1
337.931001,1,8120.723506,0,0,0,0,1
185.215543,11,8122.521235,0,0,1,0,0
1028.401153,44,8129.583909,0,0,1,0,0
328.99729,1,8129.860102,0,0,0,0,1
328.82862,1,8130.140962,0,0,0,0,1
466.500455,27,8133.404844,0,0,1,0,0
253.948836,14,8139.8784,0,0,1,0,0
337.82862,1,8140.019185,0,0,0,0,1
-199.603445,5,8140.555637,0,0,1,0,0
-148.609356,7,8143.869447,0,0,1,0,0
337.997289,1,8144.002704,0,0,0,0,1
328.968284,1,8144.203302,0,0,0,0,1
-132.738533,1,8144.685565,0,0,1,0,0
328.90969,1,8145.217042,0,0,1,0,0
328.859287,1,8145.465793,1,0,0,0,0
789.540185,36,8150.656659,0,0,1,0,0
337.93954,1,8150.953071,0,0,0,0,1
328.826743,1,8151.227161,0,0,0,0,1
337.800053,1,8151.489984,0,0,0,0,1
622.109818,10,8159.671836,0,0,0,0,1
-35.824305,4,8160.308975,0,0,1,0,0
794.641201,28,8176.177267,0,0,1,0,0
-140.802208,5,8178.241574,1,0,0,0,0
337.931003,1,8178.425165,0,0,0,0,1
328.846564,1,8178.737755,0,0,1,0,0
835.928278,36,8185.537789,0,0,1,0,0
811.087001,35,8193.242031,0,0,1,0,0
351.554265,17,8194.717074,0,0,1,0,0
-151.800564,7,8198.521158,0,0,1,0,0
594.746787,31,8201.356775,0,0,1,0,0
328.773494,1,8201.879159,0,0,1,0,0
337.863408,1,8202.075016,0,0,0,0,1
328.93954,1,8202.311983,0,0,0,0,1
-204.597425,5,8204.009548,0,0,1,0,0
321.129458,1,8204.429913,0,0,1,0,0
337.881733,1,8204.781387,0,0,1,0,0
819.528129,42,8212.780087,0,0,1,0,0
251.006679,16,8214.47864,0,0,1,0,0
337.800053,1,8214.658828,0,0,0,0,1
422.894966,21,8216.54318,0,0,1,0,0
156.199073,10,8217.682277,0,0,1,0,0
328.991637,1,8218.129835,0,0,0,0,1
328.93954,1,8218.328913,0,0,0,0,1
907.07666,64,8233.76056,0,0,1,0,0
-133.419669,4,8236.703755,0,0,1,0,0
337.93954,1,8236.893698,0,0,0,0,1
328.931002,1,8237.140194,0,0,0,0,1
328.800053,1,8237.380082,0,0,0,0,1
337.939542,1,8237.606742,0,0,0,0,1
336.400621,18,8239.634306,0,0,1,0,0
328.863408,1,8239.819963,0,0,0,0,1
445.247694,21,8249.40222,0,0,1,0,0
-108.16604,2,8249.730479,1,0,0,0,0
328.773494,1,8250.232912,0,0,1,0,0
833.412828,48,8257.70488,1,0,0,0,0
590.223373,31,8262.081721,0,0,1,0,0
695.262667,24,8278.631591,0,0,1,0,0
-124.087411,3,8281.128007,0,0,1,0,0
1219.768978,51,8288.720294,1,0,0,0,0
328.846564,1,8289.062026,0,0,1,0,0
328.931002,1,8289.274129,0,0,0,0,1
328.99729,1,8289.481781,0,0,0,0,1
328.920203,1,8297.127004,0,0,0,0,1
494.747051,23,8645.028739,0,0,1,0,0
328.931002,1,8645.224435,0,0,0,0,1
328.778864,1,8645.460931,0,0,0,0,1
328.99729,1,8645.739762,0,0,0,0,1
287.384537,17,8656.72324,0,0,1,0,0
-153.50992,3,8660.300955,0,0,1,0,0
328.778864,1,8660.473418,0,0,0,0,1
328.852829,1,8660.766787,0,0,1,0,0
268.095755,15,8663.085567,0,0,1,0,0
472.50413,23,8664.982245,0,0,1,0,0
337.888917,1,8665.15102,0,0,1,0,0
575.851396,26,8671.827067,0,0,1,0,0
-147.289602,5,8674.635429,0,0,1,0,0
409.445058,25,8678.116133,0,0,1,0,0
534.9007,27,8682.80669,1,0,0,0,0
328.800053,1,8683.026668,0,0,0,0,1
-126.996194,3,8683.918181,1,0,0,0,0
328.773494,1,8684.369309,0,0,1,0,0
-124.078247,3,8686.921245,0,0,1,0,0
328.93954,1,8687.116102,0,0,0,0,1
531.522736,31,8697.863014,0,0,1,0,0
671.719328,33,8700.264346,0,0,1,0,0
90.504367,12,8702.674202,0,0,1,0,0
337.997289,1,8702.892015,0,0,0,0,1
-140.840209,5,8704.833604,1,0,0,0,0
533.096749,24,8709.030968,1,0,0,0,0
-206.256436,5,8710.770113,0,0,1,0,0
-6.846413,8,8712.444806,0,0,1,0,0
337.800054,1,8712.704521,0,0,0,0,1
337.997289,1,8712.937949,0,0,0,0,1
604.87936,29,8716.081418,0,0,1,0,0
-199.603445,5,8716.728591,0,0,1,0,0
-16.409457,6,8717.34022,0,0,1,0,0
328.99729,1,8717.573514,0,0,0,0,1
328.991637,1,8718.032483,0,0,0,0,1
-126.847918,3,8719.771611,0,0,1,0,0
328.99729,1,8719.933075,0,0,0,0,1
328.977188,1,8720.239883,0,0,0,0,1
328.93954,1,8720.432197,0,0,0,0,1
328.826743,1,8720.669405,0,0,0,0,1
602.35398,30,8723.772281,1,0,0,0,0
95.905332,11,8725.72802,0,0,1,0,0
-205.432291,5,8727.348526,0,0,1,0,0
358.821254,24,8730.842249,0,0,1,0,0
328.778864,1,8731.078961,0,0,0,0,1
328.873836,1,8731.456627,0,0,0,0,1
-124.351596,5,8733.247673,0,0,1,0,0
328.99729,1,8733.385438,0,0,0,0,1
84.634534,14,8734.788507,0,0,1,0,0
302.405282,14,8744.389636,0,0,1,0,0
-126.996194,3,8745.410483,1,0,0,0,0
1352.237519,56,8770.646681,0,0,1,0,0
328.931002,1,8778.162785,0,0,0,0,1
328.778864,1,8778.403903,0,0,0,0,1
155.683623,10,8781.005976,0,0,1,0,0
-205.571741,5,8782.860121,0,0,1,0,0
337.826744,1,8783.006495,0,0,0,0,1
328.863408,1,8783.201533,0,0,0,0,1
-126.996194,3,8784.116553,1,0,0,0,0
328.93954,1,8784.265432,0,0,0,0,1
-126.388102,1,8784.510568,0,0,1,0,0
337.778864,1,8784.706736,0,0,0,0,1
700.334179,36,8788.212184,0,0,1,0,0
337.931002,1,8788.395612,0,0,0,0,1
321.129458,1,8788.875828,0,0,1,0,0
621.986161,33,8794.976424,0,0,1,0,0
328.873836,1,8795.277985,0,0,0,0,1
328.931002,1,8795.503479,0,0,0,0,1
39.827999,10,8796.393724,0,0,1,0,0
477.719497,22,8799.485376,0,0,1,0,0
1492.035075,55,8819.78602,1,0,0,0,0
317.120134,33,8838.67323,0,0,1,0,0
361.511613,18,8841.17653,0,0,1,0,0
328.99729,1,8841.375307,0,0,0,0,1
337.931002,1,8841.612366,0,0,0,0,1
-120.072115,1,8841.942788,0,0,1,0,0
425.425515,22,8843.822318,0,0,1,0,0
328.859287,1,8843.98966,1,0,0,0,0
328.800053,1,8844.17991,0,0,0,0,1
204.651729,13,9186.494223,0,0,1,0,0
328.99729,1,9186.639244,0,0,0,0,1
-187.398041,5,9188.095787,0,0,1,0,0
5.982512,9,9190.010413,0,0,1,0,0
-35.297908,4,9190.673228,0,0,1,0,0
372.492617,19,9194.119009,0,0,1,0,0
667.259517,31,9217.771725,0,0,1,0,0
-118.906333,7,9219.639259,0,0,1,0,0
328.778864,1,9219.848539,0,0,0,0,1
1052.907821,38,9234.147879,0,0,1,0,0
-122.103929,6,9234.792209,0,0,1,0,0
328.931002,1,9234.944673,0,0,0,0,1
208.924804,15,9237.859149,0,0,1,0,0
328.778864,1,9238.096397,0,0,0,0,1
395.769116,19,9240.127891,0,0,1,0,0
337.800055,1,9240.338071,0,0,0,0,1
604.44475,29,9243.888275,0,0,1,0,0
-125.144237,5,9245.699137,0,0,1,0,0
337.778864,1,9245.865602,0,0,0,0,1
174.237051,11,9246.99106,1,0,0,0,0
328.991637,1,9247.423814,0,0,0,0,1
24.25223,12,9249.087073,0,0,1,0,0
337.82862,1,9249.330532,0,0,0,0,1
337.826742,1,9249.564235,0,0,0,0,1
21.931888,9,9250.228343,0,0,1,0,0
328.931002,1,9250.38483,0,0,0,0,1
-9.626156,8,9250.958289,0,0,1,0,0
328.99729,1,9251.152388,0,0,0,0,1
1812.269778,71,9260.755081,1,0,0,0,0
337.800054,1,9260.980807,0,0,0,0,1
406.507605,18,9265.374709,0,0,1,0,0
328.778864,1,9265.57721,0,0,0,0,1
460.209709,30,9277.285048,0,0,1,0,0
337.881733,1,9277.811176,0,0,1,0,0
328.93954,1,9277.98482,0,0,0,0,1
337.828618,1,9278.23329,0,0,0,0,1
328.881733,1,9278.702687,0,0,1,0,0
328.800053,1,9278.892643,0,0,0,0,1
-126.389292,1,9279.154363,0,0,1,0,0
175.002817,10,9283.422965,0,0,1,0,0
1071.123007,42,9288.587998,0,0,1,0,0
328.778864,1,9288.753922,0,0,0,0,1
328.778864,1,9289.011739,0,0,0,0,1
337.939541,1,9289.280336,0,0,0,0,1
337.778863,1,9289.519764,0,0,0,0,1
624.008582,30,9294.446286,0,0,1,0,0
297.795027,19,9296.234107,0,0,1,0,0
328.778864,1,9296.480008,0,0,0,0,1
319.907692,20,9299.038332,0,0,1,0,0
328.931002,1,9299.240168,0,0,0,0,1
337.800053,1,9299.433565,0,0,0,0,1
-192.191196,7,9299.976576,0,0,1,0,0
228.411156,18,9307.839497,0,0,1,0,0
516.513859,23,9311.822921,0,0,1,0,0
1226.62842,48,9317.359072,0,0,1,0,0
328.800053,1,9317.513145,0,0,0,0,1
13.626241,9,9318.353616,0,0,1,0,0
328.920203,1,9318.849898,0,0,0,0,1
337.881733,1,9319.277396,0,0,1,0,0
285.548054,17,9321.444104,0,0,1,0,0
570.987264,32,9323.478855,1,0,0,0,0
-140.999267,1,9325.910526,1,0,0,0,0
177.342368,14,9327.937632,0,0,1,0,0
328.826743,1,9328.116756,0,0,0,0,1
-193.695831,9,9328.816846,0,0,1,0,0
328.931002,1,9328.95374,0,0,0,0,1
950.77736,41,9343.137142,1,0,0,0,0
168.365432,11,9345.538949,0,0,1,0,0
337.778863,1,9345.887025,0,0,0,0,1
337.863408,1,9346.086124,0,0,0,0,1
337.931002,1,9346.288302,0,0,0,0,1
328.800053,1,9346.490937,0,0,0,0,1
328.931002,1,9346.708357,0,0,0,0,1
-196.526948,8,9347.327561,0,0,1,0,0
-108.220225,2,9347.717919,1,0,0,0,0
218.915331,13,9355.416387,0,0,1,0,0
493.677688,30,9360.889386,0,0,1,0,0
-126.999021,3,9362.708906,0,0,1,0,0
202.504872,15,9364.956286,1,0,0,0,0
328.82862,1,9365.179214,0,0,0,0,1
298.688334,20,9368.038674,0,0,1,0,0
-125.805349,5,9369.912621,0,0,1,0,0
328.94372,1,9370.171842,0,0,0,0,1
396.10086,21,9374.560315,0,0,1,0,0
330.129458,1,9375.09569,0,0,1,0,0
328.778864,1,9375.310514,0,0,0,0,1
328.852829,1,9375.669498,0,0,1,0,0
328.93954,1,9375.922416,0,0,0,0,1
337.881733,1,9376.375911,0,0,1,0,0
328.947109,1,9376.612044,0,0,0,0,1
337.931003,1,9376.809034,0,0,0,0,1
328.800053,1,9377.007745,0,0,0,0,1
-14.262534,8,9379.406565,0,0,1,0,0
-115.012515,1,9379.675879,0,0,1,0,0
262.392597,18,9388.891593,0,0,1,0,0
328.846564,1,9389.241246,0,0,1,0,0
-108.315746,2,9389.635511,1,0,0,0,0
328.99729,1,9389.912825,0,0,0,0,1
359.330885,20,9392.362911,1,0,0,0,0
328.873836,1,9392.652501,0,0,0,0,1
337.800053,1,9392.853606,0,0,0,0,1
291.438145,15,9394.47665,0,0,1,0,0
191.026037,11,9396.869585,0,0,1,0,0
328.90969,1,9397.267176,0,0,1,0,0
-195.620082,9,9398.00194,0,0,1,0,0
-6.846413,8,9399.671322,0,0,1,0,0
713.334984,33,9404.930032,1,0,0,0,0
197.766213,11,9406.499082,0,0,1,0,0
328.859288,1,9406.676649,1,0,0,0,0
328.778864,1,9406.903145,0,0,0,0,1
634.184341,27,9413.19077,0,0,1,0,0
261.697338,15,9755.657324,0,0,1,0,0
494.603631,24,9759.123085,0,0,1,0,0
448.891345,22,9761.543752,0,0,1,0,0
5.982512,9,9763.443922,0,0,1,0,0
548.357647,27,9773.538254,0,0,1,0,0
328.931002,1,9773.678058,0,0,0,0,1
13.626241,9,9774.458566,0,0,1,0,0
337.931001,1,9774.685258,0,0,0,0,1
44.382819,13,9776.734009,0,0,1,0,0
328.859287,1,9777.024856,1,0,0,0,0
330.129458,1,9777.452013,0,0,1,0,0
328.881733,1,9777.832692,0,0,1,0,0
763.53046,37,9780.325096,0,0,1,0,0
-108.16604,2,9780.653138,1,0,0,0,0
-88.102711,2,9781.739716,0,0,1,0,0
1032.682507,24,9783.59695,0,0,0,0,1
257.126531,13,9786.039017,0,0,1,0,0
330.129458,1,9786.433258,0,0,1,0,0
-125.805349,5,9788.124091,0,0,1,0,0
328.863408,1,9788.267833,0,0,0,0,1
-198.645609,5,9788.854377,0,0,1,0,0
328.947109,1,9789.075061,0,0,0,0,1
643.886134,29,9792.41537,0,0,1,0,0
328.931002,1,9792.617351,0,0,0,0,1
337.93954,1,9792.830773,0,0,0,0,1
392.761317,19,9794.590234,0,0,1,0,0
-136.321983,5,9795.973643,0,0,1,0,0
1045.539297,42,9803.982307,0,0,1,0,0
337.99729,1,9804.141588,0,0,0,0,1
-198.663258,8,9804.773869,0,0,1,0,0
328.881733,1,9805.139845,0,0,1,0,0
328.800053,1,9805.301971,0,0,0,0,1
328.93954,1,9805.52353,0,0,0,0,1
328.800053,1,9805.745315,0,0,0,0,1
337.931001,1,9805.937869,0,0,0,0,1
627.632049,35,9812.812518,0,0,1,0,0
328.778864,1,9813.115684,0,0,0,0,1
281.953739,18,9815.166816,0,0,1,0,0
200.983226,15,9818.043813,0,0,1,0,0
119.788493,15,9820.220843,0,0,1,0,0
337.939541,1,9820.520327,0,0,0,0,1
-124.011808,1,9820.911958,0,0,1,0,0
328.859288,1,9821.126949,1,0,0,0,0
337.800054,1,9821.349746,0,0,0,0,1
-115.011385,1,9821.688942,0,0,1,0,0
328.859287,1,9821.889012,1,0,0,0,0
570.322607,26,9833.441629,1,0,0,0,0
-140.897522,5,9835.398514,1,0,0,0,0
328.863408,1,9835.572267,0,0,0,0,1
328.778864,1,9835.840714,0,0,0,0,1
547.435579,27,9839.942135,1,0,0,0,0
337.99729,1,9840.239328,0,0,0,0,1
328.93954,1,9840.494409,0,0,0,0,1
337.828619,1,9840.756117,0,0,0,0,1
328.99729,1,9841.034009,0,0,0,0,1
117.130361,13,9843.358702,0,0,1,0,0
648.946602,10,9844.744989,0,0,0,0,1
-121.616689,7,9846.800271,0,0,1,0,0
328.881733,1,9847.136213,0,0,1,0,0
560.694457,32,9851.021757,0,0,1,0,0
193.531747,11,9852.875616,0,0,1,0,0
328.931002,1,9853.147476,0,0,0,0,1
-115.012546,1,9853.477001,0,0,1,0,0
-158.095534,4,9857.438638,0,0,1,0,0
328.881733,1,9857.824232,0,0,1,0,0
342.320301,22,9860.471565,0,0,1,0,0
566.942532,25,9873.18097,0,0,1,0,0
337.778862,1,9873.469984,0,0,0,0,1
605.962872,32,9876.662769,0,0,1,0,0
284.101944,14,9879.828078,0,0,1,0,0
328.881733,1,9880.254472,0,0,1,0,0
328.859287,1,9880.452196,1,0,0,0,0
229.447991,12,9883.675562,0,0,1,0,0
328.99729,1,9883.955674,0,0,0,0,1
328.873836,1,9884.246638,0,0,0,0,1
328.881733,1,9884.643142,0,0,1,0,0
539.119827,25,9890.206723,1,0,0,0,0
328.99729,1,9890.510761,0,0,0,0,1
127.280529,12,9892.292811,0,0,1,0,0
-153.377498,3,9895.885258,0,0,1,0,0
328.99729,1,9896.049364,0,0,0,0,1
-188.924953,5,9897.493233,0,0,1,0,0
-123.737468,1,9897.84065,0,0,1,0,0
337.931002,1,9898.089365,0,0,0,0,1
328.567849,15,9913.518396,0,0,1,0,0
337.99729,1,9913.70817,0,0,0,0,1
769.382279,42,9970.309186,0,0,1,0,0
321.129458,1,9970.68255,0,0,1,0,0
328.80893,1,9970.877048,0,0,0,0,1
337.800053,1,9971.128711,0,0,0,0,1
328.846564,1,9971.473378,0,0,1,0,0
-126.388102,1,9971.714444,0,0,1,0,0
965.135297,34,9977.325995,0,0,1,0,0
275.241113,13,9986.523326,0,0,1,0,0
449.429943,24,9988.666979,0,0,1,0,0
328.93954,1,9988.837364,0,0,0,0,1
-126.388102,1,9989.10403,0,0,1,0,0
1059.32224,43,10002.173144,0,0,1,0,0
233.898361,15,10004.726751,1,0,0,0,0
337.778864,1,10004.974455,0,0,0,0,1
433.235103,21,10007.392286,0,0,1,0,0
328.99729,1,10007.572258,0,0,0,0,1
-126.630713,3,10009.371442,0,0,1,0,0
328.846564,1,10009.655698,0,0,1,0,0
737.414088,13,10016.4007,0,0,0,0,1
328.931002,1,10016.612077,0,0,0,0,1
170.610945,11,10019.106374,0,0,1,0,0
249.127103,12,10028.796368,0,0,1,0,0
150.723073,13,10031.305118,0,0,1,0,0
328.93954,1,10031.520136,0,0,0,0,1
337.778864,1,10031.779539,0,0,0,0,1
-115.011484,1,10032.134052,0,0,1,0,0
337.800053,1,10032.331398,0,0,0,0,1
337.939542,1,10032.565854,0,0,0,0,1
337.800055,1,10032.811689,0,0,0,0,1
670.200019,36,10039.032312,0,0,1,0,0
180.204364,13,10041.125911,1,0,0,0,0
272.552797,14,10044.419077,0,0,1,0,0
328.82862,1,10044.729733,0,0,0,0,1
328.826743,1,10044.948663,0,0,0,0,1
-131.092026,4,10047.234592,0,0,1,0,0
743.174896,33,10060.86886,0,0,1,0,0
523.8252,31,10065.647332,0,0,1,0,0
190.524533,12,10067.159975,0,0,1,0,0
328.800053,1,10067.354357,0,0,0,0,1
689.818581,38,10073.274905,1,0,0,0,0
1989.978888,86,10087.104069,0,0,1,0,0
337.863408,1,10087.285515,0,0,0,0,1
-149.038751,6,10090.204411,0,0,1,0,0
328.778864,1,10090.407661,0,0,0,0,1
328.800053,1,10090.62915,0,0,0,0,1
328.931002,1,10090.85327,0,0,0,0,1
-124.559922,5,10092.511801,0,0,1,0,0
328.938687,1,10092.800883,0,0,0,0,1
328.93954,1,10093.036346,0,0,0,0,1
-206.565173,5,10094.780689,0,0,1,0,0
200.915911,14,10096.370761,0,0,1,0,0
748.814288,32,10107.463121,0,0,1,0,0
430.771165,21,10110.392031,0,0,1,0,0
337.931001,1,10110.65311,0,0,0,0,1
328.99729,1,10110.897779,0,0,0,0,1
1744.952709,74,10126.012483,0,0,1,0,0
328.877543,1,10126.328595,0,0,0,0,1
-132.922976,1,10128.040549,0,0,1,0,0
-141.035586,1,10130.730887,1,0,0,0,0
465.864646,21,10133.830313,0,0,1,0,0
-140.230816,5,10135.769154,1,0,0,0,0
1471.629163,60,10144.995742,0,0,1,0,0
337.778864,1,10145.180249,0,0,0,0,1
565.873724,30,10151.006342,0,0,1,0,0
687.710018,41,10154.258753,0,0,1,0,0
295.048899,19,10156.388445,0,0,1,0,0
928.352282,41,10164.581408,0,0,1,0,0
328.99729,1,10164.793625,0,0,0,0,1
328.93954,1,10165.049606,0,0,0,0,1
531.812633,38,10172.211531,0,0,1,0,0
-192.367931,9,10180.186255,0,0,1,0,0
-199.076889,5,10180.664079,0,0,1,0,0
381.208712,18,10184.469887,1,0,0,0,0
1385.920399,57,10200.971096,0,0,1,0,0
-72.589898,7,10204.599743,0,0,1,0,0
1054.156277,41,10208.30223,0,0,1,0,0
614.242894,29,10213.478639,0,0,1,0,0
437.412729,29,10217.37937,0,0,1,0,0
-126.388102,1,10217.578426,0,0,1,0,0
898.135271,39,10223.975235,0,0,1,0,0
116.450145,10,10225.446842,0,0,1,0,0
328.863408,1,10225.604316,0,0,0,0,1
328.881733,1,10226.066138,0,0,1,0,0
328.93954,1,10226.22511,0,0,0,0,1
-153.527846,3,10229.468428,0,0,1,0,0
10.040952,9,10231.686272,0,0,1,0,0
-158.034737,4,10234.921565,0,0,1,0,0
684.261321,17,10243.670719,0,0,0,0,1
289.901105,17,10245.361837,0,0,1,0,0
-188.848117,8,10246.03485,0,0,1,0,0
328.852829,1,10246.231481,0,0,1,0,0
-130.085306,6,10247.9501,0,0,1,0,0
665.344687,32,10253.472577,0,0,1,0,0
328.93954,1,10253.792209,0,0,0,0,1
328.863408,1,10254.048908,0,0,0,0,1
37.610107,10,10256.673389,0,0,1,0,0
328.99729,1,10256.874279,0,0,0,0,1
313.949664,14,10260.254626,0,0,1,0,0
57.417827,11,10263.22269,0,0,1,0,0
-148.425238,6,10266.100909,0,0,1,0,0
611.469137,27,10271.371934,0,0,1,0,0
347.440033,17,10272.842758,0,0,1,0,0
899.113758,38,10279.131194,1,0,0,0,0
337.863408,1,10279.339508,0,0,0,0,1
328.991637,1,10279.799231,0,0,0,0,1
337.931002,1,10280.004431,0,0,0,0,1
328.846564,1,10280.368748,0,0,1,0,0
328.93954,1,10280.609337,0,0,0,0,1
465.114245,24,10284.160022,0,0,1,0,0
337.881733,1,10284.62738,0,0,1,0,0
328.859287,1,10292.074303,1,0,0,0,0
337.826742,1,10292.308838,0,0,0,0,1
1269.484323,51,10302.086831,0,0,1,0,0
337.93954,1,10302.342724,0,0,0,0,1
328.863408,1,10302.57413,0,0,0,0,1
328.852829,1,10302.884064,0,0,1,0,0
150.363971,9,10306.111043,0,0,1,0,0
-42.18719,7,10307.279802,0,0,1,0,0
1231.131904,54,10312.057647,0,0,1,0,0
576.492135,25,10315.047685,0,0,1,0,0
328.881733,1,10315.424512,0,0,1,0,0
328.846564,1,10315.784325,0,0,1,0,0
328.920203,1,10316.29073,0,0,0,0,1
328.947109,1,10316.588695,0,0,0,0,1
337.939541,1,10316.795344,0,0,0,0,1
314.171843,17,10318.520743,0,0,1,0,0
337.826743,1,10318.753359,0,0,0,0,1
990.527686,44,10332.762891,0,0,1,0,0
784.908336,32,10337.740641,0,0,1,0,0
328.800053,1,10338.041642,0,0,0,0,1
-207.964491,5,10339.855321,0,0,1,0,0
328.920203,1,10340.265625,0,0,0,0,1
133.50493,9,10347.977914,0,0,1,0,0
328.859287,1,10348.192491,1,0,0,0,0
-119.669621,6,10348.871196,0,0,1,0,0
328.863408,1,10349.056733,0,0,0,0,1
1603.674036,63,10354.983489,0,0,1,0,0
328.99729,1,10355.140011,0,0,0,0,1
-132.939648,1,10356.860751,0,0,1,0,0
328.778864,1,10357.054216,0,0,0,0,1
-148.296399,6,10359.871137,0,0,1,0,0
337.800053,1,10360.015585,0,0,0,0,1
337.800053,1,10360.234667,0,0,0,0,1
328.826743,1,10360.478226,0,0,0,0,1
328.881733,1,10360.885229,0,0,1,0,0
846.468347,39,10375.09249,1,0,0,0,0
330.129458,1,10375.580336,0,0,1,0,0
632.513372,10,10384.706765,0,0,0,0,1
-198.997171,5,10385.309933,0,0,1,0,0
328.778864,1,10385.483515,0,0,0,0,1
737.009869,13,10392.375341,0,0,0,0,1
337.863408,1,10392.591486,0,0,0,0,1
337.93954,1,10392.856101,0,0,0,0,1
218.143622,13,10394.209159,1,0,0,0,0
288.801324,16,10396.716404,0,0,1,0,0
328.826743,1,10396.890757,0,0,0,0,1
387.942309,27,10400.390234,0,0,1,0,0
337.778862,1,10400.622046,0,0,0,0,1
337.826743,1,10400.848449,0,0,0,0,1
328.920203,1,10401.284733,0,0,0,0,1
-128.248186,6,10403.111824,0,0,1,0,0
330.129458,1,10403.565158,0,0,1,0,0
328.93954,1,10403.729978,0,0,0,0,1
328.93954,1,10403.971986,0,0,0,0,1
328.931002,1,10404.229706,0,0,0,0,1
356.58013,16,10416.608382,0,0,1,0,0
328.909529,1,10416.853417,0,0,0,0,1
814.889774,34,10422.945451,1,0,0,0,0
474.714668,19,10426.536932,0,0,1,0,0
328.977188,1,10426.759502,0,0,0,0,1
337.939542,1,10426.958105,0,0,0,0,1
328.82862,1,10427.188809,0,0,0,0,1
75.189735,11,10436.549654,0,0,1,0,0
206.447973,15,10439.764728,0,0,1,0,0
642.486757,36,10446.509488,0,0,1,0,0
149.78177,15,10447.925794,0,0,1,0,0
-120.078921,1,10448.323484,0,0,1,0,0
337.888918,1,10448.592578,0,0,1,0,0
545.377903,25,10453.823239,1,0,0,0,0
106.905011,10,10455.001897,0,0,1,0,0
328.931002,1,10455.193554,0,0,0,0,1
328.800053,1,10455.392334,0,0,0,0,1
459.984048,26,10459.942646,0,0,1,0,0
226.201725,14,10462.018264,0,0,1,0,0
157.295988,17,10464.98053,0,0,1,0,0
230.080168,15,10466.959464,0,0,1,0,0
328.93954,1,10467.144781,0,0,0,0,1
328.82862,1,10467.412857,0,0,0,0,1
328.873836,1,10467.73793,0,0,0,0,1
-115.012519,1,10468.081945,0,0,1,0,0
337.93954,1,10468.276612,0,0,0,0,1
-140.535885,5,10470.343026,1,0,0,0,0
328.859287,1,10470.574154,1,0,0,0,0
613.308402,10,10471.896292,0,0,0,0,1
337.93954,1,10472.135082,0,0,0,0,1
622.389533,32,10486.548487,0,0,1,0,0
328.826743,1,10486.703505,0,0,0,0,1
337.881733,1,10487.143885,0,0,1,0,0
185.7863,10,10493.65628,0,0,1,0,0
284.667072,13,10500.241051,0,0,1,0,0
716.872896,40,10513.768127,0,0,1,0,0
113.998879,14,10515.42474,0,0,1,0,0
328.800053,1,10515.628264,0,0,0,0,1
328.859287,1,10515.902287,1,0,0,0,0
924.475529,43,10522.439928,1,0,0,0,0
871.069556,38,10529.941049,0,0,1,0,0
604.145078,30,10534.676378,0,0,1,0,0
87.534523,14,10537.052298,0,0,1,0,0
889.732591,42,10549.160444,0,0,1,0,0
328.873836,1,10549.485025,0,0,0,0,1
-108.10971,2,10549.882551,1,0,0,0,0
106.784907,9,10551.825346,0,0,1,0,0
683.135188,37,10558.46688,0,0,1,0,0
-132.922976,1,10560.265437,0,0,1,0,0
98.640692,11,10569.537717,0,0,1,0,0
637.507366,26,10585.12374,0,0,1,0,0
201.128846,23,10587.458516,0,0,1,0,0
337.778865,1,10587.752291,0,0,0,0,1
328.80893,1,10587.987285,0,0,0,0,1
328.931002,1,10588.237669,0,0,0,0,1
328.800053,1,10588.517869,0,0,0,0,1
328.931002,1,10588.799114,0,0,0,0,1
568.006394,28,10593.260591,1,0,0,0,0
328.968284,1,10593.478758,0,0,0,0,1
328.93954,1,10593.792738,0,0,0,0,1
1046.742421,46,10604.69735,0,0,1,0,0
550.042757,30,10618.542157,0,0,1,0,0
281.801964,15,10627.489881,0,0,1,0,0
332.686434,15,10631.741968,0,0,1,0,0
337.888919,1,10631.948657,0,0,1,0,0
328.931002,1,10632.204695,0,0,0,0,1
138.755341,14,10634.51721,0,0,1,0,0
-132.738533,1,10634.910429,0,0,1,0,0
328.90969,1,10635.345292,0,0,1,0,0
328.778864,1,10635.556244,0,0,0,0,1
-126.387855,1,10635.80038,0,0,1,0,0
328.826743,1,10635.974485,0,0,0,0,1
328.931002,1,10636.177088,0,0,0,0,1
-115.362118,2,10636.508993,0,0,1,0,0
-10.950941,8,10638.404396,0,0,1,0,0
11.470472,9,10640.295224,0,0,1,0,0
462.887713,21,10643.836236,0,0,1,0,0
328.931002,1,10644.119644,0,0,0,0,1
337.888917,1,10644.347141,0,0,1,0,0
296.366524,17,10652.953554,0,0,1,0,0
540.945964,37,10656.125395,0,0,1,0,0
328.846564,1,10656.393356,0,0,1,0,0
328.881733,1,10656.803778,0,0,1,0,0
586.726434,26,10661.622681,0,0,1,0,0
616.303651,30,10665.408383,0,0,1,0,0
337.800052,1,10665.613756,0,0,0,0,1
328.852829,1,10665.918009,0,0,1,0,0
-133.419669,4,10668.684014,0,0,1,0,0
328.99729,1,10668.871653,0,0,0,0,1
337.800053,1,10669.109899,0,0,0,0,1
328.778864,1,10669.368659,0,0,0,0,1
-124.011808,1,10669.710008,0,0,1,0,0
434.721652,20,10671.523757,0,0,1,0,0
778.235657,42,10683.005455,0,0,1,0,0
935.71566,38,10688.821892,1,0,0,0,0
337.991638,1,10689.322821,0,0,0,0,1
328.773494,1,10689.756612,0,0,1,0,0
328.881733,1,10690.136918,0,0,1,0,0
500.225575,21,10701.844187,0,0,1,0,0
328.826743,1,10702.002364,0,0,0,0,1
328.859287,1,10702.20814,1,0,0,0,0
-126.087732,5,10703.979964,0,0,1,0,0
-141.002319,1,10706.583008,1,0,0,0,0
328.859287,1,10706.785,1,0,0,0,0
328.863408,1,10706.973402,0,0,0,0,1
337.997288,1,10707.185835,0,0,0,0,1
328.800053,1,10707.415107,0,0,0,0,1
337.778862,1,10707.646723,0,0,0,0,1
196.523116,13,11053.651535,0,0,1,0,0
328.978178,1,11053.915249,0,0,0,0,1
337.831123,1,11054.092139,0,0,0,0,1
328.863408,1,11054.302992,0,0,0,0,1
337.778863,1,11054.547175,0,0,0,0,1
23.912197,9,11055.12859,0,0,1,0,0
328.778864,1,11055.294388,0,0,0,0,1
-122.340972,6,11055.956862,0,0,1,0,0
345.254479,18,11065.797337,0,0,1,0,0
328.968284,1,11065.95333,0,0,0,0,1
384.175873,19,11075.1878,0,0,1,0,0
-198.622317,5,11075.799042,0,0,1,0,0
328.99729,1,11075.937404,0,0,0,0,1
569.482145,25,11078.852753,0,0,1,0,0
328.991637,1,11079.315387,0,0,0,0,1
76.667514,11,11081.507576,0,0,1,0,0
337.909529,1,11081.67624,0,0,0,0,1
753.816518,28,11100.586758,0,0,1,0,0
588.992724,27,11102.747886,0,0,1,0,0
-158.034737,4,11106.201161,0,0,1,0,0
328.947109,1,11106.440247,0,0,0,0,1
-120.679691,7,11108.455088,0,0,1,0,0
328.863408,1,11108.59731,0,0,0,0,1
-67.488873,4,11109.202301,0,0,1,0,0
357.652319,18,11118.484545,0,0,1,0,0
328.90969,1,11118.902796,0,0,1,0,0
-140.897522,5,11120.923691,1,0,0,0,0
53.785654,10,11122.205656,0,0,1,0,0
328.800053,1,11122.410765,0,0,0,0,1
328.99729,1,11122.628764,0,0,0,0,1
480.128714,22,11125.751506,0,0,1,0,0
337.800053,1,11125.920249,0,0,0,0,1
337.863408,1,11126.119705,0,0,0,0,1
328.968284,1,11126.335182,0,0,0,0,1
337.881734,1,11126.828247,0,0,1,0,0
328.863408,1,11127.003076,0,0,0,0,1
72.187964,14,11129.161367,0,0,1,0,0
328.968284,1,11129.388337,0,0,0,0,1
328.99729,1,11129.650552,0,0,0,0,1
328.852829,1,11129.934905,0,0,1,0,0
337.997289,1,11130.140602,0,0,0,0,1
695.887949,33,11133.663532,0,0,1,0,0
337.800053,1,11133.874065,0,0,0,0,1
164.352365,9,11137.19732,0,0,1,0,0
323.397941,19,11139.021339,0,0,1,0,0
-115.360701,2,11139.355229,0,0,1,0,0
615.226941,29,11142.584042,1,0,0,0,0
1238.594753,52,11167.304823,0,0,1,0,0
328.93954,1,11167.448882,0,0,0,0,1
328.800053,1,11167.665957,0,0,0,0,1
328.90969,1,11168.060603,0,0,1,0,0
337.931001,1,11168.2846,0,0,0,0,1
337.826743,1,11168.485172,0,0,0,0,1
550.911021,25,11171.04719,1,0,0,0,0
-120.426298,7,11172.927077,0,0,1,0,0
328.99729,1,11173.070615,0,0,0,0,1
672.965047,32,11178.076291,0,0,1,0,0
566.618144,26,11190.285796,1,0,0,0,0
18.419908,9,11191.029371,0,0,1,0,0
337.931001,1,11191.20508,0,0,0,0,1
581.870922,30,11196.838255,0,0,1,0,0
328.778864,1,11197.062193,0,0,0,0,1
690.183914,36,11203.221063,0,0,1,0,0
328.931002,1,11203.437264,0,0,0,0,1
328.800053,1,11203.699347,0,0,0,0,1
328.93954,1,11203.925832,0,0,0,0,1
356.711851,20,11206.270974,0,0,1,0,0
337.939541,1,11206.449382,0,0,0,0,1
337.778864,1,11206.676361,0,0,0,0,1
-137.275088,5,11208.091022,0,0,1,0,0
328.800053,1,11208.234215,0,0,0,0,1
411.312299,19,11211.815184,0,0,1,0,0
202.504872,15,11214.234978,1,0,0,0,0
145.130573,14,11216.547723,0,0,1,0,0
328.826743,1,11216.763618,0,0,0,0,1
882.201864,38,11230.026701,0,0,1,0,0
167.114205,10,11231.661182,0,0,1,0,0
328.826743,1,11231.812894,0,0,0,0,1
328.931002,1,11232.008794,0,0,0,0,1
337.99729,1,11232.205515,0,0,0,0,1
482.961976,23,11236.450159,0,0,1,0,0
890.783284,38,11249.532123,0,0,1,0,0
734.090717,13,11256.095282,0,0,0,0,1
328.968284,1,11256.309707,0,0,0,0,1
21.580865,9,11256.980284,0,0,1,0,0
659.339947,36,11262.786664,0,0,1,0,0
-127.009093,3,11263.681669,1,0,0,0,0
288.381566,14,11267.097757,0,0,1,0,0
328.881733,1,11267.464799,0,0,1,0,0
199.898963,11,11278.774875,0,0,1,0,0
-132.916631,1,11280.393452,0,0,1,0,0
542.786029,24,11283.629822,1,0,0,0,0
337.99729,1,11283.895086,0,0,0,0,1
-193.695831,9,11284.645968,0,0,1,0,0
328.931002,1,11284.786831,0,0,0,0,1
-14.691931,8,11287.142173,0,0,1,0,0
596.608301,29,11293.271122,0,0,1,0,0
337.931002,1,11293.527521,0,0,0,0,1
491.81051,24,11296.305526,0,0,1,0,0
328.968284,1,11296.480332,0,0,0,0,1
22.432527,9,11297.200983,0,0,1,0,0
1092.58247,45,11301.643725,1,0,0,0,0
-223.793572,12,11303.117952,0,0,1,0,0
884.651653,40,11318.235398,0,0,1,0,0
-126.388102,1,11318.501927,0,0,1,0,0
328.826743,1,11318.700822,0,0,0,0,1
328.99729,1,11318.902094,0,0,0,0,1
328.800053,1,11319.121927,0,0,0,0,1
236.821213,14,11321.141041,0,0,1,0,0
-71.755548,7,11324.962425,0,0,1,0,0
182.264475,10,11327.563168,0,0,1,0,0
1251.201338,56,11350.787185,0,0,1,0,0
328.82862,1,11350.944886,0,0,0,0,1
337.99729,1,11351.199569,0,0,0,0,1
328.93954,1,11351.444997,0,0,0,0,1
454.10562,30,11355.765207,0,0,1,0,0
-135.706775,5,11357.166543,0,0,1,0,0
506.5842,32,11361.252615,0,0,1,0,0
346.548129,18,11369.776307,0,0,1,0,0
470.184736,29,11373.847257,1,0,0,0,0
328.859287,1,11374.021656,1,0,0,0,0
13.626241,9,11374.839812,0,0,1,0,0
218.072756,11,11386.022796,0,0,1,0,0
774.290335,42,11394.085594,0,0,1,0,0
328.931002,1,11394.249772,0,0,0,0,1
337.997289,1,11394.487037,0,0,0,0,1
-119.398385,7,11396.373138,0,0,1,0,0
558.522916,26,11408.759811,0,0,1,0,0
-129.071402,1,11409.155853,0,0,1,0,0
633.327955,34,11415.196886,0,0,1,0,0
340.260399,21,11418.022575,0,0,1,0,0
192.577323,15,11420.889862,0,0,1,0,0
939.775603,41,11425.678072,1,0,0,0,0
328.931002,1,11425.89779,0,0,0,0,1
-115.362118,2,11426.286376,0,0,1,0,0
321.129458,1,11426.728276,0,0,1,0,0
321.129458,1,11427.125653,0,0,1,0,0
520.158311,24,11431.902479,1,0,0,0,0
578.903063,26,11454.387992,1,0,0,0,0
92.203504,12,11463.907229,0,0,1,0,0
337.800054,1,11464.137476,0,0,0,0,1
519.691062,24,11466.6209,1,0,0,0,0
328.800053,1,11466.798105,0,0,0,0,1
328.931002,1,11467.02967,0,0,0,0,1
591.612834,29,11473.468807,0,0,1,0,0
495.820396,21,11476.755374,0,0,1,0,0
337.997289,1,11476.930946,0,0,0,0,1
758.265415,38,11482.104598,0,0,1,0,0
633.731477,10,11490.626076,0,0,0,0,1
-115.616762,2,11490.975687,0,0,1,0,0
337.826742,1,11491.156599,0,0,0,0,1
677.939311,33,11497.34954,0,0,1,0,0
160.281812,9,11500.60538,0,0,1,0,0
328.947109,1,11500.843755,0,0,0,0,1
328.947109,1,11501.110665,0,0,0,0,1
-123.737688,1,11501.542033,0,0,1,0,0
337.800053,1,11501.785011,0,0,0,0,1
-133.399007,4,11504.533831,0,0,1,0,0
328.93954,1,11504.761015,0,0,0,0,1
328.800053,1,11504.998782,0,0,0,0,1
328.826743,1,11505.217217,0,0,0,0,1
328.778864,1,11505.426891,0,0,0,0,1
-200.049722,5,11506.059001,0,0,1,0,0
-127.023204,3,11507.658681,0,0,1,0,0
328.90969,1,11508.021926,0,0,1,0,0
202.382724,14,11509.815193,0,0,1,0,0
328.778864,1,11510.096903,0,0,0,0,1
-118.029002,6,11510.66978,0,0,1,0,0
337.931001,1,11510.806103,0,0,0,0,1
337.826744,1,11510.987106,0,0,0,0,1
337.800053,1,11511.184192,0,0,0,0,1
634.060356,26,11524.927898,0,0,1,0,0
321.129458,1,11525.500748,0,0,1,0,0
328.99729,1,11525.693422,0,0,0,0,1
-11.538257,8,11527.628577,0,0,1,0,0
328.778864,1,11527.888689,0,0,0,0,1
328.93954,1,11528.127837,0,0,0,0,1
328.931002,1,11528.366868,0,0,0,0,1
328.826743,1,11528.597914,0,0,0,0,1
-194.499177,9,11529.321808,0,0,1,0,0
328.778864,1,11529.490563,0,0,0,0,1
-15.908396,6,11530.206895,0,0,1,0,0
443.99339,19,11534.001151,1,0,0,0,0
328.947109,1,11534.231118,0,0,0,0,1
328.99729,1,11534.431262,0,0,0,0,1
337.826744,1,11534.683444,0,0,0,0,1
270.973487,14,11537.052122,0,0,1,0,0
328.881733,1,11537.421764,0,0,1,0,0
704.42464,32,11541.97557,0,0,1,0,0
337.881733,1,11542.353854,0,0,1,0,0
-198.663258,8,11542.947688,0,0,1,0,0
333.617136,15,11555.660346,0,0,1,0,0
328.881733,1,11556.084657,0,0,1,0,0
620.460105,28,11560.788311,1,0,0,0,0
13.443755,9,11610.688437,0,0,1,0,0
636.178456,23,11625.048541,0,0,1,0,0
203.766883,15,11637.41229,0,0,1,0,0
421.28511,38,11643.124959,0,0,1,0,0
68.961724,11,11645.368807,0,0,1,0,0
716.748118,33,11656.407013,0,0,1,0,0
237.420061,13,11659.691762,0,0,1,0,0
330.129458,1,11660.252727,0,0,1,0,0
989.408611,47,11667.113159,0,0,1,0,0
662.827477,16,11669.516214,0,0,0,0,1
328.93954,1,11669.737936,0,0,0,0,1
-14.485051,6,11670.399443,0,0,1,0,0
807.662353,36,11679.051135,1,0,0,0,0
-129.071402,1,11679.487996,0,0,1,0,0
-120.077724,1,11679.903153,0,0,1,0,0
328.800053,1,11680.201927,0,0,0,0,1
337.99729,1,11680.452304,0,0,0,0,1
1460.527496,67,11700.565423,0,0,1,0,0
330.129458,1,11700.988633,0,0,1,0,0
328.826743,1,11701.172734,0,0,0,0,1
-88.127835,2,11702.19984,0,0,1,0,0
634.491389,32,11707.942068,0,0,1,0,0
328.947109,1,11708.28421,0,0,0,0,1
337.881732,1,11708.692556,0,0,1,0,0
328.99729,1,11708.874358,0,0,0,0,1
117.162289,8,11714.262696,0,0,1,0,0
100.449302,8,11715.995454,0,0,1,0,0
-198.663258,8,11716.512899,0,0,1,0,0
-60.963898,7,11720.423273,0,0,1,0,0
328.800053,1,11720.602146,0,0,0,0,1
-117.769792,6,11722.631157,0,0,1,0,0
601.367498,29,11726.944446,0,0,1,0,0
642.068043,30,11728.738421,0,0,1,0,0
63.485056,11,11730.84214,0,0,1,0,0
328.93954,1,11731.121924,0,0,0,0,1
1486.765748,76,11753.368806,1,0,0,0,0
328.99729,1,11753.612092,0,0,0,0,1
337.991638,1,11754.060373,0,0,0,0,1
646.145359,31,11768.4032,0,0,1,0,0
-256.252466,11,11770.005783,0,0,1,0,0
337.863407,1,11770.173919,0,0,0,0,1
328.846564,1,11770.546887,0,0,1,0,0
-153.527846,3,11774.063775,0,0,1,0,0
296.619253,20,11776.604594,0,0,1,0,0
337.863408,1,11776.790614,0,0,0,0,1
328.93954,1,11777.0381,0,0,0,0,1
687.379888,32,11784.242616,0,0,1,0,0
328.859287,1,11784.525517,1,0,0,0,0
469.159442,23,11793.412965,0,0,1,0,0
328.977547,1,11793.683112,0,0,0,0,1
321.129458,1,11794.170312,0,0,1,0,0
337.852829,1,11794.456614,0,0,1,0,0
337.881734,1,11794.907039,0,0,1,0,0
328.778864,1,11795.102372,0,0,0,0,1
328.931002,1,11795.35143,0,0,0,0,1
328.99729,1,11795.542921,0,0,0,0,1
812.872054,36,11800.690297,0,0,1,0,0
337.931002,1,11800.901685,0,0,0,0,1
328.800053,1,11801.099453,0,0,0,0,1
328.881733,1,11801.521174,0,0,1,0,0
328.826743,1,11801.712172,0,0,0,0,1
328.99729,1,11801.935518,0,0,0,0,1
526.558408,26,11808.997443,0,0,1,0,0
328.859287,1,11809.184402,1,0,0,0,0
337.826743,1,11809.383893,0,0,0,0,1
328.931002,1,11809.568663,0,0,0,0,1
852.479449,37,11812.842542,0,0,1,0,0
108.486671,12,11822.829654,0,0,1,0,0
337.826743,1,11823.034854,0,0,0,0,1
119.047303,13,11825.498476,0,0,1,0,0
765.623552,36,11832.027632,1,0,0,0,0
328.888918,1,11832.255661,0,0,1,0,0
247.443341,13,11835.134169,0,0,1,0,0
438.403831,19,11839.786132,0,0,1,0,0
121.939566,13,11841.983552,0,0,1,0,0
-12.222658,8,11842.617627,0,0,1,0,0
549.257544,31,11846.764333,0,0,1,0,0
337.939541,1,11846.996895,0,0,0,0,1
337.852829,1,11847.302765,0,0,1,0,0
337.931001,1,11847.540423,0,0,0,0,1
328.931002,1,11847.776667,0,0,0,0,1
328.99729,1,11848.035953,0,0,0,0,1
328.931002,1,11848.262001,0,0,0,0,1
875.66975,35,11854.062148,0,0,1,0,0
-122.960511,7,11855.954859,0,0,1,0,0
1718.692788,68,11862.049768,0,0,1,0,0
328.859287,1,11862.214585,1,0,0,0,0
337.938687,1,11862.610834,0,0,0,0,1
835.510181,38,11877.897109,0,0,1,0,0
328.931002,1,11878.142504,0,0,0,0,1
1131.441585,45,11882.157589,0,0,1,0,0
807.95954,16,11883.653786,0,0,0,0,1
525.579297,28,11886.962616,0,0,1,0,0
321.129458,1,11887.443688,0,0,1,0,0
328.859287,1,11887.639638,1,0,0,0,0
328.800053,1,11887.866631,0,0,0,0,1
328.826743,1,11888.120595,0,0,0,0,1
674.068699,38,11892.314532,0,0,1,0,0
328.778864,1,11892.553188,0,0,0,0,1
328.863408,1,11892.763785,0,0,0,0,1
383.076907,26,11895.535122,0,0,1,0,0
492.708546,27,11899.580987,0,0,1,0,0
267.139144,16,12247.043115,0,0,1,0,0
663.021098,30,12260.693268,0,0,1,0,0
1044.800493,43,12268.131065,0,0,1,0,0
330.129458,1,12268.602556,0,0,1,0,0
328.931002,1,12268.777241,0,0,0,0,1
328.881733,1,12269.222531,0,0,1,0,0
677.55783,34,12275.848236,0,0,1,0,0
337.778864,1,12276.02022,0,0,0,0,1
328.881733,1,12276.493683,0,0,1,0,0
107.992491,9,12277.577536,0,0,1,0,0
328.90969,1,12278.01312,0,0,1,0,0
328.778864,1,12278.247582,0,0,0,0,1
337.863408,1,12278.460914,0,0,0,0,1
328.975941,1,12278.789336,0,0,0,0,1
337.828619,1,12278.97716,0,0,0,0,1
328.778864,1,12279.204373,0,0,0,0,1
535.209218,25,12281.477344,0,0,1,0,0
337.826743,1,12281.664074,0,0,0,0,1
577.986029,22,12287.382296,0,0,1,0,0
346.001285,16,12296.837709,0,0,1,0,0
770.749561,37,12300.02253,0,0,1,0,0
131.809461,11,12301.375779,0,0,1,0,0
689.324306,38,12306.404303,1,0,0,0,0
328.846564,1,12306.812596,0,0,1,0,0
328.800053,1,12307.011905,0,0,0,0,1
328.778864,1,12307.262841,0,0,0,0,1
-132.922976,1,12308.964842,0,0,1,0,0
337.938687,1,12309.274074,0,0,0,0,1
337.826742,1,12309.50876,0,0,0,0,1
330.129458,1,12309.968902,0,0,1,0,0
12.156938,9,12311.872452,0,0,1,0,0
393.545023,19,12321.465107,0,0,1,0,0
-128.95213,4,12323.904986,0,0,1,0,0
-7.868236,8,12324.643039,0,0,1,0,0
337.939541,1,12324.836516,0,0,0,0,1
321.129458,1,12325.286252,0,0,1,0,0
328.99729,1,12325.471491,0,0,0,0,1
888.621426,36,12331.340192,0,0,1,0,0
420.04787,17,12346.342495,0,0,1,0,0
166.872945,12,12348.782712,1,0,0,0,0
142.559461,10,12350.281015,0,0,1,0,0
-154.561185,6,12352.734013,0,0,1,0,0
-140.999267,1,12355.179127,1,0,0,0,0
260.54931,14,12357.501118,0,0,1,0,0
686.984709,36,12363.092785,1,0,0,0,0
337.863407,1,12363.316927,0,0,0,0,1
328.881733,1,12363.71066,0,0,1,0,0
328.826743,1,12363.864527,0,0,0,0,1
423.906516,18,12375.876747,0,0,1,0,0
328.863408,1,12376.080578,0,0,0,0,1
402.62734,20,12378.891346,0,0,1,0,0
328.881733,1,12379.36144,0,0,1,0,0
321.129458,1,12379.819706,0,0,1,0,0
988.9932,47,12393.904299,0,0,1,0,0
328.863408,1,12394.141531,0,0,0,0,1
842.727444,39,12411.262027,0,0,1,0,0
337.863409,1,12411.400653,0,0,0,0,1
328.931002,1,12411.631372,0,0,0,0,1
328.82862,1,12411.823071,0,0,0,0,1
328.80893,1,12412.038055,0,0,0,0,1
532.190553,28,12414.804024,0,0,1,0,0
-71.8169,7,12418.359573,0,0,1,0,0
328.90969,1,12418.810618,0,0,1,0,0
35.91126,10,12421.564927,0,0,1,0,0
328.909529,1,12421.728601,0,0,0,0,1
494.239427,31,12425.19542,0,0,1,0,0
328.863408,1,12425.419395,0,0,0,0,1
337.852829,1,12425.710608,0,0,1,0,0
328.93954,1,12425.919995,0,0,0,0,1
337.931001,1,12426.189353,0,0,0,0,1
328.852829,1,12426.477691,0,0,1,0,0
337.931002,1,12426.680305,0,0,0,0,1
383.394439,18,12428.864596,0,0,1,0,0
493.279835,21,12431.843436,0,0,1,0,0
816.456871,38,12437.011732,0,0,1,0,0
349.63038,17,12440.199104,0,0,1,0,0
328.826743,1,12440.497778,0,0,0,0,1
137.970348,10,12441.647857,0,0,1,0,0
328.82862,1,12441.858642,0,0,0,0,1
328.800053,1,12442.083241,0,0,0,0,1
337.939541,1,12442.304019,0,0,0,0,1
1004.846961,40,12448.131873,0,0,1,0,0
337.968284,1,12448.315512,0,0,0,0,1
-187.463383,5,12449.986101,0,0,1,0,0
328.99729,1,12450.165848,0,0,0,0,1
-9.441578,8,12450.932936,0,0,1,0,0
-193.695831,9,12451.666074,0,0,1,0,0
328.778864,1,12451.827173,0,0,0,0,1
218.273694,15,12462.133881,0,0,1,0,0
-140.978001,1,12464.651656,1,0,0,0,0
538.477236,24,12467.619956,0,0,1,0,0
805.540716,42,12471.953174,0,0,1,0,0
337.968285,1,12472.172119,0,0,0,0,1
337.881732,1,12472.667833,0,0,1,0,0
328.881733,1,12473.051804,0,0,1,0,0
1250.438295,41,12481.500354,0,0,1,0,0
178.620594,10,12490.508379,0,0,1,0,0
586.24978,27,12493.521595,0,0,1,0,0
207.456164,13,12495.689722,0,0,1,0,0
187.845237,10,12501.590715,0,0,1,0,0
337.881731,1,12501.998686,0,0,1,0,0
308.606905,16,12503.640028,1,0,0,0,0
182.054,13,12505.30808,0,0,1,0,0
471.403575,24,12509.345567,0,0,1,0,0
21.255529,9,12509.964449,0,0,1,0,0
239.061596,14,12512.787752,0,0,1,0,0
523.965179,41,12516.291477,0,0,1,0,0
1109.258289,56,12529.488916,0,0,1,0,0
135.410098,10,12530.470438,1,0,0,0,0
170.019803,11,12533.168739,0,0,1,0,0
1022.023771,56,12539.826572,0,0,1,0,0
1157.829694,63,12549.911224,0,0,1,0,0
328.977188,1,12550.252934,0,0,0,0,1
503.60516,22,12553.320403,0,0,1,0,0
328.859287,1,12553.568638,1,0,0,0,0
337.99729,1,12553.811165,0,0,0,0,1
501.961783,24,12558.212774,1,0,0,0,0
328.991637,1,12558.687947,0,0,0,0,1
682.809066,31,12571.463786,0,0,1,0,0
328.93954,1,12571.708052,0,0,0,0,1
641.601934,31,12576.371243,0,0,1,0,0
-124.489981,5,12578.158829,0,0,1,0,0
1052.345545,49,12584.603524,0,0,1,0,0
394.650509,18,12586.26395,0,0,1,0,0
408.886579,22,12589.389176,0,0,1,0,0
396.85362,18,12590.727764,0,0,1,0,0
337.863408,1,12590.933516,0,0,0,0,1
328.947109,1,12591.259871,0,0,0,0,1
328.93954,1,12591.467623,0,0,0,0,1
-122.784387,3,12593.875648,0,0,1,0,0
328.93954,1,12594.054025,0,0,0,0,1
965.359292,40,12599.11619,0,0,1,0,0
290.759069,13,12617.897674,0,0,1,0,0
328.931002,1,12618.055492,0,0,0,0,1
328.826743,1,12618.287637,0,0,0,0,1
-194.823796,7,12618.864187,0,0,1,0,0
984.211281,38,12644.376323,0,0,1,0,0
106.164571,11,12646.561615,0,0,1,0,0
328.800053,1,12646.765254,0,0,0,0,1
47.642076,10,12648.038155,0,0,1,0,0
188.003263,17,12649.786754,0,0,1,0,0
337.85283,1,12650.104946,0,0,1,0,0
466.213777,21,12653.488737,0,0,1,0,0
1151.551912,53,12663.273025,0,0,1,0,0
337.800053,1,12663.423223,0,0,0,0,1
328.881733,1,12663.874723,0,0,1,0,0
607.568143,28,12669.501601,0,0,1,0,0
328.931002,1,12669.749496,0,0,0,0,1
337.826742,1,12669.98703,0,0,0,0,1
190.172882,15,12672.886894,0,0,1,0,0
332.674433,17,12676.282842,0,0,1,0,0
605.737376,29,12679.095495,0,0,1,0,0
-108.122235,2,12679.424656,0,0,1,0,0
328.800053,1,12679.62501,0,0,0,0,1
524.793211,24,12692.219064,0,0,1,0,0
328.826743,1,12692.479396,0,0,0,0,1
328.800053,1,12692.685181,0,0,0,0,1
22.432527,9,12693.330015,0,0,1,0,0
-124.489981,5,12694.984915,0,0,1,0,0
337.800055,1,12695.135092,0,0,0,0,1
162.696672,14,12697.16239,0,0,1,0,0
337.863408,1,12697.38498,0,0,0,0,1
328.831123,1,12697.624576,0,0,0,0,1
561.366745,26,12699.547683,0,0,1,0,0
-197.175945,8,12700.068929,0,0,1,0,0
330.129458,1,12700.432538,0,0,1,0,0
-46.681309,7,12701.741053,0,0,1,0,0
328.93954,1,12701.983304,0,0,0,0,1
328.826743,1,12702.195311,0,0,0,0,1
328.93954,1,12702.391779,0,0,0,0,1
328.931002,1,12702.621771,0,0,0,0,1
-127.010777,3,12703.511533,1,0,0,0,0
781.392621,35,12707.143544,0,0,1,0,0
315.036282,16,12710.418674,0,0,1,0,0
-117.740779,5,12712.284573,0,0,1,0,0
-42.18719,7,12713.583,0,0,1,0,0
328.931002,1,12713.852776,0,0,0,0,1
328.826743,1,12714.083122,0,0,0,0,1
337.93954,1,12714.293771,0,0,0,0,1
328.863408,1,12714.507993,0,0,0,0,1
148.76105,12,12720.906725,0,0,1,0,0
328.947109,1,12721.186522,0,0,0,0,1
65.100089,14,12723.426099,0,0,1,0,0
328.93954,1,12723.671557,0,0,0,0,1
217.48747,16,12726.492868,0,0,1,0,0
1336.453977,65,12743.550688,0,0,1,0,0
270.580752,15,12744.960157,1,0,0,0,0
373.946201,18,12747.104755,0,0,1,0,0
1474.135304,60,12754.778078,0,0,1,0,0
267.051938,15,12759.108413,0,0,1,0,0
328.881733,1,12759.497862,0,0,1,0,0
799.230113,40,12766.982843,0,0,1,0,0
328.826743,1,12767.227299,0,0,0,0,1
337.93954,1,12767.454182,0,0,0,0,1
337.931001,1,12767.73678,0,0,0,0,1
328.846564,1,12768.091488,0,0,1,0,0
328.99729,1,12768.329608,0,0,0,0,1
321.129458,1,12768.806857,0,0,1,0,0
321.129458,1,12769.191747,0,0,1,0,0
328.846564,1,12769.509265,0,0,1,0,0
291.235745,16,12770.78129,0,0,1,0,0
-34.53626,7,12771.955471,0,0,1,0,0
-14.765699,8,12774.113183,0,0,1,0,0
-116.637356,5,12775.876148,0,0,1,0,0
328.881733,1,12776.194165,0,0,1,0,0
328.800053,1,12776.352858,0,0,0,0,1
355.998154,18,12780.757988,0,0,1,0,0
337.800054,1,12780.916235,0,0,0,0,1
328.846564,1,12781.254916,0,0,1,0,0
337.888918,1,12781.428407,0,0,1,0,0
328.931002,1,12781.648313,0,0,0,0,1
328.90969,1,12782.036352,0,0,1,0,0
328.800053,1,12782.233006,0,0,0,0,1
328.931002,1,12782.428408,0,0,0,0,1
411.974455,21,12792.797095,1,0,0,0,0
337.881733,1,12793.275608,0,0,1,0,0
328.778864,1,12793.462671,0,0,0,0,1
-129.376727,4,12795.834266,0,0,1,0,0
713.204458,36,12801.44182,0,0,1,0,0
1205.666625,49,12835.20879,1,0,0,0,0
337.778864,1,12835.425327,0,0,0,0,1
-9.442595,8,12836.123485,0,0,1,0,0
328.93954,1,12836.328002,0,0,0,0,1
337.931001,1,12836.5736,0,0,0,0,1
503.236343,24,12859.093983,0,0,1,0,0
643.185506,15,12861.30498,0,0,0,0,1
938.437927,41,12874.325437,0,0,1,0,0
162.075762,14,12876.216813,0,0,1,0,0
328.859287,1,12876.487723,1,0,0,0,0
734.62671,13,12882.964306,0,0,0,0,1
-108.122235,2,12883.287602,0,0,1,0,0
323.656714,20,12885.688628,0,0,1,0,0
337.968284,1,12885.910092,0,0,0,0,1
321.129458,1,12886.463114,0,0,1,0,0
648.120543,24,12890.790779,0,0,1,0,0
960.960726,41,12900.258816,0,0,1,0,0
1061.842414,45,12914.477774,0,0,1,0,0
328.977188,1,12914.8158,0,0,0,0,1
328.93954,1,12914.998392,0,0,0,0,1
328.968284,1,12915.222945,0,0,0,0,1
328.863408,1,12915.492859,0,0,0,0,1
277.340492,15,12918.63232,0,0,1,0,0
337.778862,1,12918.846559,0,0,0,0,1
328.93954,1,12919.085626,0,0,0,0,1
328.881733,1,12919.561498,0,0,1,0,0
328.888918,1,12919.74372,0,0,1,0,0
163.912275,9,12923.175212,0,0,1,0,0
-73.018467,7,12926.876242,0,0,1,0,0
-44.842087,4,12927.42696,0,0,1,0,0
-5.131489,8,12929.119953,0,0,1,0,0
-190.540283,5,12930.630286,0,0,1,0,0
337.931002,1,12930.829789,0,0,0,0,1
328.778864,1,12931.098532,0,0,0,0,1
328.99729,1,12931.391016,0,0,0,0,1
834.544408,35,12949.177623,1,0,0,0,0
328.931002,1,12949.363506,0,0,0,0,1
328.93954,1,12949.578727,0,0,0,0,1
337.826742,1,12949.805007,0,0,0,0,1
320.603701,15,12953.285119,0,0,1,0,0
255.233835,13,12955.547358,0,0,1,0,0
337.997289,1,12955.7028,0,0,0,0,1
-124.011808,1,12956.049361,0,0,1,0,0
-132.922976,1,12957.694025,0,0,1,0,0
170.728126,14,12959.958812,0,0,1,0,0
473.29883,22,12963.118344,1,0,0,0,0
328.881733,1,12963.516502,0,0,1,0,0
328.93954,1,12963.693123,0,0,0,0,1
337.93954,1,12963.935011,0,0,0,0,1
328.800053,1,12964.188952,0,0,0,0,1
328.881733,1,12964.621013,0,0,1,0,0
328.931002,1,12964.787238,0,0,0,0,1
337.800053,1,12964.975412,0,0,0,0,1
84.038287,12,12967.840874,0,0,1,0,0
-124.087411,3,12970.423697,0,0,1,0,0
844.23836,38,12986.383745,0,0,1,0,0
705.887876,33,12993.914227,0,0,1,0,0
321.129458,1,12994.461092,0,0,1,0,0
328.93954,1,12994.647627,0,0,0,0,1
1409.847966,55,13001.526223,0,0,1,0,0
354.496018,17,13005.068478,0,0,1,0,0
328.800053,1,13005.325068,0,0,0,0,1
328.778864,1,13005.595031,0,0,0,0,1
321.129458,1,13006.085147,0,0,1,0,0
1089.257525,45,13015.701365,0,0,1,0,0
337.997289,1,13023.090394,0,0,0,0,1
328.846564,1,13023.493446,0,0,1,0,0
-199.603445,5,13024.143685,0,0,1,0,0
328.93954,1,13024.309557,0,0,0,0,1
649.234958,10,13025.68126,0,0,0,0,1
-187.654832,5,13027.184327,0,0,1,0,0
-206.17232,5,13028.87845,0,0,1,0,0
328.90969,1,13029.282614,0,0,1,0,0
-63.367504,7,13032.786264,0,0,1,0,0
337.93954,1,13032.96214,0,0,0,0,1
432.060207,29,13036.925102,0,0,1,0,0
328.977188,1,13037.216858,0,0,0,0,1
328.93954,1,13037.405996,0,0,0,0,1
633.367213,10,13045.886217,0,0,0,0,1
328.800053,1,13046.089607,0,0,0,0,1
328.99729,1,13046.333347,0,0,0,0,1
328.90969,1,13046.817817,0,0,1,0,0
1042.474461,24,13048.775192,0,0,0,0,1
833.998136,38,13054.176693,0,0,1,0,0
-99.085067,2,13054.451609,0,0,1,0,0
328.859287,1,13054.696507,1,0,0,0,0
337.93954,1,13054.905067,0,0,0,0,1
109.940203,8,13061.061784,0,0,1,0,0
328.859287,1,13061.299703,1,0,0,0,0
1287.819516,50,13070.187178,1,0,0,0,0
280.986748,15,13073.496579,0,0,1,0,0
328.881733,1,13073.908604,0,0,1,0,0
575.494601,24,13077.220486,0,0,1,0,0
13.626241,9,13077.994164,0,0,1,0,0
549.12929,27,13080.882354,0,0,1,0,0
644.951246,15,13090.325727,0,0,0,0,1
554.504739,26,13095.778282,0,0,1,0,0
328.846564,1,13096.163333,0,0,1,0,0
337.939541,1,13096.390992,0,0,0,0,1
337.863407,1,13096.623363,0,0,0,0,1
337.931002,1,13096.847176,0,0,0,0,1
328.931002,1,13097.059566,0,0,0,0,1
554.013616,27,13101.095317,0,0,1,0,0
926.149145,39,13109.49377,0,0,1,0,0
328.826743,1,13109.77237,0,0,0,0,1
819.755248,39,13112.33725,0,0,1,0,0
328.93954,1,13112.476566,0,0,0,0,1
643.125082,15,13114.5142,0,0,0,0,1
844.215616,18,13116.302851,0,0,1,0,0
-129.549063,4,13118.813828,0,0,1,0,0
-12.612948,8,13121.22867,0,0,1,0,0
328.80893,1,13121.434046,0,0,0,0,1
328.859287,1,13121.685064,1,0,0,0,0
579.025688,26,13144.043193,1,0,0,0,0
331.815574,24,13149.585595,0,0,1,0,0
337.800053,1,13149.734644,0,0,0,0,1
788.144742,37,13156.338568,0,0,1,0,0
-16.510943,6,13206.281259,0,0,1,0,0
-126.999021,3,13208.120337,0,0,1,0,0
324.079372,16,13217.516242,0,0,1,0,0
110.017548,12,13219.57269,0,0,1,0,0
337.939541,1,13219.744683,0,0,0,0,1
-60.852854,7,13223.613525,0,0,1,0,0
328.888918,1,13223.79976,0,0,1,0,0
328.90969,1,13224.309539,0,0,1,0,0
328.968284,1,13224.504672,0,0,0,0,1
320.933112,17,13573.170789,0,0,1,0,0
-140.957699,1,13575.505722,1,0,0,0,0
647.808823,39,13578.974741,1,0,0,0,0
337.778864,1,13586.489115,0,0,0,0,1
328.881733,1,13586.969398,0,0,1,0,0
1515.8793,65,13597.684917,0,0,1,0,0
328.863408,1,13597.872239,0,0,0,0,1
328.800053,1,13598.102181,0,0,0,0,1
1530.949242,67,13609.541642,0,0,1,0,0
569.261671,35,13612.970728,0,0,1,0,0
-132.922976,1,13614.500555,0,0,1,0,0
337.997291,1,13614.66586,0,0,0,0,1
-206.414694,5,13616.39704,0,0,1,0,0
88.398643,9,13618.967625,0,0,1,0,0
-115.011419,1,13619.21958,0,0,1,0,0
617.959885,29,13622.479007,0,0,1,0,0
930.172047,37,13636.804231,0,0,1,0,0
-190.811466,5,13638.187252,0,0,1,0,0
9.747129,9,13640.645142,0,0,1,0,0
328.870652,1,13640.970877,0,0,0,0,1
328.881733,1,13641.392804,0,0,1,0,0
477.897699,23,13664.137218,0,0,1,0,0
1079.148387,47,13671.683799,1,0,0,0,0
-115.362118,2,13672.046791,0,0,1,0,0
328.778864,1,13672.257563,0,0,0,0,1
83.05063,12,13674.568162,0,0,1,0,0
244.607272,14,13676.148443,1,0,0,0,0
187.489685,12,13678.442934,0,0,1,0,0
328.778864,1,13678.664414,0,0,0,0,1
780.947762,39,13689.266742,0,0,1,0,0
328.826743,1,13689.433547,0,0,0,0,1
328.826743,1,13689.630679,0,0,0,0,1
337.931003,1,13689.847928,0,0,0,0,1
328.800053,1,13690.059015,0,0,0,0,1
295.027812,15,13693.470691,0,0,1,0,0
328.863408,1,13693.639012,0,0,0,0,1
398.041642,19,13703.419272,0,0,1,0,0
328.800053,1,13703.557975,0,0,0,0,1
328.931002,1,13703.788763,0,0,0,0,1
328.800053,1,13703.998643,0,0,0,0,1
337.939539,1,13704.222791,0,0,0,0,1
1070.128098,52,13718.110277,0,0,1,0,0
185.653642,11,13719.886268,0,0,1,0,0
-151.800564,7,13723.789177,0,0,1,0,0
-140.999267,1,13726.210806,1,0,0,0,0
57.556369,11,13729.068517,0,0,1,0,0
328.93954,1,13729.288051,0,0,0,0,1
337.931001,1,13729.562455,0,0,0,0,1
412.163945,23,13732.259083,0,0,1,0,0
328.968284,1,13732.474613,0,0,0,0,1
-125.862886,5,13734.442904,0,0,1,0,0
328.93954,1,13734.583792,0,0,0,0,1
-13.773022,8,13736.824455,0,0,1,0,0
1086.125681,58,13747.414722,0,0,1,0,0
328.90969,1,13747.895358,0,0,1,0,0
294.373366,13,13759.394049,0,0,1,0,0
-147.815675,6,13762.144557,0,0,1,0,0
96.274369,11,13764.052752,0,0,1,0,0
337.828621,1,13764.320308,0,0,0,0,1
13.626241,9,13765.122312,0,0,1,0,0
328.93954,1,13765.346573,0,0,0,0,1
705.992102,31,13780.357347,0,0,1,0,0
328.881733,1,13780.847657,0,0,1,0,0
337.881733,1,13781.249228,0,0,1,0,0
328.99729,1,13781.437281,0,0,0,0,1
608.300092,28,13784.078143,0,0,1,0,0
662.683591,16,13786.296299,0,0,0,0,1
337.881734,1,13786.793788,0,0,1,0,0
23.785025,9,13787.37115,0,0,1,0,0
401.124928,20,13790.347548,0,0,1,0,0
609.984848,34,13796.645161,0,0,1,0,0
-129.928392,4,13798.988718,0,0,1,0,0
-99.137949,2,13799.252729,0,0,1,0,0
328.93954,1,13799.451501,0,0,0,0,1
1080.331063,46,13804.569501,0,0,1,0,0
328.90969,1,13804.949982,0,0,1,0,0
328.863408,1,13805.157318,0,0,0,0,1
-127.138299,3,13806.922294,0,0,1,0,0
328.93954,1,13807.081385,0,0,0,0,1
337.828618,1,13807.312112,0,0,0,0,1
328.873836,1,13807.670409,0,0,0,0,1
328.93954,1,13807.903093,0,0,0,0,1
312.794959,16,13810.883006,0,0,1,0,0
328.888918,1,13811.02267,0,0,1,0,0
-126.400263,3,13812.015889,1,0,0,0,0
328.863408,1,13812.16741,0,0,0,0,1
328.93954,1,13812.38745,0,0,0,0,1
328.93954,1,13812.618119,0,0,0,0,1
328.800053,1,13812.83918,0,0,0,0,1
328.778864,1,13813.089173,0,0,0,0,1
328.778864,1,13813.33563,0,0,0,0,1
337.968284,1,13813.574451,0,0,0,0,1
667.317878,32,13836.637436,0,0,1,0,0
96.001309,14,13838.604905,0,0,1,0,0
921.528295,43,13850.765785,0,0,1,0,0
328.931002,1,13850.991342,0,0,0,0,1
337.800054,1,13851.177504,0,0,0,0,1
609.042021,34,13856.517591,0,0,1,0,0
328.800053,1,13856.78141,0,0,0,0,1
321.129458,1,13857.23649,0,0,1,0,0
276.620908,15,13860.645151,0,0,1,0,0
435.694147,22,13862.601105,0,0,1,0,0
337.931003,1,13862.755938,0,0,0,0,1
311.415799,19,13865.361086,0,0,1,0,0
166.063541,10,13866.998807,0,0,1,0,0
328.938687,1,13867.316796,0,0,0,0,1
441.652136,40,13870.742006,0,0,1,0,0
747.959856,28,13875.520229,1,0,0,0,0
673.430181,30,13879.800566,0,0,1,0,0
328.93954,1,13880.04914,0,0,0,0,1
328.800053,1,13880.280619,0,0,0,0,1
337.946142,19,13882.190292,1,0,0,0,0
-126.999021,3,13883.871325,0,0,1,0,0
-108.321409,2,13884.215068,1,0,0,0,0
328.831123,1,13884.451753,0,0,0,0,1
1320.380104,73,13902.784274,0,0,1,0,0
337.800054,1,13903.051769,0,0,0,0,1
328.931002,1,13903.284971,0,0,0,0,1
337.826741,1,13903.533906,0,0,0,0,1
227.370722,15,13905.301289,0,0,1,0,0
746.085168,33,13913.437041,0,0,1,0,0
328.852829,1,13913.730314,0,0,1,0,0
190.674513,15,13916.787758,0,0,1,0,0
469.572402,23,13920.768586,0,0,1,0,0
1295.536814,54,13939.324043,0,0,1,0,0
328.93954,1,13939.589934,0,0,0,0,1
603.242574,28,13944.832827,0,0,1,0,0
349.792876,17,13947.415798,0,0,1,0,0
512.081001,27,13951.839392,0,0,1,0,0
218.905813,13,13954.518883,0,0,1,0,0
498.160845,22,13957.89745,0,0,1,0,0
337.931002,1,13958.177219,0,0,0,0,1
328.778864,1,13958.439248,0,0,0,0,1
-153.527846,3,13962.129887,0,0,1,0,0
321.129458,1,13962.550396,0,0,1,0,0
909.002041,39,13966.576406,0,0,1,0,0
330.430216,20,13968.970965,0,0,1,0,0
328.82862,1,13976.431594,0,0,0,0,1
328.859288,1,13976.702859,1,0,0,0,0
328.93954,1,13976.950241,0,0,0,0,1
337.80893,1,13977.174612,0,0,0,0,1
328.846564,1,13977.535792,0,0,1,0,0
328.93954,1,13977.727946,0,0,0,0,1
171.051931,14,13979.98851,0,0,1,0,0
167.002692,15,13982.369355,0,0,1,0,0
-88.102301,2,13983.424671,0,0,1,0,0
-129.312562,4,13985.870264,0,0,1,0,0
-140.999267,1,13988.413703,1,0,0,0,0
321.129458,1,13988.901158,0,0,1,0,0
337.939541,1,13989.0857,0,0,0,0,1
705.243391,35,13993.807562,0,0,1,0,0
281.134337,19,13996.138455,0,0,1,0,0
328.931002,1,13996.35535,0,0,0,0,1
328.800053,1,13996.561342,0,0,0,0,1
235.104371,12,14008.3008,0,0,1,0,0
328.93954,1,14008.504206,0,0,0,0,1
328.800053,1,14008.717528,0,0,0,0,1
1649.552192,64,14014.828104,0,0,1,0,0
546.101048,23,14016.975293,0,0,1,0,0
328.826743,1,14017.185477,0,0,0,0,1
337.82862,1,14017.399553,0,0,0,0,1
434.620313,19,14029.420968,0,0,1,0,0
328.968284,1,14029.621374,0,0,0,0,1
337.90953,1,14029.946997,0,0,0,0,1
368.081473,16,14034.311879,0,0,1,0,0
-27.867869,4,14035.006829,0,0,1,0,0
-151.925163,6,14037.657956,0,0,1,0,0
534.161794,27,14040.599152,1,0,0,0,0
328.99729,1,14040.747677,0,0,0,0,1
-6.548759,8,14041.400524,0,0,1,0,0
940.232748,40,14055.822326,0,0,1,0,0
-122.506057,7,14057.775172,0,0,1,0,0
473.900531,22,14061.282852,1,0,0,0,0
41.577324,10,14063.484158,0,0,1,0,0
328.93954,1,14063.672928,0,0,0,0,1
328.909529,1,14063.952471,0,0,0,0,1
328.826743,1,14064.207155,0,0,0,0,1
328.90969,1,14064.6365,0,0,1,0,0
-115.139771,2,14064.98115,0,0,1,0,0
336.881734,1,14065.331903,0,0,1,0,0
328.931002,1,14065.498544,0,0,0,0,1
433.149318,21,14068.419429,0,0,1,0,0
328.93954,1,14068.623617,0,0,0,0,1
141.752841,14,14071.123047,0,0,1,0,0
-151.800564,7,14074.944685,0,0,1,0,0
337.778864,1,14075.119535,0,0,0,0,1
337.881733,1,14075.579258,0,0,1,0,0
-115.01137,1,14075.82912,0,0,1,0,0
337.968284,1,14075.988335,0,0,0,0,1
328.778864,1,14076.278057,0,0,0,0,1
337.778865,1,14076.534421,0,0,0,0,1
-187.095122,5,14078.001307,0,0,1,0,0
337.93954,1,14078.162536,0,0,0,0,1
328.773494,1,14078.672175,0,0,1,0,0
328.778864,1,14078.864337,0,0,0,0,1
328.931002,1,14079.087225,0,0,0,0,1
1095.078362,52,14083.828239,0,0,1,0,0
-76.559346,4,14084.347146,0,0,1,0,0
41.953209,10,14086.372542,0,0,1,0,0
146.493425,12,14088.823539,0,0,1,0,0
328.863408,1,14088.988604,0,0,0,0,1
408.513375,19,14099.682744,0,0,1,0,0
328.800053,1,14099.966364,0,0,0,0,1
531.670453,21,14111.580698,0,0,1,0,0
1059.96424,37,14120.080935,0,0,1,0,0
328.90969,1,14120.494756,0,0,1,0,0
328.859287,1,14120.725326,1,0,0,0,0
682.872155,17,14123.161245,0,0,0,0,1
486.667867,23,14125.806695,0,0,1,0,0
642.467743,32,14131.22132,0,0,1,0,0
1238.469296,47,14138.150872,0,0,1,0,0
-207.377085,5,14139.879302,0,0,1,0,0
-147.977647,6,14142.539569,0,0,1,0,0
824.184101,36,14156.02535,0,0,1,0,0
-152.336767,6,14158.750908,0,0,1,0,0
-128.699658,4,14160.985668,0,0,1,0,0
14.030156,9,14161.700749,0,0,1,0,0
201.546086,11,14173.368508,0,0,1,0,0
523.478081,27,14175.116058,0,0,1,0,0
554.825006,30,14181.212104,0,0,1,0,0
328.931002,1,14181.452159,0,0,0,0,1
337.826741,1,14181.686706,0,0,0,0,1
337.826743,1,14181.894825,0,0,0,0,1
328.863408,1,14182.089862,0,0,0,0,1
787.457164,42,14186.610924,0,0,1,0,0
328.947243,1,14186.940209,0,0,0,0,1
328.846564,1,14187.301758,0,0,1,0,0
583.591246,32,14190.594969,1,0,0,0,0
1145.585943,54,14198.947513,1,0,0,0,0
337.800053,1,14199.262393,0,0,0,0,1
-202.241781,5,14199.931639,0,0,1,0,0
328.93954,1,14200.096551,0,0,0,0,1
593.62448,34,14205.906679,0,0,1,0,0
328.888918,1,14206.113142,0,0,1,0,0
337.931001,1,14206.358564,0,0,0,0,1
-71.64498,7,14217.300376,0,0,1,0,0
328.859287,1,14217.518407,1,0,0,0,0
291.545855,16,14219.15593,0,0,1,0,0
321.129458,1,14219.613965,0,0,1,0,0
328.931002,1,14219.814144,0,0,0,0,1
328.93954,1,14220.008864,0,0,0,0,1
570.140954,35,14225.194173,0,0,1,0,0
1021.671191,44,14230.18841,0,0,1,0,0
599.146879,23,14246.15421,0,0,1,0,0
328.931002,1,14246.385667,0,0,0,0,1
-205.976917,5,14248.144688,0,0,1,0,0
328.99729,1,14248.300602,0,0,0,0,1
337.826743,1,14248.539638,0,0,0,0,1
308.694055,21,14259.873695,0,0,1,0,0
265.593541,19,14261.604031,0,0,1,0,0
669.472059,30,14264.074953,0,0,1,0,0
328.863408,1,14264.227113,0,0,0,0,1
136.116306,12,14266.270732,0,0,1,0,0
328.778864,1,14266.51363,0,0,0,0,1
-200.040248,5,14267.136618,0,0,1,0,0
337.931003,1,14267.300559,0,0,0,0,1
7.552631,9,14268.22216,0,0,1,0,0
589.744571,26,14271.959083,1,0,0,0,0
328.888918,1,14272.173319,0,0,1,0,0
-73.388728,7,14276.063241,0,0,1,0,0
337.931002,1,14276.263628,0,0,0,0,1
328.800053,1,14276.477188,0,0,0,0,1
865.209754,35,14289.930282,0,0,1,0,0
337.800053,1,14290.167026,0,0,0,0,1
328.931002,1,14290.423538,0,0,0,0,1
-115.413372,5,14292.172228,0,0,1,0,0
74.062836,11,14294.410329,0,0,1,0,0
1038.599251,39,14301.360939,0,0,1,0,0
328.931002,1,14301.622822,0,0,0,0,1
328.778864,1,14301.838243,0,0,0,0,1
328.778864,1,14302.071346,0,0,0,0,1
328.82862,1,14302.301295,0,0,0,0,1
337.778864,1,14302.552705,0,0,0,0,1
-199.603445,5,14303.15051,0,0,1,0,0
65.100089,14,14305.357077,0,0,1,0,0
382.609499,42,14316.117989,0,0,1,0,0
-185.752705,5,14317.518963,0,0,1,0,0
328.888918,1,14317.66914,0,0,1,0,0
328.90969,1,14318.173892,0,0,1,0,0
330.129458,1,14318.591693,0,0,1,0,0
-108.16604,2,14318.958431,1,0,0,0,0
-158.034737,4,14322.605217,0,0,1,0,0
572.176129,26,14326.391569,0,0,1,0,0
328.93954,1,14326.547411,0,0,0,0,1
-141.602758,5,14328.477103,1,0,0,0,0
-6.148148,8,14330.269814,0,0,1,0,0
328.90969,1,14330.780624,0,0,1,0,0
-187.548736,5,14332.11163,0,0,1,0,0
328.93954,1,14332.31715,0,0,0,0,1
337.863406,1,14332.570235,0,0,0,0,1
941.60474,39,14336.569501,0,0,1,0,0
-67.54753,4,14337.090032,0,0,1,0,0
247.038379,14,14339.916505,0,0,1,0,0
26.568439,9,14340.576427,0,0,1,0,0
120.09569,13,14350.29028,0,0,1,0,0
361.617965,15,14365.662688,0,0,1,0,0
328.931002,1,14365.839717,0,0,0,0,1
272.819223,13,14370.303952,0,0,1,0,0
328.778864,1,14370.533999,0,0,0,0,1
117.15209,13,14372.822578,0,0,1,0,0
328.93954,1,14373.081584,0,0,0,0,1
328.920203,1,14373.565789,0,0,0,0,1
193.209678,16,14376.703802,0,0,1,0,0
-126.851331,3,14377.6941,1,0,0,0,0
328.881733,1,14378.0507,0,0,1,0,0
337.909529,1,14378.222929,0,0,0,0,1
328.859287,1,14378.460033,1,0,0,0,0
337.931002,1,14378.675818,0,0,0,0,1
11.804336,9,14380.590105,0,0,1,0,0
67.475147,11,14382.547706,0,0,1,0,0
473.274483,19,14383.936891,0,0,1,0,0
328.931002,1,14384.127696,0,0,0,0,1
-44.842087,4,14384.77669,0,0,1,0,0
337.997289,1,14384.924501,0,0,0,0,1
66.072984,14,14386.974133,0,0,1,0,0
328.778864,1,14387.225997,0,0,0,0,1
328.863408,1,14387.485374,0,0,0,0,1
754.246193,14,14388.709699,0,0,0,0,1
328.800053,1,14388.892925,0,0,0,0,1
593.253538,23,14392.944087,0,0,1,0,0
448.968234,28,14397.129831,1,0,0,0,0
-115.012375,1,14397.489327,0,0,1,0,0
401.38385,22,14398.806934,0,0,1,0,0
589.968242,27,14402.942648,1,0,0,0,0
337.99729,1,14403.159584,0,0,0,0,1
-76.559346,4,14403.746739,0,0,1,0,0
236.096472,14,14413.87784,0,0,1,0,0
328.99729,1,14414.052979,0,0,0,0,1
-215.539445,6,14415.872005,0,0,1,0,0
-129.646825,4,14418.321949,0,0,1,0,0
-126.730346,3,14420.133344,0,0,1,0,0
337.99729,1,14420.28455,0,0,0,0,1
133.320062,10,14423.332963,0,0,1,0,0
870.221135,38,14430.62706,0,0,1,0,0
642.982196,34,14436.580672,0,0,1,0,0
376.05497,19,14776.545494,0,0,1,0,0
328.881733,1,14776.93583,0,0,1,0,0
337.863407,1,14777.116776,0,0,0,0,1
328.881733,1,14777.533073,0,0,1,0,0
328.93954,1,14777.708861,0,0,0,0,1
-124.011808,1,14778.036805,0,0,1,0,0
337.931003,1,14778.208493,0,0,0,0,1
321.129458,1,14778.647593,0,0,1,0,0
-128.810979,4,14780.996078,0,0,1,0,0
328.826743,1,14781.134122,0,0,0,0,1
117.813769,12,14782.986514,0,0,1,0,0
328.82862,1,14783.234117,0,0,0,0,1
337.99729,1,14783.450964,0,0,0,0,1
202.504872,15,14785.88457,1,0,0,0,0
-188.717154,5,14787.296016,0,0,1,0,0
328.863408,1,14787.434786,0,0,0,0,1
328.826743,1,14787.651503,0,0,0,0,1
692.466367,38,14800.05771,1,0,0,0,0
447.260461,24,14802.975394,0,0,1,0,0
-206.523207,5,14804.688885,0,0,1,0,0
-139.795117,5,14806.734365,1,0,0,0,0
863.096944,37,14810.629068,0,0,1,0,0
199.760421,10,14815.525374,0,0,1,0,0
328.947109,1,14815.786297,0,0,0,0,1
272.524185,15,14823.621448,0,0,1,0,0
246.159512,14,14825.860125,0,0,1,0,0
165.584279,11,14828.135684,0,0,1,0,0
579.784632,27,14854.797555,1,0,0,0,0
328.931002,1,14854.963366,0,0,0,0,1
328.846564,1,14855.328779,0,0,1,0,0
627.779358,34,14860.62443,1,0,0,0,0
328.881733,1,14861.045283,0,0,1,0,0
520.288011,22,14863.877447,0,0,1,0,0
328.931002,1,14864.018761,0,0,0,0,1
831.697738,35,14869.175901,0,0,1,0,0
328.93954,1,14869.352691,0,0,0,0,1
111.470554,13,14870.943738,0,0,1,0,0
-19.31943,8,14872.449013,0,0,1,0,0
328.846564,1,14872.768836,0,0,1,0,0
328.881733,1,14873.129928,0,0,1,0,0
1061.161459,44,14889.3441,1,0,0,0,0
328.931002,1,14889.595539,0,0,0,0,1
500.378114,34,14892.724435,1,0,0,0,0
911.648877,40,14898.925205,0,0,1,0,0
328.846564,1,14899.278158,0,0,1,0,0
328.800053,1,14899.493645,0,0,0,0,1
-193.927034,8,14900.296,0,0,1,0,0
318.361085,15,14903.878081,0,0,1,0,0
385.224944,17,14913.332359,0,0,1,0,0
337.991636,1,14913.702409,0,0,0,0,1
328.800053,1,14913.875269,0,0,0,0,1
100.071539,14,14915.82568,0,0,1,0,0
487.680486,20,14920.19105,0,0,1,0,0
681.860516,29,14923.26896,0,0,1,0,0
328.800053,1,14923.466552,0,0,0,0,1
328.99729,1,14923.656087,0,0,0,0,1
-124.011808,1,14923.986331,0,0,1,0,0
337.968285,1,14924.19133,0,0,0,0,1
328.931002,1,14924.494069,0,0,0,0,1
337.99729,1,14924.704203,0,0,0,0,1
328.909529,1,14924.949996,0,0,0,0,1
337.800054,1,14932.355312,0,0,0,0,1
633.521562,10,14941.068968,0,0,0,0,1
-35.751369,4,14941.698302,0,0,1,0,0
328.778864,1,14941.848505,0,0,0,0,1
-15.712735,8,14943.770117,0,0,1,0,0
591.347348,26,14949.151273,1,0,0,0,0
202.504872,15,14951.594407,1,0,0,0,0
328.778864,1,14951.829661,0,0,0,0,1
337.931002,1,14952.065064,0,0,0,0,1
9.905747,9,14954.64302,0,0,1,0,0
328.99729,1,14954.87435,0,0,0,0,1
328.80893,1,14955.129285,0,0,0,0,1
328.800053,1,14955.3403,0,0,0,0,1
226.503601,17,14958.060626,0,0,1,0,0
571.376939,27,14961.741597,0,0,1,0,0
606.716783,28,14984.29874,0,0,1,0,0
465.770457,23,14988.255801,0,0,1,0,0
328.859288,1,14988.571743,1,0,0,0,0
328.888918,1,14988.785053,0,0,1,0,0
-206.565173,5,14990.498862,0,0,1,0,0
789.129722,16,14991.86586,0,0,0,0,1
-9.859154,8,14992.391072,0,0,1,0,0
328.80893,1,14992.555611,0,0,0,0,1
-69.961998,7,15003.827283,0,0,1,0,0
328.931002,1,15004.068589,0,0,0,0,1
1210.964549,60,15022.073767,0,0,1,0,0
337.778864,1,15022.224638,0,0,0,0,1
328.99729,1,15022.423351,0,0,0,0,1
328.99729,1,15022.670924,0,0,0,0,1
72.678499,11,15024.939703,0,0,1,0,0
328.93954,1,15025.172349,0,0,0,0,1
328.93954,1,15025.406783,0,0,0,0,1
768.295262,35,15028.558614,0,0,1,0,0
567.155905,32,15034.719432,0,0,1,0,0
-153.467234,3,15038.549672,0,0,1,0,0
337.931002,1,15038.706114,0,0,0,0,1
328.863408,1,15038.912257,0,0,0,0,1
1338.299855,53,15045.901487,1,0,0,0,0
328.800053,1,15046.128852,0,0,0,0,1
337.931001,1,15046.367088,0,0,0,0,1
328.93954,1,15046.573954,0,0,0,0,1
328.773494,1,15047.045612,0,0,1,0,0
328.873836,1,15047.318365,0,0,0,0,1
328.82862,1,15047.542225,0,0,0,0,1
905.442985,36,15052.66037,0,0,1,0,0
526.736955,22,15055.693051,0,0,1,0,0
328.826743,1,15055.913137,0,0,0,0,1
328.93954,1,15063.347869,0,0,0,0,1
-134.66772,4,15066.2802,0,0,1,0,0
328.888918,1,15066.488909,0,0,1,0,0
794.213183,35,15069.771014,0,0,1,0,0
328.826743,1,15069.912233,0,0,0,0,1
250.901833,14,15077.686479,0,0,1,0,0
328.859287,1,15077.83866,1,0,0,0,0
328.931002,1,15078.04968,0,0,0,0,1
644.933595,29,15082.99997,0,0,1,0,0
328.778864,1,15083.211535,0,0,0,0,1
452.7006,23,15087.251711,0,0,1,0,0
837.063517,30,15097.810065,0,0,1,0,0
328.800053,1,15097.990638,0,0,0,0,1
685.497595,17,15100.277875,0,0,0,0,1
337.939541,1,15100.520549,0,0,0,0,1
328.859287,1,15100.767363,1,0,0,0,0
328.968284,1,15100.988961,0,0,0,0,1
425.058486,22,15110.22522,0,0,1,0,0
1.889135,9,15112.505907,0,0,1,0,0
328.863408,1,15112.68936,0,0,0,0,1
328.99729,1,15112.95652,0,0,0,0,1
337.997289,1,15113.223999,0,0,0,0,1
337.831122,1,15113.485961,0,0,0,0,1
328.826743,1,15113.713828,0,0,0,0,1
38.83967,10,15114.630321,0,0,1,0,0
328.82862,1,15114.806252,0,0,0,0,1
328.831123,1,15115.015944,0,0,0,0,1
65.137047,11,15117.88798,0,0,1,0,0
-128.428683,4,15120.324376,0,0,1,0,0
328.773494,1,15120.761855,0,0,1,0,0
337.852828,1,15120.990897,0,0,1,0,0
555.161326,24,15173.778931,0,0,1,0,0
-115.362118,2,15174.184696,0,0,1,0,0
-17.772703,6,15174.893715,0,0,1,0,0
328.82862,1,15175.07838,0,0,0,0,1
337.800053,1,15175.309784,0,0,0,0,1
337.93954,1,15175.550546,0,0,0,0,1
337.82862,1,15175.788502,0,0,0,0,1
429.994357,24,15178.239982,0,0,1,0,0
-137.757671,5,15179.565505,0,0,1,0,0
337.778864,1,15179.764451,0,0,0,0,1
859.142275,48,15192.863149,0,0,1,0,0
842.971165,43,15199.28408,0,0,1,0,0
-137.159201,5,15200.93287,0,0,1,0,0
328.846564,1,15201.248454,0,0,1,0,0
337.828619,1,15201.464198,0,0,0,0,1
328.93954,1,15201.728613,0,0,0,0,1
328.93954,1,15202.006804,0,0,0,0,1
328.931002,1,15202.289125,0,0,0,0,1
328.831123,1,15202.522304,0,0,0,0,1
-6.846413,8,15204.052503,0,0,1,0,0
1435.805771,52,15225.733318,0,0,1,0,0
328.800053,1,15225.912329,0,0,0,0,1
709.639446,33,15231.882046,0,0,1,0,0
328.920203,1,15232.379773,0,0,0,0,1
-67.557209,4,15240.12638,0,0,1,0,0
122.036104,9,15241.553493,0,0,1,0,0
1044.683811,38,15249.805712,0,0,1,0,0
426.501727,22,15253.561886,0,0,1,0,0
405.617473,21,15257.850603,0,0,1,0,0
-124.011808,1,15258.221087,0,0,1,0,0
328.99729,1,15258.373827,0,0,0,0,1
648.725073,37,15263.364546,1,0,0,0,0
211.984783,14,15264.835777,0,0,1,0,0
328.968284,1,15265.045995,0,0,0,0,1
328.881733,1,15265.510972,0,0,1,0,0
328.93954,1,15265.694185,0,0,0,0,1
649.234427,35,15272.38139,0,0,1,0,0
328.859286,1,15279.831374,1,0,0,0,0
1143.065248,47,15289.209797,0,0,1,0,0
321.129458,1,15289.583057,0,0,1,0,0
642.800768,30,15292.83791,1,0,0,0,0
624.988637,30,15297.47636,0,0,1,0,0
790.680239,49,15310.041121,0,0,1,0,0
-151.800564,7,15313.749707,0,0,1,0,0
-155.454206,6,15316.384099,0,0,1,0,0
1305.773847,55,15325.414122,0,0,1,0,0
328.93954,1,15325.627831,0,0,0,0,1
337.939542,1,15325.855977,0,0,0,0,1
-140.745784,5,15327.736485,1,0,0,0,0
656.810019,30,15330.36059,0,0,1,0,0
328.99729,1,15330.53089,0,0,0,0,1
580.805475,32,15334.930157,1,0,0,0,0
328.931002,1,15335.205555,0,0,0,0,1
-155.342932,6,15337.752572,0,0,1,0,0
696.239959,31,15349.466884,0,0,1,0,0
-72.03449,7,15353.287724,0,0,1,0,0
328.826743,1,15353.478921,0,0,0,0,1
137.228383,10,15356.227607,0,0,1,0,0
328.93954,1,15356.540802,0,0,0,0,1
475.554417,38,15369.399693,0,0,1,0,0
624.645982,30,15373.897396,0,0,1,0,0
866.348868,39,15380.066938,0,0,1,0,0
328.931002,1,15380.2753,0,0,0,0,1
328.863408,1,15380.469203,0,0,0,0,1
680.015492,32,15383.853006,0,0,1,0,0
328.874315,1,15384.229959,0,0,0,0,1
330.129458,1,15384.700066,0,0,1,0,0
337.778864,1,15384.912099,0,0,0,0,1
-88.097739,2,15385.94689,0,0,1,0,0
431.671371,25,15388.958748,0,0,1,0,0
622.316027,28,15393.067196,1,0,0,0,0
163.207696,14,15394.449931,0,0,1,0,0
646.705476,35,15408.426106,0,0,1,0,0
328.800053,1,15408.658173,0,0,0,0,1
946.624419,39,15412.87488,1,0,0,0,0
-140.999267,1,15415.339962,1,0,0,0,0
679.675363,29,15420.626711,0,0,1,0,0
-129.58561,4,15422.920606,0,0,1,0,0
328.888918,1,15423.06629,0,0,1,0,0
1043.309058,43,15431.025746,0,0,1,0,0
39.666819,13,15432.90855,0,0,1,0,0
337.826743,1,15433.150442,0,0,0,0,1
-200.046977,5,15433.751194,0,0,1,0,0
337.93954,1,15433.905845,0,0,0,0,1
328.859287,1,15434.13762,1,0,0,0,0
321.129458,1,15434.557144,0,0,1,0,0
157.188034,12,15443.289645,0,0,1,0,0
187.774242,16,15451.256418,0,0,1,0,0
457.188224,19,15460.845597,0,0,1,0,0
731.922823,34,15466.953102,0,0,1,0,0
1382.286606,65,15484.931645,0,0,1,0,0
328.82862,1,15485.073948,0,0,0,0,1
321.129458,1,15485.498903,0,0,1,0,0
947.828281,45,15491.686561,0,0,1,0,0
328.99729,1,15491.934339,0,0,0,0,1
436.323314,23,15494.369841,1,0,0,0,0
554.93677,27,15498.141868,1,0,0,0,0
321.129458,1,15498.557053,0,0,1,0,0
328.93954,1,15498.714743,0,0,0,0,1
899.248568,47,15505.31786,0,0,1,0,0
328.920203,1,15505.75617,0,0,0,0,1
328.881733,1,15506.158098,0,0,1,0,0
845.053467,40,15508.72261,0,0,1,0,0
328.778864,1,15508.884362,0,0,0,0,1
337.881733,1,15509.277719,0,0,1,0,0
328.93954,1,15509.445435,0,0,0,0,1
337.778862,1,15509.685205,0,0,0,0,1
330.129458,1,15510.130651,0,0,1,0,0
-124.011808,1,15510.373325,0,0,1,0,0
328.99729,1,15510.538717,0,0,0,0,1
720.849488,37,15516.965933,0,0,1,0,0
337.931001,1,15517.178621,0,0,0,0,1
153.692337,13,15533.319139,0,0,1,0,0
321.129458,1,15533.778324,0,0,1,0,0
328.863408,1,15533.953558,0,0,0,0,1
328.873836,1,15534.297413,0,0,0,0,1
1100.196002,46,15542.079886,0,0,1,0,0
514.629252,32,15546.514131,0,0,1,0,0
328.99729,1,15546.738164,0,0,0,0,1
313.468679,15,15550.082038,0,0,1,0,0
487.429596,25,15552.868945,1,0,0,0,0
328.99729,1,15553.111681,0,0,0,0,1
328.93954,1,15553.349424,0,0,0,0,1
534.5026,26,15557.314872,0,0,1,0,0
337.800054,1,15557.550906,0,0,0,0,1
66.451092,11,15559.594956,0,0,1,0,0
328.778864,1,15559.793022,0,0,0,0,1
321.129458,1,15560.283677,0,0,1,0,0
321.129458,1,15560.713306,0,0,1,0,0
631.237364,10,15561.911591,0,0,0,0,1
92.50152,15,15564.449807,0,0,1,0,0
-141.382439,5,15566.336764,1,0,0,0,0
321.129458,1,15566.759661,0,0,1,0,0
223.036031,14,15568.922247,0,0,1,0,0
337.968284,1,15569.095169,0,0,0,0,1
337.931002,1,15569.366778,0,0,0,0,1
-199.603445,5,15569.940166,0,0,1,0,0
222.613962,14,15571.128644,0,0,1,0,0
705.989307,38,15587.487015,0,0,1,0,0
328.931002,1,15587.67658,0,0,0,0,1
499.275083,20,15590.086789,0,0,1,0,0
328.931002,1,15590.254858,0,0,0,0,1
328.93954,1,15590.531193,0,0,0,0,1
-117.982357,5,15592.307416,0,0,1,0,0
1056.754964,38,15616.165798,0,0,1,0,0
337.931001,1,15616.383914,0,0,0,0,1
328.846564,1,15616.717998,0,0,1,0,0
328.968284,1,15616.917849,0,0,0,0,1
337.931001,1,15617.201706,0,0,0,0,1
328.846564,1,15617.537757,0,0,1,0,0
328.859287,1,15617.739812,1,0,0,0,0
337.939541,1,15617.969174,0,0,0,0,1
-192.453578,9,15618.674884,0,0,1,0,0
328.93954,1,15618.823416,0,0,0,0,1
761.94866,38,15627.817498,0,0,1,0,0
386.993001,21,15630.169963,1,0,0,0,0
328.826743,1,15630.338825,0,0,0,0,1
328.931002,1,15630.536217,0,0,0,0,1
-158.034737,4,15633.922123,0,0,1,0,0
328.881733,1,15634.291603,0,0,1,0,0
479.477877,25,15639.87483,0,0,1,0,0
337.931002,1,15640.135642,0,0,0,0,1
441.527593,26,15643.183492,0,0,1,0,0
328.93954,1,15643.386223,0,0,0,0,1
328.863408,1,15643.61865,0,0,0,0,1
337.778863,1,15643.871326,0,0,0,0,1
459.402659,20,15646.954998,0,0,1,0,0
-199.905956,5,15647.455077,0,0,1,0,0
435.268788,21,15657.386466,0,0,1,0,0
-194.170193,7,15657.874181,0,0,1,0,0
328.800053,1,15658.0272,0,0,0,0,1
328.99729,1,15658.268629,0,0,0,0,1
328.93954,1,15658.515319,0,0,0,0,1
328.99729,1,15658.735936,0,0,0,0,1
328.938687,1,15659.097818,0,0,0,0,1
149.34994,13,15661.725438,0,0,1,0,0
-88.09964,2,15662.740633,0,0,1,0,0
-129.071402,1,15663.010483,0,0,1,0,0
337.800053,1,15663.240513,0,0,0,0,1
737.11715,13,15669.943015,0,0,0,0,1
-188.336575,5,15671.415554,0,0,1,0,0
517.50361,23,15675.621159,0,0,1,0,0
-117.202398,5,15677.416173,0,0,1,0,0
136.779549,10,15679.76116,0,0,1,0,0
337.997289,1,15680.015598,0,0,0,0,1
606.897656,27,15685.474206,1,0,0,0,0
-124.011808,1,15685.875641,0,0,1,0,0
677.456008,32,15688.973971,0,0,1,0,0
109.771414,8,15695.292371,0,0,1,0,0
337.778863,1,15695.494686,0,0,0,0,1
-158.034737,4,15698.932639,0,0,1,0,0
328.99729,1,15699.094139,0,0,0,0,1
588.722967,26,15702.694974,0,0,1,0,0
216.249452,13,15705.785866,0,0,1,0,0
165.9201,10,15716.787178,0,0,1,0,0
681.825315,30,15730.856623,0,0,1,0,0
363.807166,16,15734.836925,0,0,1,0,0
-206.565173,5,15736.688943,0,0,1,0,0
653.447036,28,15741.202712,0,0,1,0,0
337.800053,1,15741.455047,0,0,0,0,1
328.778864,1,15741.710694,0,0,0,0,1
328.846564,1,15742.078876,0,0,1,0,0
328.82862,1,15742.299527,0,0,0,0,1
337.968284,1,15742.541848,0,0,0,0,1
328.888918,1,15742.825962,0,0,1,0,0
222.092942,16,15745.778857,0,0,1,0,0
524.555626,36,15748.930024,0,0,1,0,0
466.501243,18,15753.357799,0,0,1,0,0
328.931002,1,15753.673,0,0,0,0,1
328.909529,1,15753.901871,0,0,0,0,1
167.329292,10,15755.583367,0,0,1,0,0
191.903439,11,15757.839247,0,0,1,0,0
-140.999267,1,15760.272905,1,0,0,0,0
328.800053,1,15760.450768,0,0,0,0,1
168.84287,14,15763.052292,0,0,1,0,0
-194.009802,9,15763.778583,0,0,1,0,0
552.903623,25,15767.080061,0,0,1,0,0
80.651841,11,15768.246995,0,0,1,0,0
637.649398,10,15776.793526,0,0,1,0,0
-146.388743,6,15779.563707,0,0,1,0,0
-127.088613,6,15781.245218,0,0,1,0,0
337.800053,1,15781.385347,0,0,0,0,1
-126.388102,1,15781.672166,0,0,1,0,0
328.888918,1,15781.862981,0,0,1,0,0
512.637906,24,15786.417328,0,0,1,0,0
328.151229,18,15789.162009,0,0,1,0,0
-132.738533,1,15789.619581,0,0,1,0,0
39.962811,10,15792.679301,0,0,1,0,0
806.795298,36,15799.782614,0,0,1,0,0
329.70077,19,15801.631489,0,0,1,0,0
530.93793,25,15823.803809,1,0,0,0,0
328.859287,1,15823.955238,1,0,0,0,0
633.197924,35,15830.233839,0,0,1,0,0
729.980248,47,15844.951679,0,0,1,0,0
328.863408,1,15845.195215,0,0,0,0,1
328.859287,1,15845.444278,1,0,0,0,0
328.931002,1,15845.680029,0,0,0,0,1
328.778864,1,15845.893697,0,0,0,0,1
90.704062,15,15848.213253,0,0,1,0,0
321.129458,1,15848.685061,0,0,1,0,0
337.968283,1,15848.86897,0,0,0,0,1
337.939541,1,15849.1669,0,0,0,0,1
1007.346947,38,15876.146291,0,0,1,0,0
-12.152811,8,15877.85357,0,0,1,0,0
328.99729,1,15878.014495,0,0,0,0,1
143.523379,15,15885.813012,0,0,1,0,0
328.93954,1,15885.963057,0,0,0,0,1
328.90969,1,15886.389572,0,0,1,0,0
800.991402,36,15895.028535,0,0,1,0,0
337.931002,1,15895.362104,0,0,0,0,1
245.911932,14,15896.51762,0,0,1,0,0
39.09394,10,15899.471041,0,0,1,0,0
328.846564,1,15899.799643,0,0,1,0,0
-6.573231,8,15901.407872,0,0,1,0,0
328.859286,1,15901.63334,1,0,0,0,0
-127.11369,3,15902.580791,1,0,0,0,0
826.748266,39,15905.175394,0,0,1,0,0
328.800053,1,15905.322663,0,0,0,0,1
328.846564,1,15905.721047,0,0,1,0,0
328.778864,1,15905.923623,0,0,0,0,1
328.888918,1,15906.101325,0,0,1,0,0
337.931001,1,15906.383079,0,0,0,0,1
328.968284,1,15906.595511,0,0,0,0,1
328.800053,1,15914.117583,0,0,0,0,1
328.778864,1,15914.369653,0,0,0,0,1
161.839899,14,15916.551186,0,0,1,0,0
328.800053,1,15916.7861,0,0,0,0,1
328.778864,1,15917.041171,0,0,0,0,1
-122.544088,3,15920.203817,0,0,1,0,0
911.618499,34,15924.513813,0,0,1,0,0
107.624744,9,15925.59478,0,0,1,0,0
328.931002,1,15925.782639,0,0,0,0,1
328.909529,1,15925.985104,0,0,0,0,1
267.365907,16,15928.032624,0,0,1,0,0
337.991637,1,15928.441345,0,0,0,0,1
337.99729,1,15928.607884,0,0,0,0,1
780.292859,36,15933.737648,0,0,1,0,0
337.800055,1,15933.914367,0,0,0,0,1
328.99729,1,15934.154427,0,0,0,0,1
731.976514,36,15944.597609,0,0,1,0,0
710.658366,30,15951.330226,0,0,1,0,0
-140.95701,1,15953.979212,1,0,0,0,0
639.791901,31,15957.540899,0,0,1,0,0
337.826743,1,15957.752643,0,0,0,0,1
328.873836,1,15958.018979,0,0,0,0,1
328.863408,1,15958.199071,0,0,0,0,1
136.466107,13,15960.090309,0,0,1,0,0
161.516657,9,15963.233627,0,0,1,0,0
-128.779249,4,15965.621383,0,0,1,0,0
328.846564,1,15965.942653,0,0,1,0,0
387.086573,24,15968.755698,0,0,1,0,0
328.881733,1,15969.170673,0,0,1,0,0
328.93954,1,15969.359601,0,0,0,0,1
998.152236,41,15973.307428,0,0,1,0,0
328.881733,1,15973.676089,0,0,1,0,0
328.881733,1,15974.072653,0,0,1,0,0
-132.922976,1,15975.671909,0,0,1,0,0
-127.06967,3,15977.238111,0,0,1,0,0
328.888918,1,15977.377354,0,0,1,0,0
1001.091272,42,15990.78802,0,0,1,0,0
328.93954,1,15990.991428,0,0,0,0,1
337.881734,1,15991.441071,0,0,1,0,0
500.325968,22,15995.499365,0,0,1,0,0
328.90969,1,15995.973351,0,0,1,0,0
359.10163,16,16008.512014,0,0,1,0,0
444.732177,22,16019.331356,0,0,1,0,0
-126.981604,3,16021.048225,0,0,1,0,0
337.828621,1,16021.208025,0,0,0,0,1
328.863408,1,16021.458019,0,0,0,0,1
833.063477,39,16036.237713,0,0,1,0,0
328.846564,1,16036.494537,0,0,1,0,0
328.977188,1,16036.755228,0,0,0,0,1
328.800053,1,16036.928912,0,0,0,0,1
328.800053,1,16037.140317,0,0,0,0,1
328.863408,1,16037.355021,0,0,0,0,1
-71.061585,7,16040.822408,0,0,1,0,0
371.814475,20,16044.372215,0,0,1,0,0
328.90969,1,16044.818925,0,0,1,0,0
-8.595689,8,16046.571208,0,0,1,0,0
328.888918,1,16046.819259,0,0,1,0,0
600.482173,28,16052.432479,0,0,1,0,0
328.881733,1,16052.860285,0,0,1,0,0
-136.610074,5,16054.298065,0,0,1,0,0
328.826743,1,16054.450881,0,0,0,0,1
434.198725,23,16057.509924,0,0,1,0,0
291.216978,13,16068.732387,0,0,1,0,0
-158.034737,4,16072.222448,0,0,1,0,0
328.859286,1,16072.40764,1,0,0,0,0
541.791778,26,16074.763951,0,0,1,0,0
678.727375,30,16087.611181,0,0,1,0,0
328.931002,1,16087.8915,0,0,0,0,1
328.931002,1,16088.114559,0,0,0,0,1
328.99729,1,16088.323512,0,0,0,0,1
408.304559,20,16090.669476,0,0,1,0,0
330.129458,1,16091.153599,0,0,1,0,0
337.931004,1,16091.341847,0,0,0,0,1
-124.011808,1,16091.676331,0,0,1,0,0
328.931002,1,16091.849242,0,0,0,0,1
489.813799,22,16095.208115,0,0,1,0,0
-108.122235,2,16095.597508,0,0,1,0,0
328.881733,1,16096.069739,0,0,1,0,0
328.888918,1,16096.238855,0,0,1,0,0
328.90969,1,16096.729615,0,0,1,0,0
349.737407,24,16099.939942,1,0,0,0,0
166.359146,10,16111.41321,0,0,1,0,0
312.436284,36,16130.383315,0,0,1,0,0
328.872369,1,16130.636642,0,0,0,0,1
-216.260003,6,16132.275757,0,0,1,0,0
185.045827,12,16139.609801,0,0,1,0,0
328.909529,1,16139.758144,0,0,0,0,1
692.75331,27,16151.662507,0,0,1,0,0
328.99729,1,16151.82394,0,0,0,0,1
337.828619,1,16152.081994,0,0,0,0,1
328.826743,1,16152.341467,0,0,0,0,1
328.846564,1,16152.700038,0,0,1,0,0
328.93954,1,16152.915013,0,0,0,0,1
395.384686,20,16156.187487,0,0,1,0,0
337.82862,1,16156.369996,0,0,0,0,1
337.852829,1,16156.639948,0,0,1,0,0
27.975768,10,16159.34078,0,0,1,0,0
586.690632,30,16162.562308,0,0,1,0,0
328.846564,1,16162.983753,0,0,1,0,0
173.577253,10,16179.90517,0,0,1,0,0
507.981713,20,16191.298263,0,0,1,0,0
237.544708,17,16193.882275,0,0,1,0,0
82.076701,14,16196.076512,0,0,1,0,0
700.113197,38,16201.854245,0,0,1,0,0
328.99729,1,16202.01577,0,0,0,0,1
-129.071402,1,16202.467289,0,0,1,0,0
169.089188,14,16205.096108,0,0,1,0,0
328.93954,1,16205.385511,0,0,0,0,1
328.881733,1,16205.954452,0,0,1,0,0
328.826743,1,16206.150729,0,0,0,0,1
-129.312562,4,16208.489415,0,0,1,0,0
655.598791,11,16209.68805,0,0,0,0,1
-99.121924,2,16210.030931,0,0,1,0,0
328.968284,1,16210.227292,0,0,0,0,1
376.383751,19,16212.423776,0,0,1,0,0
569.882718,28,16215.269174,0,0,1,0,0
337.80893,1,16215.479129,0,0,0,0,1
337.800054,1,16215.713875,0,0,0,0,1
-123.103936,7,16217.594203,0,0,1,0,0
980.601804,47,16231.393391,0,0,1,0,0
328.778864,1,16231.613798,0,0,0,0,1
328.82862,1,16231.901302,0,0,0,0,1
621.050136,35,16235.680053,0,0,1,0,0
311.913213,14,16238.482643,0,0,1,0,0
573.664524,24,16583.985193,0,0,1,0,0
337.881734,1,16591.673033,0,0,1,0,0
328.881733,1,16592.074447,0,0,1,0,0
1008.954992,47,16596.921239,0,0,1,0,0
457.297261,22,16600.802378,1,0,0,0,0
328.846564,1,16601.214314,0,0,1,0,0
356.094107,17,16603.220429,0,0,1,0,0
326.65198,16,16606.582687,1,0,0,0,0
189.263436,12,16608.831224,0,0,1,0,0
1260.499001,44,16617.311401,0,0,1,0,0
716.574874,32,16620.107289,0,0,1,0,0
-108.109333,2,16620.42697,1,0,0,0,0
328.93954,1,16620.670118,0,0,0,0,1
-132.738533,1,16621.144054,0,0,1,0,0
-124.481256,3,16623.642487,0,0,1,0,0
476.062948,22,16628.829473,0,0,1,0,0
-6.846413,8,16637.919762,0,0,1,0,0
657.584719,34,16643.957797,0,0,1,0,0
328.778864,1,16644.211296,0,0,0,0,1
160.823813,11,16652.087946,0,0,1,0,0
328.93954,1,16652.251896,0,0,0,0,1
431.835998,22,16656.758204,0,0,1,0,0
328.931002,1,16657.040772,0,0,0,0,1
253.660636,13,16660.243051,0,0,1,0,0
667.274748,10,16661.585498,0,0,0,0,1
-144.710879,6,16664.218379,0,0,1,0,0
337.800053,1,16664.418081,0,0,0,0,1
953.376362,40,16672.557854,0,0,1,0,0
337.881732,1,16672.977581,0,0,1,0,0
-198.663258,8,16673.527075,0,0,1,0,0
87.534523,14,16675.49363,0,0,1,0,0
141.752841,14,16677.939274,0,0,1,0,0
328.931002,1,16678.083923,0,0,0,0,1
165.150068,11,16679.210366,1,0,0,0,0
328.938687,1,16679.610886,0,0,0,0,1
328.826743,1,16679.850057,0,0,0,0,1
-115.600763,2,16680.169004,0,0,1,0,0
328.773494,1,16680.590265,0,0,1,0,0
1301.253916,47,16695.413059,1,0,0,0,0
318.35926,20,16697.721276,0,0,1,0,0
-218.824168,12,16698.945845,0,0,1,0,0
337.881733,1,16699.368175,0,0,1,0,0
328.881733,1,16699.73667,0,0,1,0,0
1233.009942,30,16704.835639,0,0,0,0,1
328.93954,1,16705.111092,0,0,0,0,1
988.7968,41,16710.762081,0,0,1,0,0
212.771701,11,16713.613041,0,0,1,0,0
164.305724,11,16714.604838,1,0,0,0,0
521.632411,24,16717.956752,0,0,1,0,0
330.129458,1,16718.321524,0,0,1,0,0
328.93954,1,16718.501992,0,0,0,0,1
427.270579,18,16723.553673,0,0,1,0,0
337.828619,1,16723.72758,0,0,0,0,1
571.915892,25,16727.421536,1,0,0,0,0
-125.85174,5,16729.219947,0,0,1,0,0
300.322811,17,16730.745834,0,0,1,0,0
814.880146,37,16742.198944,0,0,1,0,0
328.93954,1,16742.421061,0,0,0,0,1
-140.279695,5,16744.4375,1,0,0,0,0
328.778864,1,16744.633389,0,0,0,0,1
104.162652,15,16747.081388,0,0,1,0,0
506.216237,22,16750.520652,1,0,0,0,0
328.773494,1,16750.991497,0,0,1,0,0
-148.070882,6,16754.038438,0,0,1,0,0
328.773494,1,16754.453588,0,0,1,0,0
328.931002,1,16754.635209,0,0,0,0,1
361.875679,26,16759.614358,1,0,0,0,0
-145.595678,6,16796.885356,0,0,1,0,0
328.800053,1,16797.020908,0,0,0,0,1
328.800053,1,16797.227054,0,0,0,0,1
539.769034,33,16801.695908,0,0,1,0,0
337.931001,1,16801.920886,0,0,0,0,1
110.391194,9,16804.150687,0,0,1,0,0
-199.603445,5,16804.901114,0,0,1,0,0
328.920203,1,16805.312063,0,0,0,0,1
337.931003,1,16805.500258,0,0,0,0,1
-127.009338,3,16807.083623,0,0,1,0,0
-126.388102,1,16807.887977,0,0,1,0,0
273.91431,13,16817.526925,0,0,1,0,0
1301.85072,58,16821.302319,0,0,1,0,0
328.859288,1,16821.486028,1,0,0,0,0
682.145695,36,16827.573606,0,0,1,0,0
-146.904837,6,16830.314758,0,0,1,0,0
337.778863,1,16830.538357,0,0,0,0,1
-192.872587,9,16831.256333,0,0,1,0,0
10.286056,9,16832.160717,0,0,1,0,0
117.456174,8,16837.208088,0,0,1,0,0
784.999527,35,16839.757689,0,0,1,0,0
337.826744,1,16839.931115,0,0,0,0,1
-72.54148,7,16843.585987,0,0,1,0,0
-140.481619,5,16844.973578,0,0,1,0,0
539.664314,31,16857.243558,0,0,1,0,0
506.21232,30,16862.4694,0,0,1,0,0
593.944636,34,16868.615832,0,0,1,0,0
328.778864,1,16868.91033,0,0,0,0,1
337.93954,1,16869.161337,0,0,0,0,1
337.997288,1,16869.399845,0,0,0,0,1
328.968284,1,16869.612691,0,0,0,0,1
309.816777,20,16871.924823,0,0,1,0,0
328.93954,1,16872.135419,0,0,0,0,1
-124.038482,3,16874.62012,0,0,1,0,0
337.826743,1,16874.804287,0,0,0,0,1
328.931002,1,16875.035978,0,0,0,0,1
272.120366,19,16877.894859,0,0,1,0,0
328.82862,1,16878.114421,0,0,0,0,1
301.086346,17,16886.517036,0,0,1,0,0
328.778864,1,16886.743104,0,0,0,0,1
-153.381183,3,16890.184803,0,0,1,0,0
328.859287,1,16890.346655,1,0,0,0,0
-199.977348,5,16890.962246,0,0,1,0,0
428.674866,18,16893.126291,0,0,1,0,0
919.969201,37,16914.028895,0,0,1,0,0
328.968284,1,16914.197154,0,0,0,0,1
337.931002,1,16921.741662,0,0,0,0,1
337.991637,1,16922.169955,0,0,0,0,1
243.678275,17,16924.797191,0,0,1,0,0
319.064155,22,16927.636698,0,0,1,0,0
328.778864,1,16927.887987,0,0,0,0,1
371.665119,18,16930.451818,0,0,1,0,0
228.964226,17,16932.567944,0,0,1,0,0
-115.362118,2,16932.829009,0,0,1,0,0
114.632611,13,16935.039701,0,0,1,0,0
785.349309,37,16939.925216,0,0,1,0,0
-149.541067,6,16942.391622,0,0,1,0,0
-129.423044,6,16942.96987,0,0,1,0,0
540.245399,27,16948.275924,0,0,1,0,0
328.826743,1,16948.559049,0,0,0,0,1
70.599158,11,16950.764047,0,0,1,0,0
1094.675378,53,16958.090677,0,0,1,0,0
-129.071402,1,16958.452244,0,0,1,0,0
487.241445,19,16963.722599,0,0,1,0,0
328.90969,1,16964.166816,0,0,1,0,0
-123.738357,1,16964.577212,0,0,1,0,0
-132.891287,1,16973.57892,0,0,1,0,0
328.93954,1,16973.736419,0,0,0,0,1
-129.576979,4,16976.2185,0,0,1,0,0
358.772902,19,16978.42815,0,0,1,0,0
-148.296399,6,16981.149232,0,0,1,0,0
328.778864,1,16981.328467,0,0,0,0,1
328.800053,1,16981.596173,0,0,0,0,1
824.926542,33,16985.900513,1,0,0,0,0
330.129458,1,16986.308141,0,0,1,0,0
328.800053,1,16986.493497,0,0,0,0,1
76.574727,11,16987.798799,0,0,1,0,0
372.911755,18,16991.181725,0,0,1,0,0
337.93954,1,16991.471447,0,0,0,0,1
1025.173121,42,16999.57,0,0,1,0,0
-157.602233,5,17000.178848,0,0,1,0,0
296.688182,14,17009.125517,0,0,1,0,0
328.800053,1,17009.26016,0,0,0,0,1
10.224938,9,17011.130199,0,0,1,0,0
-123.443939,6,17011.837743,0,0,1,0,0
384.930911,20,17014.771643,0,0,1,0,0
-124.087411,3,17017.233026,0,0,1,0,0
328.93954,1,17017.425606,0,0,0,0,1
-148.105581,6,17020.275074,0,0,1,0,0
97.89175,11,17022.06579,0,0,1,0,0
37.359592,10,17023.108924,0,0,1,0,0
38.180904,13,17025.090153,0,0,1,0,0
328.90969,1,17025.611754,0,0,1,0,0
130.227564,9,17040.622125,0,0,1,0,0
872.407277,38,17045.343099,0,0,1,0,0
328.800053,1,17045.5518,0,0,0,0,1
13.626241,9,17046.434475,0,0,1,0,0
328.931002,1,17046.701332,0,0,0,0,1
328.80893,1,17046.917474,0,0,0,0,1
-153.487594,6,17049.652361,0,0,1,0,0
337.939539,1,17049.839718,0,0,0,0,1
337.939541,1,17050.089969,0,0,0,0,1
1230.530778,52,17058.03134,0,0,1,0,0
784.430073,35,17063.431956,0,0,1,0,0
328.863408,1,17063.650001,0,0,0,0,1
337.826743,1,17063.869376,0,0,0,0,1
328.800053,1,17064.067833,0,0,0,0,1
616.701516,28,17066.440818,0,0,1,0,0
586.331432,29,17070.627151,1,0,0,0,0
-108.16604,2,17071.011255,1,0,0,0,0
428.401639,21,17083.117374,1,0,0,0,0
337.778864,1,17083.532082,0,0,0,0,1
328.826743,1,17083.765771,0,0,0,0,1
475.512584,30,17086.810974,0,0,1,0,0
328.881733,1,17087.30567,0,0,1,0,0
328.90969,1,17087.735851,0,0,1,0,0
328.931002,1,17087.941766,0,0,0,0,1
117.200096,13,17090.023361,0,0,1,0,0
800.052693,32,17095.873977,0,0,1,0,0
-39.882057,7,17097.240533,0,0,1,0,0
328.931002,1,17097.486091,0,0,0,0,1
328.99729,1,17097.711135,0,0,0,0,1
328.931002,1,17097.963013,0,0,0,0,1
328.99729,1,17098.177018,0,0,0,0,1
328.859287,1,17098.4422,1,0,0,0,0
328.778864,1,17098.706944,0,0,0,0,1
1293.128291,55,17109.227492,0,0,1,0,0
328.968284,1,17109.49122,0,0,0,0,1
521.207409,22,17111.065443,0,0,1,0,0
321.129458,1,17111.446163,0,0,1,0,0
615.79549,31,17116.18517,0,0,1,0,0
157.463076,10,17118.083563,0,0,1,0,0
458.354174,24,17128.40639,1,0,0,0,0
-123.188767,6,17129.021031,0,0,1,0,0
787.922076,40,17140.671968,0,0,1,0,0
268.12751,14,17144.026928,0,0,1,0,0
-205.691542,5,17145.867428,0,0,1,0,0
328.90969,1,17146.263921,0,0,1,0,0
1167.826731,95,17158.302586,0,0,1,0,0
686.240032,32,17181.424431,0,0,1,0,0
202.504872,15,17183.628481,1,0,0,0,0
328.968284,1,17183.842744,0,0,0,0,1
337.800053,1,17184.125602,0,0,0,0,1
332.440348,26,17187.650126,0,0,1,0,0
1295.139725,49,17195.195945,0,0,1,0,0
-154.317364,3,17198.876441,0,0,1,0,0
328.93954,1,17199.054055,0,0,0,0,1
328.93954,1,17199.296839,0,0,0,0,1
451.718271,21,17209.984919,1,0,0,0,0
337.800053,1,17210.157214,0,0,0,0,1
328.931002,1,17210.331861,0,0,0,0,1
328.826743,1,17210.563539,0,0,0,0,1
-148.296399,6,17213.361214,0,0,1,0,0
722.496364,28,17217.989025,0,0,1,0,0
675.130427,39,17222.949042,0,0,1,0,0
-153.934145,6,17225.742687,0,0,1,0,0
337.90953,1,17225.897961,0,0,0,0,1
261.530558,13,17227.442088,0,0,1,0,0
337.831122,1,17227.587953,0,0,0,0,1
146.550858,13,17229.835546,0,0,1,0,0
170.461322,14,17231.795342,0,0,1,0,0
-154.903209,6,17234.444718,0,0,1,0,0
337.881734,1,17234.82325,0,0,1,0,0
-108.122235,2,17235.10621,0,0,1,0,0
337.888919,1,17235.316031,0,0,1,0,0
321.129458,1,17235.821384,0,0,1,0,0
337.863407,1,17236.010438,0,0,0,0,1
328.888918,1,17236.257925,0,0,1,0,0
410.208401,28,17240.365,0,0,1,0,0
337.881733,1,17240.84923,0,0,1,0,0
328.93954,1,17241.012887,0,0,0,0,1
337.778864,1,17241.263965,0,0,0,0,1
145.384473,12,17242.595517,0,0,1,0,0
328.93954,1,17242.817604,0,0,0,0,1
664.514156,34,17248.137566,0,0,1,0,0
328.82862,1,17248.297643,0,0,0,0,1
1256.167993,57,17264.056696,0,0,1,0,0
196.64312,11,17266.346725,0,0,1,0,0
621.368447,24,17269.978349,0,0,1,0,0
337.931002,1,17270.111303,0,0,0,0,1
328.90969,1,17270.550401,0,0,1,0,0
328.82862,1,17270.752095,0,0,0,0,1
330.129458,1,17271.216038,0,0,1,0,0
836.467859,39,17287.036823,0,0,1,0,0
-123.734548,1,17287.421498,0,0,1,0,0
620.05863,26,17289.720929,0,0,1,0,0
328.93954,1,17289.918839,0,0,0,0,1
-0.551263,8,17290.577862,0,0,1,0,0
279.816046,18,17292.962955,0,0,1,0,0
328.93954,1,17293.189282,0,0,0,0,1
630.397364,35,17298.698532,0,0,1,0,0
421.565457,20,17302.699488,0,0,1,0,0
133.418853,14,17304.902836,0,0,1,0,0
328.831123,1,17305.129056,0,0,0,0,1
333.691454,19,17307.005313,1,0,0,0,0
-138.462008,5,17308.403821,0,0,1,0,0
1041.257779,42,17313.757098,0,0,1,0,0
328.931002,1,17313.940547,0,0,0,0,1
328.93954,1,17314.153852,0,0,0,0,1
199.726817,13,17324.485065,0,0,1,0,0
-199.528744,5,17325.077934,0,0,1,0,0
328.931002,1,17325.241595,0,0,0,0,1
695.240567,34,17330.380677,0,0,1,0,0
328.863408,1,17330.717842,0,0,0,0,1
328.931002,1,17330.939796,0,0,0,0,1
328.968284,1,17331.145845,0,0,0,0,1
215.590038,13,17352.830886,0,0,1,0,0
-196.489065,9,17353.459891,0,0,1,0,0
392.843726,17,17356.999197,0,0,1,0,0
337.778863,1,17357.210343,0,0,0,0,1
-148.830072,6,17360.124037,0,0,1,0,0
349.485115,16,17368.948384,0,0,1,0,0
-187.030518,9,17369.604751,0,0,1,0,0
337.99729,1,17369.747441,0,0,0,0,1
328.778864,1,17370.016607,0,0,0,0,1
1126.523805,50,17378.003045,1,0,0,0,0
321.129458,1,17378.468369,0,0,1,0,0
328.931002,1,17378.643186,0,0,0,0,1
328.90969,1,17379.058439,0,0,1,0,0
165.969203,15,17391.066898,0,0,1,0,0
328.846564,1,17391.38778,0,0,1,0,0
-204.889516,5,17393.111095,0,0,1,0,0
328.991637,1,17393.487248,0,0,0,0,1
617.103782,34,17399.54265,0,0,1,0,0
11.641673,9,17408.800728,0,0,1,0,0
860.830119,40,17411.592549,0,0,1,0,0
328.778864,1,17411.772119,0,0,0,0,1
1279.316055,50,17423.161647,0,0,1,0,0
330.129458,1,17423.55872,0,0,1,0,0
826.663171,36,17427.748023,0,0,1,0,0
328.881733,1,17428.127062,0,0,1,0,0
541.130447,27,17431.411661,0,0,1,0,0
-226.896544,17,17433.702056,0,0,1,0,0
-117.169219,5,17435.479264,0,0,1,0,0
281.677782,15,17436.859208,0,0,1,0,0
424.064874,21,17441.396932,0,0,1,0,0
328.846564,1,17441.674009,0,0,1,0,0
283.108668,14,17444.4151,0,0,1,0,0
648.741881,29,17447.965897,0,0,1,0,0
328.90969,1,17448.38623,0,0,1,0,0
167.690203,14,17450.875233,0,0,1,0,0
354.174384,24,17453.44164,0,0,1,0,0
248.161336,18,17455.681369,0,0,1,0,0
-137.606449,5,17457.029918,0,0,1,0,0
328.846564,1,17457.362,0,0,1,0,0
328.826743,1,17457.583997,0,0,0,0,1
427.361702,24,17460.07354,0,0,1,0,0
328.800053,1,17460.222447,0,0,0,0,1
-153.527846,3,17463.764798,0,0,1,0,0
237.530489,14,17466.678282,0,0,1,0,0
165.957787,14,17468.731642,0,0,1,0,0
328.90969,1,17469.17399,0,0,1,0,0
-144.898523,5,17471.281556,1,0,0,0,0
3.8802,9,17473.590689,0,0,1,0,0
23.191539,9,17474.103527,0,0,1,0,0
328.800053,1,17474.254914,0,0,0,0,1
337.800053,1,17474.461392,0,0,0,0,1
405.178272,18,17476.915926,0,0,1,0,0
105.543065,9,17485.707722,0,0,1,0,0
401.822316,20,17840.778284,0,0,1,0,0
328.881733,1,17841.223277,0,0,1,0,0
-226.861878,12,17842.805809,0,0,1,0,0
328.881733,1,17843.209734,0,0,1,0,0
328.778864,1,17843.416633,0,0,0,0,1
-133.327221,4,17846.448921,0,0,1,0,0
328.778864,1,17846.65008,0,0,0,0,1
-8.842664,8,17847.282101,0,0,1,0,0
610.075715,29,17863.035604,0,0,1,0,0
247.960641,14,17865.811429,0,0,1,0,0
337.826743,1,17866.071243,0,0,0,0,1
337.778864,1,17866.30349,0,0,0,0,1
328.93954,1,17866.520218,0,0,0,0,1
275.680162,15,17870.054316,0,0,1,0,0
574.987543,28,17873.13448,0,0,1,0,0
-201.240149,5,17873.669433,0,0,1,0,0
328.826743,1,17873.834226,0,0,0,0,1
328.90969,1,17874.250262,0,0,1,0,0
-188.359939,8,17874.961434,0,0,1,0,0
328.931002,1,17875.10375,0,0,0,0,1
544.965721,25,17877.903317,0,0,1,0,0
328.852829,1,17878.14376,0,0,1,0,0
333.790422,18,17881.823221,0,0,1,0,0
671.856986,30,17892.578827,0,0,1,0,0
328.931002,1,17892.725098,0,0,0,0,1
328.938687,1,17893.0803,0,0,0,0,1
187.837399,15,17894.864584,0,0,1,0,0
582.323626,27,17917.31901,0,0,1,0,0
667.310996,30,17923.509912,0,0,1,0,0
-24.212702,7,17924.884038,0,0,1,0,0
487.077827,28,17927.725859,0,0,1,0,0
-115.362118,2,17928.011431,0,0,1,0,0
511.758884,24,17931.74011,1,0,0,0,0
95.006396,7,17934.777575,0,0,1,0,0
328.778864,1,17934.964453,0,0,0,0,1
328.90969,1,17935.379212,0,0,1,0,0
-124.011808,1,17935.666306,0,0,1,0,0
-99.114421,2,17935.990659,0,0,1,0,0
328.778864,1,17936.236808,0,0,0,0,1
328.931002,1,17936.509788,0,0,0,0,1
1020.349395,44,17943.496876,1,0,0,0,0
328.93954,1,17943.706066,0,0,0,0,1
125.404225,13,17945.957822,0,0,1,0,0
261.733987,15,17961.485427,0,0,1,0,0
328.968284,1,17961.646343,0,0,0,0,1
210.232738,16,17963.645672,0,0,1,0,0
328.82862,1,17963.853021,0,0,0,0,1
328.881733,1,17964.361916,0,0,1,0,0
337.778864,1,17964.5664,0,0,0,0,1
337.881733,1,17965.04309,0,0,1,0,0
337.808929,1,17965.237694,0,0,0,0,1
328.931002,1,17965.476029,0,0,0,0,1
328.826743,1,17965.70056,0,0,0,0,1
-6.846413,8,17967.430128,0,0,1,0,0
107.608644,11,17969.320996,0,0,1,0,0
989.627928,48,17975.503947,0,0,1,0,0
470.871113,23,17980.211676,0,0,1,0,0
-140.952266,1,17982.763619,1,0,0,0,0
357.525538,16,17992.002046,0,0,1,0,0
541.981174,27,17996.131679,0,0,1,0,0
557.36772,24,18008.998976,0,0,1,0,0
330.129458,1,18009.567497,0,0,1,0,0
142.953417,9,18016.044266,0,0,1,0,0
689.864644,36,18018.925987,0,0,1,0,0
1112.659262,45,18023.625955,0,0,1,0,0
502.132409,25,18028.4929,0,0,1,0,0
337.881733,1,18029.031547,0,0,1,0,0
328.93954,1,18029.224107,0,0,0,0,1
-122.68575,7,18031.204453,0,0,1,0,0
569.065979,25,18035.559464,0,0,1,0,0
-129.071402,1,18035.88467,0,0,1,0,0
757.04332,28,18045.12195,0,0,1,0,0
448.584918,19,18048.716042,0,0,1,0,0
328.826743,1,18048.88877,0,0,0,0,1
328.93954,1,18049.096577,0,0,0,0,1
328.778864,1,18049.344145,0,0,0,0,1
992.199618,50,18065.524351,0,0,1,0,0
337.881732,1,18066.020425,0,0,1,0,0
289.769878,15,18067.643232,0,0,1,0,0
-146.650466,6,18070.354959,0,0,1,0,0
328.800053,1,18070.547238,0,0,0,0,1
328.99729,1,18070.750043,0,0,0,0,1
421.589796,18,18073.643333,0,0,1,0,0
328.881733,1,18074.026769,0,0,1,0,0
328.99729,1,18074.213407,0,0,0,0,1
245.557191,13,18076.245423,0,0,1,0,0
-115.362118,2,18076.49326,0,0,1,0,0
822.735523,38,18080.675709,0,0,1,0,0
328.80893,1,18080.872334,0,0,0,0,1
688.308963,39,18086.594105,0,0,1,0,0
497.495791,24,18089.041355,0,0,1,0,0
274.543174,18,18090.425151,0,0,1,0,0
328.93954,1,18090.678181,0,0,0,0,1
328.826743,1,18090.915232,0,0,0,0,1
330.129458,1,18091.302975,0,0,1,0,0
135.621448,14,18093.237658,0,0,1,0,0
219.221529,11,18104.50321,0,0,1,0,0
-136.118389,5,18105.899494,0,0,1,0,0
328.93954,1,18106.055657,0,0,0,0,1
400.294843,18,18107.376603,0,0,1,0,0
349.984679,16,18119.889716,0,0,1,0,0
328.859287,1,18120.097109,1,0,0,0,0
328.947109,1,18120.395195,0,0,0,0,1
306.068143,14,18129.395997,0,0,1,0,0
116.610698,13,18131.042907,0,0,1,0,0
328.93954,1,18131.311103,0,0,0,0,1
548.290415,27,18142.735575,0,0,1,0,0
209.541259,18,18150.963135,0,0,1,0,0
337.881734,1,18151.371267,0,0,1,0,0
328.99729,1,18151.538359,0,0,0,0,1
337.800053,1,18151.756283,0,0,0,0,1
-153.147039,6,18154.4481,0,0,1,0,0
337.863407,1,18154.593837,0,0,0,0,1
328.881733,1,18155.064187,0,0,1,0,0
-147.525498,7,18158.94894,0,0,1,0,0
328.944557,1,18159.202654,0,0,0,0,1
328.773494,1,18159.696229,0,0,1,0,0
202.504872,15,18162.03342,1,0,0,0,0
930.506915,57,18167.943654,0,0,1,0,0
337.939541,1,18168.161701,0,0,0,0,1
799.661097,39,18174.477469,0,0,1,0,0
-151.800564,7,18178.284914,0,0,1,0,0
328.778864,1,18178.456018,0,0,0,0,1
337.931001,1,18178.675702,0,0,0,0,1
1059.34772,43,18184.726887,1,0,0,0,0
-132.922976,1,18186.396048,0,0,1,0,0
193.590192,12,18188.640968,0,0,1,0,0
656.94081,34,18194.415475,0,0,1,0,0
208.725767,13,18197.241955,0,0,1,0,0
328.93954,1,18197.436886,0,0,0,0,1
825.129012,16,18198.90442,0,0,0,0,1
328.826743,1,18199.047942,0,0,0,0,1
337.778864,1,18199.275086,0,0,0,0,1
971.042367,47,18215.690451,1,0,0,0,0
406.564017,22,18219.721617,0,0,1,0,0
1312.115594,55,18230.914863,0,0,1,0,0
328.920203,1,18231.32553,0,0,0,0,1
601.179902,34,18237.741255,0,0,1,0,0
337.800054,1,18237.988658,0,0,0,0,1
-199.603445,5,18238.612025,0,0,1,0,0
328.968284,1,18238.751273,0,0,0,0,1
-108.16604,2,18239.203772,1,0,0,0,0
328.931002,1,18239.483355,0,0,0,0,1
1081.946502,46,18253.928964,0,0,1,0,0
328.968284,1,18254.164046,0,0,0,0,1
337.931001,1,18254.441238,0,0,0,0,1
328.90969,1,18254.882346,0,0,1,0,0
337.931002,1,18255.076775,0,0,0,0,1
-115.362118,2,18255.417961,0,0,1,0,0
51.884094,10,18256.671401,0,0,1,0,0
337.778864,1,18256.908285,0,0,0,0,1
359.829482,18,18260.246712,0,0,1,0,0
330.129458,1,18260.745165,0,0,1,0,0
-132.922976,1,18262.433719,0,0,1,0,0
740.726706,33,18268.645568,0,0,1,0,0
644.243696,28,18271.336781,1,0,0,0,0
495.870075,20,18275.607715,0,0,1,0,0
328.946553,1,18275.901454,0,0,0,0,1
182.257059,12,18277.995887,0,0,1,0,0
-212.234555,6,18279.722016,0,0,1,0,0
337.863408,1,18279.878278,0,0,0,0,1
328.931002,1,18280.153674,0,0,0,0,1
183.82617,11,18282.922076,0,0,1,0,0
825.301505,36,18290.507116,0,0,1,0,0
131.193009,11,18291.814993,0,0,1,0,0
-16.218967,6,18292.546623,0,0,1,0,0
-16.124359,6,18293.215746,0,0,1,0,0
-126.388102,1,18293.490999,0,0,1,0,0
-16.474997,6,18294.103775,0,0,1,0,0
216.864497,13,18295.237196,0,0,1,0,0
622.297438,10,18296.597706,0,0,0,0,1
328.82862,1,18296.831262,0,0,0,0,1
-138.276424,5,18305.52005,0,0,1,0,0
294.893297,16,18307.29018,0,0,1,0,0
487.765971,22,18310.496097,0,0,1,0,0
-246.811231,12,18311.977039,0,0,1,0,0
19.520718,9,18312.608283,0,0,1,0,0
328.826743,1,18312.765313,0,0,0,0,1
-88.104045,2,18313.747963,0,0,1,0,0
645.850103,37,18354.519244,1,0,0,0,0
337.826743,1,18354.665837,0,0,0,0,1
298.773214,14,18356.257092,0,0,1,0,0
328.800053,1,18356.385891,0,0,0,0,1
337.881733,1,18356.84685,0,0,1,0,0
328.826743,1,18357.053744,0,0,0,0,1
538.58373,22,18359.977868,0,0,1,0,0
-129.312562,4,18362.414534,0,0,1,0,0
-124.011808,1,18362.651742,0,0,1,0,0
321.129458,1,18363.042315,0,0,1,0,0
422.618512,20,18375.187531,0,0,1,0,0
328.93954,1,18375.518183,0,0,0,0,1
-124.011808,1,18375.8355,0,0,1,0,0
-153.575893,3,18379.383747,0,0,1,0,0
-193.017742,7,18379.920213,0,0,1,0,0
277.8629,19,18381.835499,0,0,1,0,0
337.778863,1,18382.0458,0,0,0,0,1
337.931001,1,18382.25813,0,0,0,0,1
15.696118,9,18383.2404,0,0,1,0,0
107.456556,19,18392.218068,0,0,1,0,0
635.696629,24,18396.75032,0,0,1,0,0
337.881733,1,18397.12813,0,0,1,0,0
328.93954,1,18397.310776,0,0,0,0,1
337.968284,1,18397.5832,0,0,0,0,1
328.90969,1,18398.06461,0,0,1,0,0
24.601203,9,18398.644936,0,0,1,0,0
-108.234222,2,18398.978685,1,0,0,0,0
328.826743,1,18399.243289,0,0,0,0,1
24.077945,9,18399.80812,0,0,1,0,0
514.107152,26,18403.359238,0,0,1,0,0
810.978282,35,18406.752476,0,0,1,0,0
-36.882741,4,18407.310794,0,0,1,0,0
328.778864,1,18407.482148,0,0,0,0,1
337.99729,1,18407.717532,0,0,0,0,1
337.826742,1,18407.95352,0,0,0,0,1
328.938687,1,18408.311604,0,0,0,0,1
-151.800564,7,18412.066731,0,0,1,0,0
49.60718,10,18413.309483,0,0,1,0,0
-137.602816,5,18414.80779,0,0,1,0,0
328.800053,1,18414.966033,0,0,0,0,1
792.4281,52,18422.071066,1,0,0,0,0
328.93954,1,18422.325725,0,0,0,0,1
-151.800564,7,18426.109398,0,0,1,0,0
337.939541,1,18426.26887,0,0,0,0,1
314.479402,16,18427.601581,1,0,0,0,0
328.826743,1,18427.765054,0,0,0,0,1
-122.103929,6,18428.341783,0,0,1,0,0
337.826742,1,18428.482946,0,0,0,0,1
566.944948,30,18431.124712,0,0,1,0,0
106.905011,10,18439.661171,0,0,1,0,0
328.97814,1,18439.967312,0,0,0,0,1
534.549689,32,18443.14989,0,0,1,0,0
328.778864,1,18443.361705,0,0,0,0,1
738.867423,36,18448.733105,0,0,1,0,0
328.859287,1,18448.934797,1,0,0,0,0
337.939541,1,18449.174865,0,0,0,0,1
328.93954,1,18449.392338,0,0,0,0,1
542.645738,26,18452.184695,0,0,1,0,0
1196.268304,49,18460.214012,0,0,1,0,0
328.846564,1,18460.585957,0,0,1,0,0
-124.061586,3,18463.175065,0,0,1,0,0
328.863408,1,18463.356215,0,0,0,0,1
98.773065,12,18465.535645,0,0,1,0,0
347.60278,17,18467.559299,0,0,1,0,0
330.129458,1,18468.008079,0,0,1,0,0
-59.91804,7,18471.656002,0,0,1,0,0
-132.738533,1,18472.059728,0,0,1,0,0
571.136856,26,18477.456187,1,0,0,0,0
328.93954,1,18477.720754,0,0,0,0,1
-10.187959,8,18485.950809,0,0,1,0,0
337.778864,1,18486.157146,0,0,0,0,1
337.778863,1,18486.385626,0,0,0,0,1
256.236385,12,18493.35536,0,0,1,0,0
98.929969,8,18501.37986,0,0,1,0,0
121.983203,13,18503.870379,0,0,1,0,0
587.750607,26,18522.640159,0,0,1,0,0
328.800053,1,18522.841478,0,0,0,0,1
1357.313497,49,18530.682395,0,0,1,0,0
328.859286,1,18531.014259,1,0,0,0,0
-67.497411,4,18531.642912,0,0,1,0,0
661.969816,29,18534.877193,0,0,1,0,0
328.778864,1,18535.145243,0,0,0,0,1
-122.766939,7,18537.058476,0,0,1,0,0
224.032383,13,18543.899244,0,0,1,0,0
337.997289,1,18544.070494,0,0,0,0,1
122.224037,13,18546.222725,0,0,1,0,0
337.931001,1,18546.475467,0,0,0,0,1
480.649684,22,18550.751653,1,0,0,0,0
681.086629,39,18565.142207,0,0,1,0,0
918.051247,39,18591.004427,0,0,1,0,0
328.82862,1,18591.179369,0,0,0,0,1
328.846564,1,18591.580563,0,0,1,0,0
724.756681,25,18597.161067,0,0,1,0,0
698.708617,28,18601.417492,1,0,0,0,0
337.800053,1,18601.603214,0,0,0,0,1
306.994634,20,18604.810519,0,0,1,0,0
328.800053,1,18605.010092,0,0,0,0,1
328.778864,1,18605.280018,0,0,0,0,1
328.846564,1,18605.623626,0,0,1,0,0
328.778864,1,18605.851719,0,0,0,0,1
-144.29866,5,18608.191213,1,0,0,0,0
-115.362118,2,18608.500762,0,0,1,0,0
328.920203,1,18608.930318,0,0,0,0,1
523.282512,29,18612.049055,0,0,1,0,0
328.778864,1,18612.302693,0,0,0,0,1
552.673701,26,18635.590691,0,0,1,0,0
328.863408,1,18635.742126,0,0,0,0,1
328.778864,1,18636.016091,0,0,0,0,1
337.828619,1,18636.260046,0,0,0,0,1
-141.623395,5,18638.15858,1,0,0,0,0
337.778865,1,18638.34809,0,0,0,0,1
1161.490197,54,18654.954525,0,0,1,0,0
328.873836,1,18655.258209,0,0,0,0,1
328.93954,1,18655.503019,0,0,0,0,1
328.826743,1,18655.76937,0,0,0,0,1
1178.856062,49,18662.601496,1,0,0,0,0
-116.138144,5,18664.452344,0,0,1,0,0
839.983587,44,18674.167845,0,0,1,0,0
-97.103247,2,18675.235247,0,0,1,0,0
328.881733,1,18675.637811,0,0,1,0,0
713.572254,30,18681.132846,0,0,1,0,0
1057.876015,45,18688.777704,0,0,1,0,0
328.800053,1,18688.964498,0,0,0,0,1
328.82862,1,18689.207471,0,0,0,0,1
353.981937,16,18698.785058,0,0,1,0,0
-133.58933,4,18701.523767,0,0,1,0,0
489.783238,23,18704.963333,1,0,0,0,0
632.519329,10,18713.853565,0,0,0,0,1
328.90969,1,18714.266361,0,0,1,0,0
328.93954,1,18714.480274,0,0,0,0,1
337.931001,1,18714.727692,0,0,0,0,1
328.881733,1,18715.237087,0,0,1,0,0
582.655476,12,18716.936476,0,0,0,0,1
1347.935213,54,18732.468389,0,0,1,0,0
328.931002,1,18732.793623,0,0,0,0,1
328.859287,1,18733.062948,1,0,0,0,0
860.820799,33,18738.521906,0,0,1,0,0
330.129458,1,18739.008175,0,0,1,0,0
328.80893,1,18739.185208,0,0,0,0,1
328.881733,1,18739.678366,0,0,1,0,0
337.997291,1,18739.875423,0,0,0,0,1
328.863408,1,18740.113426,0,0,0,0,1
328.800053,1,18740.357313,0,0,0,0,1
328.778864,1,18740.603853,0,0,0,0,1
328.93954,1,18740.83493,0,0,0,0,1
1190.00701,66,18748.74995,0,0,1,0,0
337.939541,1,18748.919015,0,0,0,0,1
613.355746,38,18755.49002,0,0,1,0,0
926.674475,39,18760.054056,0,0,1,0,0
791.501821,39,18766.275465,0,0,1,0,0
-11.382087,8,18766.962109,0,0,1,0,0
328.90969,1,18767.383389,0,0,1,0,0
321.129458,1,18767.814838,0,0,1,0,0
315.31733,20,18769.810566,0,0,1,0,0
328.90969,1,18770.191693,0,0,1,0,0
328.778864,1,18770.450848,0,0,0,0,1
328.863408,1,18777.981124,0,0,0,0,1
851.662942,36,18803.092301,0,0,1,0,0
-140.999267,1,18805.646307,1,0,0,0,0
-153.522354,6,18808.344846,0,0,1,0,0
-123.937131,3,18811.02296,0,0,1,0,0
321.129458,1,18811.489163,0,0,1,0,0
326.157645,18,18822.424689,0,0,1,0,0
337.99729,1,18822.588681,0,0,0,0,1
-157.60879,5,18823.159797,0,0,1,0,0
337.93954,1,18823.300039,0,0,0,0,1
151.802856,11,18824.72348,0,0,1,0,0
345.966096,19,18826.983223,0,0,1,0,0
337.826742,1,18827.191953,0,0,0,0,1
633.831185,10,18835.818679,0,0,0,0,1
442.273437,21,18839.205202,1,0,0,0,0
-14.842367,6,18839.789226,0,0,1,0,0
-122.103929,6,18840.339941,0,0,1,0,0
-124.726978,5,18842.038499,0,0,1,0,0
887.186801,37,18850.077579,0,0,1,0,0
308.613909,19,18852.538453,0,0,1,0,0
406.090734,19,18856.93338,0,0,1,0,0
328.99729,1,18857.223597,0,0,0,0,1
328.778864,1,18857.48925,0,0,0,0,1
328.931002,1,18857.715005,0,0,0,0,1
1133.062791,48,18882.079418,0,0,1,0,0
-115.362118,2,18882.351118,0,0,1,0,0
401.551286,20,18884.474596,0,0,1,0,0
-151.800564,7,18895.714013,0,0,1,0,0
557.569088,30,18901.326641,0,0,1,0,0
297.125752,18,18903.557527,0,0,1,0,0
337.991637,1,18904.01877,0,0,0,0,1
-158.034737,4,18907.625772,0,0,1,0,0
-157.740917,4,18911.041405,0,0,1,0,0
486.992856,30,18914.364029,0,0,1,0,0
279.217226,15,18916.924751,0,0,1,0,0
253.165241,15,18919.438136,0,0,1,0,0
145.275635,13,18921.353514,0,0,1,0,0
120.38964,12,18923.962818,0,0,1,0,0
284.862019,23,18927.111634,0,0,1,0,0
600.381524,31,18930.935895,0,0,1,0,0
337.93954,1,18931.068577,0,0,0,0,1
328.920203,1,18931.503064,0,0,0,0,1
290.447995,18,18933.353227,0,0,1,0,0
1047.756035,49,18940.615212,0,0,1,0,0
-129.071402,1,18940.921919,0,0,1,0,0
328.873836,1,18941.2353,0,0,0,0,1
-153.557254,3,18944.711615,0,0,1,0,0
328.778864,1,18944.868648,0,0,0,0,1
328.778864,1,18945.120201,0,0,0,0,1
357.315166,17,18948.218765,0,0,1,0,0
328.859287,1,18948.376768,1,0,0,0,0
1477.263856,58,18962.67099,1,0,0,0,0
-121.933577,6,18963.296532,0,0,1,0,0
328.947109,1,18963.52302,0,0,0,0,1
328.888918,1,18963.720311,0,0,1,0,0
328.99729,1,18963.949915,0,0,0,0,1
148.230753,13,18966.607604,0,0,1,0,0
328.93954,1,18966.830251,0,0,0,0,1
-125.805349,5,18968.671515,0,0,1,0,0
328.968284,1,18968.829779,0,0,0,0,1
-126.999021,3,18970.666173,0,0,1,0,0
337.931002,1,18970.850674,0,0,0,0,1
306.375628,16,18972.255956,1,0,0,0,0
314.922469,16,18975.671914,0,0,1,0,0
570.595694,30,18978.677837,0,0,1,0,0
617.767775,31,18983.106876,0,0,1,0,0
337.939541,1,18983.358542,0,0,0,0,1
340.479876,18,18986.360097,0,0,1,0,0
328.859287,1,18986.579255,1,0,0,0,0
808.738079,29,18990.914046,0,0,1,0,0
328.938687,1,18991.234469,0,0,0,0,1
337.93954,1,18991.512258,0,0,0,0,1
201.764385,17,18999.856613,0,0,1,0,0
328.846564,1,19000.188671,0,0,1,0,0
21.584443,9,19000.799022,0,0,1,0,0
546.576891,27,19012.864924,0,0,1,0,0
328.800053,1,19013.113106,0,0,0,0,1
819.917052,37,19019.539847,0,0,1,0,0
633.624134,10,19028.098301,0,0,0,0,1
328.826743,1,19028.309937,0,0,0,0,1
328.800053,1,19028.517426,0,0,0,0,1
-123.086606,6,19029.189188,0,0,1,0,0
714.144864,36,19031.941379,1,0,0,0,0
1079.083779,44,19395.334965,0,0,1,0,0
-6.846413,8,19396.973547,0,0,1,0,0
569.865027,26,19399.485541,0,0,1,0,0
337.800053,1,19399.671789,0,0,0,0,1
328.826743,1,19399.941267,0,0,0,0,1
328.826743,1,19400.199991,0,0,0,0,1
328.80893,1,19400.426519,0,0,0,0,1
738.77258,34,19412.01738,0,0,1,0,0
-35.971735,4,19412.740534,0,0,1,0,0
-148.296399,6,19415.388532,0,0,1,0,0
434.69503,20,19417.76853,1,0,0,0,0
-126.991561,3,19418.741964,1,0,0,0,0
328.881733,1,19419.117712,0,0,1,0,0
337.80893,1,19419.281002,0,0,0,0,1
337.99729,1,19419.523631,0,0,0,0,1
337.881733,1,19419.922275,0,0,1,0,0
328.99729,1,19420.095814,0,0,0,0,1
-151.800564,7,19423.80265,0,0,1,0,0
328.93954,1,19423.956495,0,0,0,0,1
-16.398171,6,19424.636635,0,0,1,0,0
328.873836,1,19424.927357,0,0,0,0,1
-129.071402,1,19425.28472,0,0,1,0,0
670.448545,37,19429.060714,0,0,1,0,0
328.82862,1,19429.305226,0,0,0,0,1
550.193167,29,19433.12479,0,0,1,0,0
328.778864,1,19433.410356,0,0,0,0,1
794.762794,32,19438.008153,0,0,1,0,0
-17.175929,6,19438.678342,0,0,1,0,0
897.476919,35,19451.0826,0,0,1,0,0
328.968284,1,19451.205898,0,0,0,0,1
328.931002,1,19451.503347,0,0,0,0,1
321.129458,1,19451.876357,0,0,1,0,0
729.494336,39,19457.887926,1,0,0,0,0
198.40716,11,19459.314286,0,0,1,0,0
337.931002,1,19459.445717,0,0,0,0,1
815.143946,33,19465.369385,0,0,1,0,0
-151.800564,7,19469.293008,0,0,1,0,0
337.99729,1,19469.461686,0,0,0,0,1
337.778863,1,19469.743749,0,0,0,0,1
13.626241,9,19470.607763,0,0,1,0,0
340.260399,21,19473.228801,0,0,1,0,0
936.147491,39,19483.811606,0,0,1,0,0
-209.576553,5,19485.413907,0,0,1,0,0
-125.909918,7,19487.255257,0,0,1,0,0
328.859287,1,19487.402489,1,0,0,0,0
417.012412,22,19489.354275,0,0,1,0,0
-124.011808,1,19489.586303,0,0,1,0,0
-133.695305,4,19492.49908,0,0,1,0,0
328.826743,1,19492.667107,0,0,0,0,1
328.968284,1,19492.849043,0,0,0,0,1
328.846564,1,19493.264792,0,0,1,0,0
328.778864,1,19493.5024,0,0,0,0,1
328.826743,1,19493.71641,0,0,0,0,1
730.620738,33,19502.456513,0,0,1,0,0
-10.897886,8,19504.345782,0,0,1,0,0
37.470607,13,19506.107515,0,0,1,0,0
-124.253704,6,19506.824279,0,0,1,0,0
