#{"t_start": 1771110201.4581327, "env_id": "commonroad-v1-safe"}
r,l,t,is_collision,is_time_out,is_off_road,is_friction_violation,is_goal_reached
381.500534,16,576.715453,0,0,1,0,0
-105.475682,3,696.412523,0,0,1,0,0
328.881733,1,698.532442,0,0,1,0,0
1216.983019,51,746.841598,1,0,0,0,0
682.751118,31,774.420374,0,0,1,0,0
215.463272,14,1097.003167,0,0,1,0,0
328.93954,1,1098.307739,0,0,0,0,1
328.800053,1,1099.335637,0,0,0,0,1
-248.337968,12,1127.483809,0,0,1,0,0
87.534523,14,1131.701496,0,0,1,0,0
337.800053,1,1132.22032,0,0,0,0,1
328.968284,1,1133.34824,0,0,0,0,1
-129.071402,1,1135.439975,0,0,1,0,0
328.778864,1,1136.544368,0,0,0,0,1
328.826743,1,1137.527893,0,0,0,0,1
-97.103247,2,1191.880694,0,0,1,0,0
351.128842,17,1677.769599,0,0,1,0,0
-121.070456,6,1680.415224,0,0,1,0,0
531.045761,24,1695.77278,0,0,1,0,0
328.888918,1,1696.458713,0,0,1,0,0
337.846563,1,1697.737375,0,0,1,0,0
462.559966,24,1704.614721,0,0,1,0,0
380.983252,21,1710.488437,0,0,1,0,0
328.778864,1,1710.971811,0,0,0,0,1
328.859287,1,1711.793598,1,0,0,0,0
337.997291,1,1712.376536,0,0,0,0,1
71.951722,11,1722.337404,0,0,1,0,0
-62.084776,7,1946.249234,0,0,1,0,0
328.859287,1,1947.204696,1,0,0,0,0
1003.393209,51,1967.249402,0,0,1,0,0
531.857948,28,2045.738736,0,0,1,0,0
660.827914,10,2517.485566,0,0,0,0,1
328.863408,1,2518.431877,0,0,0,0,1
639.06157,10,2524.317573,0,0,0,0,1
321.129458,1,2526.354891,0,0,1,0,0
474.080344,22,2590.952258,0,0,1,0,0
328.826743,1,2591.723356,0,0,0,0,1
337.852828,1,2592.581702,0,0,1,0,0
433.747896,21,2601.731631,0,0,1,0,0
328.82862,1,2602.385877,0,0,0,0,1
-120.734267,4,2730.156497,0,0,1,0,0
328.99729,1,2731.039051,0,0,0,0,1
730.925033,32,2749.407712,1,0,0,0,0
328.778864,1,2750.11658,0,0,0,0,1
308.8659,15,3287.962046,0,0,1,0,0
328.99729,1,3288.621259,0,0,0,0,1
337.88892,1,3289.10248,0,0,1,0,0
328.90969,1,3291.235568,0,0,1,0,0
328.881733,1,3293.771293,0,0,1,0,0
-133.30983,4,3432.629574,0,0,1,0,0
328.920203,1,3434.861022,0,0,0,0,1
328.90969,1,3436.844357,0,0,1,0,0
-126.388465,1,3437.685364,0,0,1,0,0
-123.73862,6,3440.009173,0,0,1,0,0
832.628073,39,3455.782026,0,0,1,0,0
328.826743,1,3456.504834,0,0,0,0,1
345.763755,17,3476.960772,0,0,1,0,0
328.93954,1,3477.690072,0,0,0,0,1
359.809549,18,3544.252696,0,0,1,0,0
328.99729,1,3544.959191,0,0,0,0,1
328.99729,1,3545.53993,0,0,0,0,1
-157.952166,4,3816.633351,0,0,1,0,0
328.859288,1,3818.017864,1,0,0,0,0
328.99729,1,3818.46766,0,0,0,0,1
328.778864,1,3819.246831,0,0,0,0,1
328.826743,1,3819.921893,0,0,0,0,1
128.037592,8,3976.883913,0,0,1,0,0
13.626241,9,3979.098014,0,0,1,0,0
322.246388,16,3986.300471,0,0,1,0,0
766.129503,33,3998.477466,1,0,0,0,0
954.780994,41,4032.099262,0,0,1,0,0
57.690822,11,4114.952586,0,0,1,0,0
337.931,1,4115.613639,0,0,0,0,1
328.93954,1,4116.110594,0,0,0,0,1
337.778864,1,4116.63307,0,0,0,0,1
145.801174,13,4160.880481,0,0,1,0,0
328.90969,1,4162.987209,0,0,1,0,0
382.600562,22,4173.269565,0,0,1,0,0
328.826743,1,4173.981174,0,0,0,0,1
-33.214453,7,4194.738897,0,0,1,0,0
212.86654,13,4268.202062,0,0,1,0,0
328.931002,1,4268.937344,0,0,0,0,1
1133.208897,50,4343.857101,0,0,1,0,0
328.846563,1,4345.252931,0,0,1,0,0
328.931002,1,4345.853742,0,0,0,0,1
442.87354,22,4356.315645,0,0,1,0,0
114.865765,12,4387.000707,0,0,1,0,0
328.846563,1,4388.175534,0,0,1,0,0
328.99729,1,4388.597921,0,0,0,0,1
-129.071402,1,4390.292771,0,0,1,0,0
197.377654,15,4435.956068,0,0,1,0,0
328.931002,1,4436.730413,0,0,0,0,1
323.824309,14,4528.127856,0,0,1,0,0
-140.998948,1,4668.072909,1,0,0,0,0
334.240732,18,4670.279824,0,0,1,0,0
328.800053,1,4670.812123,0,0,0,0,1
328.881733,1,4672.793466,0,0,1,0,0
-88.10456,2,4727.312088,0,0,1,0,0
68.57279,11,4782.129952,0,0,1,0,0
328.93954,1,4782.742315,0,0,0,0,1
251.870959,14,4785.075591,0,0,1,0,0
328.863408,1,4785.676273,0,0,0,0,1
328.863408,1,4786.145895,0,0,0,0,1
202.504872,15,4791.367053,1,0,0,0,0
-132.833608,6,4889.004792,0,0,1,0,0
328.931002,1,4889.483837,0,0,0,0,1
-107.983857,2,4890.582161,1,0,0,0,0
575.545345,33,4895.541711,0,0,1,0,0
321.129458,1,4897.820781,0,0,1,0,0
631.453254,27,5021.71517,0,0,1,0,0
-18.78753,6,5023.329714,0,0,1,0,0
328.778864,1,5023.953904,0,0,0,0,1
-133.495739,4,5160.467456,0,0,1,0,0
337.931001,1,5161.358651,0,0,0,0,1
564.606532,26,5176.590021,0,0,1,0,0
321.129458,1,5178.533212,0,0,1,0,0
784.177902,36,5192.784525,0,0,1,0,0
626.016336,30,5200.296609,1,0,0,0,0
-200.226589,5,5203.281877,0,0,1,0,0
328.846563,1,5204.383092,0,0,1,0,0
-126.388102,1,5205.11826,0,0,1,0,0
328.778864,1,5205.726463,0,0,0,0,1
328.859287,1,5206.239379,1,0,0,0,0
620.555983,35,5215.602602,0,0,1,0,0
328.831123,1,5216.215558,0,0,0,0,1
337.846564,1,5217.358378,0,0,1,0,0
36.01494,10,5299.263453,0,0,1,0,0
328.93954,1,5299.883112,0,0,0,0,1
-106.527211,3,5422.920225,0,0,1,0,0
22.078937,9,5424.856392,0,0,1,0,0
573.005688,23,5428.502425,0,0,1,0,0
1163.262466,48,5466.497066,1,0,0,0,0
328.931002,1,5466.905085,0,0,0,0,1
328.778864,1,5467.428709,0,0,0,0,1
158.258209,11,6441.652839,0,0,1,0,0
337.881733,1,6444.089819,0,0,1,0,0
498.259266,22,6498.938724,0,0,1,0,0
328.82862,1,6499.646087,0,0,0,0,1
-196.973681,9,6511.815889,0,0,1,0,0
50.565446,10,6520.951771,0,0,1,0,0
127.766467,8,6825.591744,0,0,1,0,0
337.846564,1,6827.192708,0,0,1,0,0
328.831123,1,6827.666737,0,0,0,0,1
-27.586969,4,6829.467195,0,0,1,0,0
337.99729,1,6830.037999,0,0,0,0,1
328.931002,1,6830.619055,0,0,0,0,1
337.881734,1,6832.466931,0,0,1,0,0
328.846563,1,6833.556369,0,0,1,0,0
337.808929,1,6834.131826,0,0,0,0,1
337.931001,1,6834.568825,0,0,0,0,1
337.931,1,6834.974898,0,0,0,0,1
1380.680598,58,7007.337559,0,0,1,0,0
328.826743,1,7007.891636,0,0,0,0,1
263.457706,15,7474.265768,0,0,1,0,0
321.129458,1,7476.847514,0,0,1,0,0
287.317453,14,7478.766767,0,0,1,0,0
668.163207,25,7488.444505,0,0,1,0,0
-137.606449,5,7537.08917,0,0,1,0,0
556.52259,25,7543.261683,0,0,1,0,0
-137.174333,5,7591.825789,0,0,1,0,0
-123.74046,1,7594.678301,0,0,1,0,0
365.158436,19,7603.194782,0,0,1,0,0
337.778863,1,7603.648312,0,0,0,0,1
610.702933,28,7615.921455,0,0,1,0,0
550.06555,26,7626.245939,0,0,1,0,0
319.903163,15,7651.520483,0,0,1,0,0
337.846563,1,7652.733821,0,0,1,0,0
-18.706707,4,7654.325014,0,0,1,0,0
328.873836,1,7655.741445,0,0,0,0,1
-46.779304,7,7676.150383,0,0,1,0,0
613.148345,27,7683.335612,1,0,0,0,0
-142.62789,7,7961.107955,0,0,1,0,0
337.826743,1,7961.943945,0,0,0,0,1
16.986821,9,7963.742433,0,0,1,0,0
337.93954,1,7964.337135,0,0,0,0,1
756.176575,38,8216.411159,0,0,1,0,0
-199.774709,5,8218.998791,0,0,1,0,0
328.931002,1,8219.633915,0,0,0,0,1
328.773494,1,8222.223728,0,0,1,0,0
328.931002,1,8222.902404,0,0,0,0,1
328.773494,1,8225.176908,0,0,1,0,0
857.075034,46,8237.598397,1,0,0,0,0
328.82862,1,8238.101898,0,0,0,0,1
328.863408,1,8238.701262,0,0,0,0,1
340.260399,21,8247.348926,0,0,1,0,0
328.888918,1,8248.000247,0,0,1,0,0
-33.730403,7,8268.782279,0,0,1,0,0
-192.556827,8,8271.887179,0,0,1,0,0
89.800105,8,8277.108803,0,0,1,0,0
328.826743,1,8277.707054,0,0,0,0,1
328.888918,1,8278.155508,0,0,1,0,0
337.852829,1,8278.897594,0,0,1,0,0
328.863408,1,8279.527082,0,0,0,0,1
445.8901,21,8334.91149,0,0,1,0,0
-135.004496,3,8608.034911,0,0,1,0,0
-151.425024,7,8885.223278,0,0,1,0,0
-66.216258,7,9110.771156,0,0,1,0,0
-120.072135,1,9112.664926,0,0,1,0,0
321.129458,1,9114.522567,0,0,1,0,0
188.329756,13,9159.365465,0,0,1,0,0
328.859287,1,9159.945039,1,0,0,0,0
337.997289,1,9160.576731,0,0,0,0,1
582.985808,33,9172.239455,0,0,1,0,0
476.948828,22,9269.791994,0,0,1,0,0
-115.561071,2,9270.834371,0,0,1,0,0
328.82862,1,9271.420855,0,0,0,0,1
462.309371,23,9282.024565,0,0,1,0,0
202.949119,11,9332.75011,0,0,1,0,0
18.605933,9,9350.055623,0,0,1,0,0
316.739941,18,9353.426403,0,0,1,0,0
328.931002,1,9353.869788,0,0,0,0,1
328.831123,1,9354.31456,0,0,0,0,1
328.931002,1,9354.731842,0,0,0,0,1
303.927601,13,9818.298877,0,0,1,0,0
328.99729,1,9819.074408,0,0,0,0,1
-132.008297,1,9951.763971,1,0,0,0,0
328.778864,1,9952.613216,0,0,0,0,1
287.935146,13,10077.410036,0,0,1,0,0
321.129458,1,10084.59507,0,0,1,0,0
337.800053,1,10085.171269,0,0,0,0,1
337.800052,1,10085.700486,0,0,0,0,1
192.641987,15,10112.931012,0,0,1,0,0
328.93954,1,10113.721074,0,0,0,0,1
854.857604,44,10250.552042,0,0,1,0,0
-88.105063,2,10304.771666,0,0,1,0,0
307.875443,16,10307.808118,0,0,1,0,0
328.826743,1,10308.273633,0,0,0,0,1
313.393229,14,10442.020278,0,0,1,0,0
-12.975498,8,10443.739336,0,0,1,0,0
-71.624009,7,10670.661776,0,0,1,0,0
328.881733,1,10672.694052,0,0,1,0,0
328.846563,1,10673.787536,0,0,1,0,0
375.280692,19,10681.780841,0,0,1,0,0
328.888918,1,10682.242038,0,0,1,0,0
974.193193,52,10748.650867,0,0,1,0,0
328.99729,1,10749.046407,0,0,0,0,1
771.894521,35,10769.783163,0,0,1,0,0
340.260399,21,10777.959664,0,0,1,0,0
328.826743,1,10778.45503,0,0,0,0,1
328.82862,1,10778.929582,0,0,0,0,1
328.800053,1,10779.538046,0,0,0,0,1
464.030261,17,11689.676225,0,0,1,0,0
865.294352,35,11711.296589,0,0,1,0,0
202.504872,15,11716.793558,1,0,0,0,0
210.990755,10,12177.273906,0,0,1,0,0
556.17164,22,12278.532439,0,0,1,0,0
328.99729,1,12279.169437,0,0,0,0,1
911.057414,37,12649.061023,0,0,1,0,0
-197.932664,8,12651.853657,0,0,1,0,0
328.93954,1,12652.219668,0,0,0,0,1
328.778864,1,12652.810881,0,0,0,0,1
-10.785045,8,12654.181827,0,0,1,0,0
-99.095249,2,12660.027592,0,0,1,0,0
328.931002,1,12660.463048,0,0,0,0,1
560.240306,27,12698.374662,0,0,1,0,0
164.142091,11,12704.111315,0,0,1,0,0
92.1481,11,12709.549152,0,0,1,0,0
271.874172,13,12859.361964,0,0,1,0,0
-134.998929,3,13131.892618,0,0,1,0,0
-144.643424,3,13408.868845,0,0,1,0,0
-99.102127,2,13410.179079,0,0,1,0,0
360.084125,20,13415.868076,0,0,1,0,0
337.939541,1,13416.263299,0,0,0,0,1
337.426845,22,13477.311967,0,0,1,0,0
296.239789,14,13605.193082,0,0,1,0,0
328.826743,1,13605.779934,0,0,0,0,1
328.968284,1,13606.664112,0,0,0,0,1
328.991637,1,13608.828926,0,0,0,0,1
337.773494,1,13611.091494,0,0,1,0,0
328.826743,1,13611.537394,0,0,0,0,1
328.931002,1,13612.086596,0,0,0,0,1
337.931001,1,13612.473793,0,0,0,0,1
758.089342,34,13738.0099,0,0,1,0,0
328.831123,1,13738.505329,0,0,0,0,1
-126.991691,3,13849.47346,0,0,1,0,0
194.863866,10,14178.895319,0,0,1,0,0
-123.737927,1,14181.927553,0,0,1,0,0
60.211641,14,14187.382067,0,0,1,0,0
614.487715,30,14228.739963,1,0,0,0,0
195.828982,15,14255.330312,0,0,1,0,0
515.937705,24,14318.136132,1,0,0,0,0
328.99729,1,14318.501501,0,0,0,0,1
328.93954,1,14319.142287,0,0,0,0,1
897.002312,46,14333.315691,1,0,0,0,0
1329.3039,54,14563.908304,1,0,0,0,0
166.143769,15,14596.209066,0,0,1,0,0
328.82862,1,14596.852665,0,0,0,0,1
328.859287,1,14597.347439,1,0,0,0,0
328.976686,1,14598.685837,0,0,0,0,1
-131.245198,5,14679.978112,1,0,0,0,0
337.881735,1,14681.835284,0,0,1,0,0
671.100421,26,14847.209397,0,0,1,0,0
-126.980377,3,14959.104527,0,0,1,0,0
439.657628,18,15656.951568,0,0,1,0,0
189.27361,12,15659.227631,1,0,0,0,0
337.920202,1,15661.113115,0,0,0,0,1
328.778864,1,15661.805228,0,0,0,0,1
328.82862,1,15662.288271,0,0,0,0,1
-10.742518,8,15679.513804,0,0,1,0,0
328.80893,1,15680.103554,0,0,0,0,1
321.129458,1,15681.543693,0,0,1,0,0
-58.563118,4,15684.72262,0,0,1,0,0
337.997289,1,15685.139658,0,0,0,0,1
45.602302,10,15740.509165,0,0,1,0,0
871.91901,39,15757.402576,0,0,1,0,0
65.100089,14,15762.452456,0,0,1,0,0
66.949027,11,15849.992131,0,0,1,0,0
1006.057212,23,15859.144553,0,0,0,0,1
328.938687,1,15861.186688,0,0,0,0,1
328.826743,1,15861.712713,0,0,0,0,1
337.997289,1,15862.406385,0,0,0,0,1
704.950633,31,15872.032947,0,0,1,0,0
328.831123,1,15872.487935,0,0,0,0,1
1094.303894,38,16095.220359,0,0,1,0,0
328.800053,1,16095.593934,0,0,0,0,1
328.93954,1,16096.004534,0,0,0,0,1
180.203165,9,16554.959611,0,0,1,0,0
99.407202,12,16612.10049,0,0,1,0,0
226.839416,13,16614.002404,0,0,1,0,0
688.24972,34,16628.412644,1,0,0,0,0
328.778864,1,16629.09025,0,0,0,0,1
-67.558576,4,16632.250961,0,0,1,0,0
328.773494,1,16634.567965,0,0,1,0,0
337.846564,1,16635.725171,0,0,1,0,0
45.548924,16,16868.041837,0,0,1,0,0
480.144698,23,16882.782624,0,0,1,0,0
106.117251,12,16884.675533,0,0,1,0,0
328.800053,1,16885.137839,0,0,0,0,1
328.859287,1,16885.616884,1,0,0,0,0
328.863408,1,16886.09753,0,0,0,0,1
-140.734042,5,16963.631076,1,0,0,0,0
-123.740643,1,16966.442268,0,0,1,0,0
328.863408,1,16966.967422,0,0,0,0,1
328.826743,1,16967.605912,0,0,0,0,1
-200.772631,5,16970.07528,0,0,1,0,0
219.421928,16,16974.672311,0,0,1,0,0
36.105254,10,17058.711534,0,0,1,0,0
-125.3795,6,17060.952928,0,0,1,0,0
328.778864,1,17061.647243,0,0,0,0,1
-123.688505,5,17128.0694,0,0,1,0,0
674.924523,33,17133.628567,0,0,1,0,0
655.715756,34,17180.644036,0,0,1,0,0
337.93954,1,17181.169502,0,0,0,0,1
337.881734,1,17182.932842,0,0,1,0,0
328.859287,1,17183.399155,1,0,0,0,0
97.831539,15,17189.738233,0,0,1,0,0
337.881733,1,17191.949398,0,0,1,0,0
337.778864,1,17192.615846,0,0,0,0,1
103.343454,12,17247.001545,0,0,1,0,0
482.354406,40,17260.511663,0,0,1,0,0
-125.698838,5,17326.610531,0,0,1,0,0
328.846563,1,17327.794634,0,0,1,0,0
90.249775,12,17355.913604,0,0,1,0,0
337.939541,1,17356.463137,0,0,0,0,1
328.800053,1,17357.049056,0,0,0,0,1
-129.071402,1,17359.196814,0,0,1,0,0
328.800053,1,17359.8016,0,0,0,0,1
337.931004,1,17360.438259,0,0,0,0,1
841.092553,43,17390.93504,0,0,1,0,0
-187.008077,8,17402.943807,0,0,1,0,0
314.52114,16,17405.747553,0,0,1,0,0
328.859287,1,17406.232057,1,0,0,0,0
-123.735065,1,17409.016346,0,0,1,0,0
217.634307,12,17799.704016,0,0,1,0,0
408.581612,18,17801.833876,0,0,1,0,0
630.169042,31,17807.032855,0,0,1,0,0
337.90953,1,17807.639691,0,0,0,0,1
328.778864,1,17808.174137,0,0,0,0,1
328.859287,1,17808.664715,1,0,0,0,0
-97.103247,2,17863.305408,0,0,1,0,0
-198.663258,8,17866.052108,0,0,1,0,0
73.904966,11,17880.378766,0,0,1,0,0
337.939541,1,17881.195371,0,0,0,0,1
541.745071,25,17891.875981,0,0,1,0,0
328.778864,1,17892.387668,0,0,0,0,1
48.969309,10,17901.62977,0,0,1,0,0
626.911297,30,17915.282228,0,0,1,0,0
328.87485,1,17916.54939,0,0,0,0,1
328.881733,1,17918.704071,0,0,1,0,0
842.153769,43,17931.685952,0,0,1,0,0
328.863408,1,17932.094727,0,0,0,0,1
321.129458,1,17934.244241,0,0,1,0,0
84.289506,12,17961.655037,0,0,1,0,0
-43.869167,7,17982.18449,0,0,1,0,0
337.93954,1,17982.646621,0,0,0,0,1
1045.441471,59,17999.867237,0,0,1,0,0
337.939541,1,18000.23422,0,0,0,0,1
690.999068,31,18029.057009,0,0,1,0,0
422.238191,27,18037.890819,0,0,1,0,0
337.93954,1,18038.340552,0,0,0,0,1
328.968284,1,18038.919532,0,0,0,0,1
328.859287,1,18039.450102,1,0,0,0,0
-125.198968,4,18176.374552,0,0,1,0,0
337.778865,1,18177.125054,0,0,0,0,1
328.90969,1,18179.304604,0,0,1,0,0
328.778864,1,18179.997645,0,0,0,0,1
337.828619,1,18180.629446,0,0,0,0,1
328.93954,1,18181.384372,0,0,0,0,1
328.800053,1,18181.851635,0,0,0,0,1
504.17815,23,18187.485574,1,0,0,0,0
337.826743,1,18187.998176,0,0,0,0,1
337.968284,1,18188.624189,0,0,0,0,1
658.037135,11,18194.661429,0,0,0,0,1
328.99729,1,18195.114846,0,0,0,0,1
-228.519347,13,18221.080982,0,0,1,0,0
328.888918,1,18221.64815,0,0,1,0,0
284.675323,13,18349.833389,0,0,1,0,0
-128.946721,6,18423.038496,0,0,1,0,0
328.977188,1,18424.304507,0,0,0,0,1
328.99729,1,18424.726467,0,0,0,0,1
20.419341,9,18426.294066,0,0,1,0,0
337.778864,1,18427.107075,0,0,0,0,1
168.799855,10,18477.189497,0,0,1,0,0
328.800053,1,18477.67439,0,0,0,0,1
396.85417,19,18967.250461,0,0,1,0,0
351.738328,19,18978.055935,0,0,1,0,0
517.729612,28,19055.712623,0,0,1,0,0
-132.738533,1,19058.604368,0,0,1,0,0
337.939539,1,19059.08577,0,0,0,0,1
379.819816,18,19090.302897,1,0,0,0,0
-36.78362,4,19091.935947,0,0,1,0,0
227.092486,12,19176.127803,0,0,1,0,0
141.631453,13,19181.622238,0,0,1,0,0
328.778864,1,19182.354017,0,0,0,0,1
316.356189,15,19616.249894,0,0,1,0,0
328.93954,1,19616.769874,0,0,0,0,1
199.596455,14,19624.756984,0,0,1,0,0
483.242142,19,19633.707375,0,0,1,0,0
328.826743,1,19634.163985,0,0,0,0,1
193.856888,15,19660.766639,0,0,1,0,0
328.881733,1,19662.86028,0,0,1,0,0
616.938249,31,19673.408885,0,0,1,0,0
534.050096,28,19750.594636,0,0,1,0,0
178.182783,11,19769.673259,0,0,1,0,0
-116.75265,5,19835.984088,0,0,1,0,0
328.826743,1,19836.513789,0,0,0,0,1
328.778864,1,19837.054733,0,0,0,0,1
337.93954,1,19837.500896,0,0,0,0,1
328.778864,1,19838.050008,0,0,0,0,1
328.82862,1,19838.524516,0,0,0,0,1
328.826743,1,19839.034875,0,0,0,0,1
328.93954,1,19839.458483,0,0,0,0,1
328.863408,1,19840.128187,0,0,0,0,1
328.968284,1,19840.735575,0,0,0,0,1
-153.500482,3,20115.166926,0,0,1,0,0
320.176282,13,20574.789651,0,0,1,0,0
846.775423,38,20581.870159,0,0,1,0,0
-142.094489,6,20674.584701,0,0,1,0,0
328.881733,1,20676.892182,0,0,1,0,0
328.881733,1,20684.234608,0,0,1,0,0
-151.425024,7,20954.585409,0,0,1,0,0
-108.16604,2,20955.620307,1,0,0,0,0
73.760499,14,20960.580877,0,0,1,0,0
1043.246864,44,21051.797035,0,0,1,0,0
880.81481,51,21066.070019,0,0,1,0,0
328.931002,1,21066.540942,0,0,0,0,1
-132.535644,5,21141.802321,1,0,0,0,0
328.826743,1,21142.282607,0,0,0,0,1
337.881733,1,21144.020004,0,0,1,0,0
328.826743,1,21144.47344,0,0,0,0,1
328.82862,1,21144.945641,0,0,0,0,1
641.911326,10,21620.152475,0,0,0,0,1
501.679551,32,21634.239001,0,0,1,0,0
328.931002,1,21634.729238,0,0,0,0,1
140.461854,8,21938.60157,0,0,1,0,0
328.826743,1,21939.370968,0,0,0,0,1
-72.03449,7,22164.453789,0,0,1,0,0
337.888918,1,22165.024808,0,0,1,0,0
328.826743,1,22165.587221,0,0,0,0,1
328.82862,1,22166.086464,0,0,0,0,1
-132.922976,1,22275.522506,0,0,1,0,0
328.931002,1,22276.329921,0,0,0,0,1
633.856849,10,22755.299558,0,0,0,0,1
328.863408,1,22756.022841,0,0,0,0,1
668.733771,27,22905.077868,0,0,1,0,0
866.962303,39,22919.187796,0,0,1,0,0
328.931002,1,22919.760334,0,0,0,0,1
328.93954,1,22920.371155,0,0,0,0,1
606.078564,26,22953.542066,0,0,1,0,0
328.931002,1,22954.081468,0,0,0,0,1
328.977024,1,22955.301443,0,0,0,0,1
477.834637,19,23088.001597,0,0,1,0,0
165.875357,9,23392.738204,0,0,1,0,0
406.953825,20,23404.454395,0,0,1,0,0
328.99729,1,23404.864953,0,0,0,0,1
272.3323,13,23457.415322,0,0,1,0,0
-35.09336,7,23478.138506,0,0,1,0,0
-72.318176,7,23702.486818,0,0,1,0,0
154.652563,10,23704.302069,0,0,1,0,0
745.217895,13,24026.782,0,0,0,0,1
321.129458,1,24029.250887,0,0,1,0,0
328.852829,1,24035.399678,0,0,1,0,0
328.99729,1,24035.839927,0,0,0,0,1
137.12625,10,24050.361014,0,0,1,0,0
-115.362118,2,24051.26024,0,0,1,0,0
328.931002,1,24051.672139,0,0,0,0,1
328.881733,1,24053.429586,0,0,1,0,0
630.916429,10,24059.058163,0,0,0,0,1
328.93954,1,24059.510168,0,0,0,0,1
496.031854,24,24091.553488,0,0,1,0,0
337.778863,1,24092.039023,0,0,0,0,1
337.852828,1,24092.783655,0,0,1,0,0
328.938687,1,24094.568188,0,0,0,0,1
328.852829,1,24095.353585,0,0,1,0,0
337.800053,1,24095.816199,0,0,0,0,1
-193.695831,9,24107.064535,0,0,1,0,0
-147.258209,6,24199.675071,0,0,1,0,0
328.931002,1,24200.16158,0,0,0,0,1
328.826743,1,24200.655809,0,0,0,0,1
328.778864,1,24201.184813,0,0,0,0,1
337.82862,1,24201.672415,0,0,0,0,1
19.09551,9,24203.231649,0,0,1,0,0
668.869191,28,24210.134288,0,0,1,0,0
337.939541,1,24210.58067,0,0,0,0,1
328.826743,1,24211.067961,0,0,0,0,1
328.947109,1,24212.519587,0,0,0,0,1
328.800053,1,24213.042439,0,0,0,0,1
735.454437,13,24541.863897,0,0,0,0,1
587.037873,34,24546.854357,0,0,1,0,0
-131.901617,5,24623.418506,1,0,0,0,0
799.139971,37,24775.937287,0,0,1,0,0
596.152773,27,24791.705971,0,0,1,0,0
199.279789,12,24793.523366,1,0,0,0,0
-9.626156,8,24794.919292,0,0,1,0,0
328.800053,1,24795.377953,0,0,0,0,1
337.93954,1,24795.822204,0,0,0,0,1
328.800053,1,24796.311896,0,0,0,0,1
328.859287,1,24796.831721,1,0,0,0,0
337.93954,1,24797.519532,0,0,0,0,1
-223.788616,12,24825.307789,0,0,1,0,0
328.90969,1,24827.244018,0,0,1,0,0
532.277403,25,24860.636949,0,0,1,0,0
328.90969,1,24862.691328,0,0,1,0,0
594.275506,25,24865.774617,1,0,0,0,0
740.271033,28,24962.226818,0,0,1,0,0
-115.354563,3,25084.972849,0,0,1,0,0
337.939542,1,25085.580291,0,0,0,0,1
433.118106,23,25101.228313,0,0,1,0,0
348.104449,17,25110.388381,0,0,1,0,0
-118.96658,5,25176.66573,0,0,1,0,0
-129.071402,1,25178.356269,0,0,1,0,0
650.331044,34,26487.619546,0,0,1,0,0
244.922046,12,26607.874554,0,0,1,0,0
619.911865,38,26642.090967,0,0,1,0,0
328.778864,1,26642.653813,0,0,0,0,1
685.215485,11,26648.096468,0,0,0,0,1
460.259047,21,26771.819425,0,0,1,0,0
197.63756,13,27756.426765,0,0,1,0,0
1061.58461,42,27833.625298,0,0,1,0,0
179.337742,9,27899.858614,0,0,1,0,0
328.93954,1,27900.320484,0,0,0,0,1
328.800053,1,27900.803538,0,0,0,0,1
457.065271,18,28028.863491,0,0,1,0,0
321.129458,1,28031.022687,0,0,1,0,0
328.82862,1,28031.478938,0,0,0,0,1
-126.388102,1,28032.25505,0,0,1,0,0
170.117447,12,29013.693926,0,0,1,0,0
337.800053,1,29014.603053,0,0,0,0,1
328.931002,1,29015.154253,0,0,0,0,1
170.637056,12,29088.494771,0,0,1,0,0
555.839852,25,29180.65123,0,0,1,0,0
385.882267,27,29192.042198,0,0,1,0,0
640.205258,27,29229.953686,0,0,1,0,0
328.93954,1,29230.370828,0,0,0,0,1
328.800053,1,29230.871837,0,0,0,0,1
-125.877153,5,29296.513934,0,0,1,0,0
86.653662,7,29598.486924,0,0,1,0,0
295.303436,18,29604.213699,0,0,1,0,0
644.925864,15,29612.54055,0,0,0,0,1
1089.972395,46,30516.443195,0,0,1,0,0
752.682892,33,30530.042066,0,0,1,0,0
328.99729,1,30530.409348,0,0,0,0,1
337.773493,1,30532.730252,0,0,1,0,0
328.778864,1,30533.251411,0,0,0,0,1
328.863408,1,30533.746805,0,0,0,0,1
282.044108,14,30616.658082,0,0,1,0,0
447.342038,22,30622.096241,1,0,0,0,0
328.82862,1,30622.615656,0,0,0,0,1
1035.501222,42,30674.379289,0,0,1,0,0
328.931002,1,30674.830661,0,0,0,0,1
918.143092,41,30707.244169,0,0,1,0,0
642.835803,30,30719.277187,0,0,1,0,0
328.826743,1,30719.826604,0,0,0,0,1
-187.985347,5,30769.43303,0,0,1,0,0
337.778863,1,30770.009501,0,0,0,0,1
638.850464,28,30855.936493,1,0,0,0,0
-8.090217,8,30857.162533,0,0,1,0,0
328.831123,1,30857.627007,0,0,0,0,1
355.315207,15,31354.294953,0,0,1,0,0
342.886702,18,31358.25211,0,0,1,0,0
328.931002,1,31358.72632,0,0,0,0,1
328.99729,1,31359.163889,0,0,0,0,1
-67.580932,4,31362.348336,0,0,1,0,0
328.881733,1,31364.404907,0,0,1,0,0
-129.224932,4,31493.711343,0,0,1,0,0
517.94405,26,31500.208007,1,0,0,0,0
-117.707501,3,31610.668982,0,0,1,0,0
328.826743,1,31611.925909,0,0,0,0,1
639.027327,10,31623.117259,0,0,0,0,1
337.778864,1,31623.644633,0,0,0,0,1
741.136169,40,31681.879465,0,0,1,0,0
337.99729,1,31682.446211,0,0,0,0,1
-90.149719,2,31683.263855,0,0,1,0,0
-131.963603,1,31816.916816,1,0,0,0,0
35.774375,10,31819.502031,0,0,1,0,0
-42.119716,7,31840.54507,0,0,1,0,0
564.784207,27,31853.474452,0,0,1,0,0
-16.268907,6,31854.942156,0,0,1,0,0
667.386278,29,31867.487065,1,0,0,0,0
-15.909777,8,31868.929,0,0,1,0,0
486.218289,22,31883.660633,0,0,1,0,0
-16.368298,6,31885.167653,0,0,1,0,0
746.677373,38,31892.814454,0,0,1,0,0
1204.045384,42,32894.310273,0,0,1,0,0
-44.842087,4,32896.22532,0,0,1,0,0
328.93954,1,32896.621182,0,0,0,0,1
328.800053,1,32897.122163,0,0,0,0,1
-129.071402,1,32898.844306,0,0,1,0,0
258.670293,18,32901.10744,0,0,1,0,0
169.73444,14,32927.960235,0,0,1,0,0
1306.36727,51,33066.296138,0,0,1,0,0
532.01818,24,33071.999583,1,0,0,0,0
337.93954,1,33072.432618,0,0,0,0,1
337.82862,1,33072.92778,0,0,0,0,1
328.931002,1,33073.368387,0,0,0,0,1
9.89384,9,33075.372965,0,0,1,0,0
-10.26511,8,33106.851731,0,0,1,0,0
328.826743,1,33107.41634,0,0,0,0,1
141.752841,14,33139.555321,0,0,1,0,0
328.859286,1,33140.067728,1,0,0,0,0
567.127315,33,33144.656713,0,0,1,0,0
-206.565173,5,33211.258255,0,0,1,0,0
328.949063,1,33212.575074,0,0,0,0,1
328.800053,1,33213.550022,0,0,0,0,1
91.557162,12,33240.600024,0,0,1,0,0
328.93954,1,33241.034319,0,0,0,0,1
229.673356,12,33338.351188,0,0,1,0,0
542.969616,26,33371.096225,0,0,1,0,0
337.800053,1,33371.590199,0,0,0,0,1
513.948284,31,33402.318689,0,0,1,0,0
642.08999,35,33572.719612,0,0,1,0,0
328.881733,1,33574.83569,0,0,1,0,0
328.99729,1,33575.245354,0,0,0,0,1
162.903519,14,33580.087982,0,0,1,0,0
328.863408,1,33580.587199,0,0,0,0,1
9.613118,9,33582.032531,0,0,1,0,0
-129.071402,1,33589.568891,0,0,1,0,0
520.33292,25,33596.831238,0,0,1,0,0
-58.511147,4,33599.65858,0,0,1,0,0
337.800051,1,33600.075142,0,0,0,0,1
-11.20968,8,33643.285625,0,0,1,0,0
328.920203,1,33645.107581,0,0,0,0,1
332.912941,17,33652.063388,0,0,1,0,0
824.04267,35,33693.632508,0,0,1,0,0
202.504872,15,33698.878461,1,0,0,0,0
233.504468,12,33749.483147,0,0,1,0,0
328.800053,1,33749.949229,0,0,0,0,1
328.881733,1,33751.744134,0,0,1,0,0
337.888918,1,33752.196771,0,0,1,0,0
337.99729,1,33752.685075,0,0,0,0,1
328.859286,1,33753.213215,1,0,0,0,0
616.720325,32,33810.820259,0,0,1,0,0
94.849391,12,33835.228674,0,0,1,0,0
337.997289,1,33835.768025,0,0,0,0,1
737.587444,26,33941.382639,0,0,1,0,0
150.311651,10,33959.71244,0,0,1,0,0
-190.49466,9,33971.299851,0,0,1,0,0
328.881733,1,33973.709123,0,0,1,0,0
328.831123,1,33974.14594,0,0,0,0,1
-16.613977,6,33975.516896,0,0,1,0,0
269.759175,17,34007.299614,0,0,1,0,0
274.539075,12,34470.70797,0,0,1,0,0
337.826742,1,34471.482893,0,0,0,0,1
328.80893,1,34471.971851,0,0,0,0,1
-138.061426,7,34739.994447,0,0,1,0,0
328.778864,1,34740.729118,0,0,0,0,1
-126.977041,3,34850.542245,0,0,1,0,0
328.93954,1,34851.531321,0,0,0,0,1
328.859287,1,34852.416112,1,0,0,0,0
337.778863,1,34852.934833,0,0,0,0,1
-140.998948,1,34989.084546,1,0,0,0,0
328.931002,1,34989.629444,0,0,0,0,1
328.800053,1,34990.085073,0,0,0,0,1
337.826743,1,34990.570917,0,0,0,0,1
-108.250862,2,34991.36059,1,0,0,0,0
623.241736,28,35014.90264,0,0,1,0,0
337.931001,1,35015.359777,0,0,0,0,1
337.86341,1,35015.817666,0,0,0,0,1
337.831124,1,35016.292552,0,0,0,0,1
165.812199,11,35021.94658,0,0,1,0,0
443.906135,24,35037.840511,1,0,0,0,0
545.263084,29,35108.49478,0,0,1,0,0
328.93954,1,35108.945666,0,0,0,0,1
337.881734,1,35110.918855,0,0,1,0,0
-196.922128,9,35122.46258,0,0,1,0,0
328.93954,1,35122.830137,0,0,0,0,1
328.93954,1,35123.260401,0,0,0,0,1
328.826743,1,35123.759628,0,0,0,0,1
365.463092,21,35133.587574,0,0,1,0,0
337.778864,1,35134.084149,0,0,0,0,1
-132.738533,1,35136.758283,0,0,1,0,0
328.778864,1,35137.330939,0,0,0,0,1
328.99729,1,35137.780533,0,0,0,0,1
328.93954,1,35138.215359,0,0,0,0,1
-140.72077,5,35214.874176,1,0,0,0,0
518.56354,32,35221.910059,0,0,1,0,0
250.590737,16,35232.645503,0,0,1,0,0
1547.128255,62,35283.25534,0,0,1,0,0
328.80893,1,35283.80067,0,0,0,0,1
-108.16604,2,35284.612563,1,0,0,0,0
328.826743,1,35285.125923,0,0,0,0,1
-132.891321,1,35395.156216,0,0,1,0,0
666.616468,39,35406.895,1,0,0,0,0
328.863408,1,35407.385845,0,0,0,0,1
337.968282,1,35407.961088,0,0,0,0,1
-198.415226,8,35410.558348,0,0,1,0,0
292.010139,13,35734.657292,0,0,1,0,0
321.129458,1,35737.082333,0,0,1,0,0
328.881733,1,35739.061994,0,0,1,0,0
630.181185,10,35744.612411,0,0,0,0,1
328.881733,1,35746.59173,0,0,1,0,0
328.93954,1,35746.981794,0,0,0,0,1
328.93954,1,35747.433277,0,0,0,0,1
328.778864,1,35747.984926,0,0,0,0,1
337.778864,1,35748.523909,0,0,0,0,1
328.846563,1,35749.649594,0,0,1,0,0
328.800053,1,35750.099703,0,0,0,0,1
328.93954,1,35750.528718,0,0,0,0,1
328.90969,1,35752.508274,0,0,1,0,0
-115.4407,2,35753.324208,0,0,1,0,0
317.029831,15,35755.614195,0,0,1,0,0
330.129458,1,35757.658544,0,0,1,0,0
745.364969,33,35767.730585,0,0,1,0,0
924.025367,41,35808.825623,0,0,1,0,0
-121.927168,7,35887.165924,0,0,1,0,0
8.523707,9,35888.931043,0,0,1,0,0
328.881733,1,35890.691964,0,0,1,0,0
1175.014331,67,36083.221508,0,0,1,0,0
278.474295,15,36629.832068,0,0,1,0,0
-188.792582,5,36678.831733,0,0,1,0,0
328.778864,1,36679.452301,0,0,0,0,1
-128.859305,6,36745.341501,0,0,1,0,0
792.750741,33,36866.251783,0,0,1,0,0
-140.435725,6,36962.621226,0,0,1,0,0
126.800752,15,36967.937295,0,0,1,0,0
328.99729,1,36968.449071,0,0,0,0,1
328.800053,1,36968.963438,0,0,0,0,1
328.931002,1,36969.437083,0,0,0,0,1
966.59614,53,37175.698243,0,0,1,0,0
77.70763,8,37178.087843,0,0,1,0,0
337.991638,1,37180.12609,0,0,0,0,1
328.800053,1,37180.560291,0,0,0,0,1
-8.165116,8,37181.93595,0,0,1,0,0
-125.147081,5,37248.204294,0,0,1,0,0
167.90464,10,37257.045346,0,0,1,0,0
321.129458,1,37259.035251,0,0,1,0,0
-4.271273,8,37276.793666,0,0,1,0,0
592.108714,30,37338.177989,0,0,1,0,0
319.949644,13,37919.46745,0,0,1,0,0
559.191194,33,37926.09746,0,0,1,0,0
-126.175947,5,37993.167907,0,0,1,0,0
337.93954,1,37993.638734,0,0,0,0,1
-132.021774,1,38131.880421,1,0,0,0,0
337.931001,1,38132.551651,0,0,0,0,1
328.881733,1,38134.567348,0,0,1,0,0
-108.049925,2,38135.391064,1,0,0,0,0
328.82862,1,38135.921349,0,0,0,0,1
-58.597231,4,38138.780208,0,0,1,0,0
337.828619,1,38139.247665,0,0,0,0,1
733.2338,27,39578.828029,0,0,1,0,0
328.99729,1,39579.696438,0,0,0,0,1
1230.435469,50,39726.298131,0,0,1,0,0
-19.509032,4,39728.05218,0,0,1,0,0
335.596975,14,39859.079667,0,0,1,0,0
328.863408,1,39859.717886,0,0,0,0,1
626.745378,29,39863.741633,0,0,1,0,0
-122.355102,5,39940.751327,1,0,0,0,0
566.37238,21,40077.431308,0,0,1,0,0
330.129458,1,40079.012252,0,0,1,0,0
2.507003,8,40096.236852,0,0,1,0,0
328.82862,1,40096.815033,0,0,0,0,1
819.555422,37,40129.93221,0,0,1,0,0
328.826743,1,40130.548601,0,0,0,0,1
328.778864,1,40131.078493,0,0,0,0,1
1091.625169,39,40181.794812,0,0,1,0,0
881.730047,41,40221.477678,0,0,1,0,0
328.881733,1,40223.440752,0,0,1,0,0
328.947109,1,40224.676751,0,0,0,0,1
893.027039,45,40265.172692,1,0,0,0,0
-132.738533,1,40268.020903,0,0,1,0,0
426.557013,18,40438.755301,0,0,1,0,0
412.859569,20,40908.524231,0,0,1,0,0
463.372577,20,41019.633435,0,0,1,0,0
328.931002,1,41020.029989,0,0,0,0,1
328.831123,1,41020.509935,0,0,0,0,1
802.943993,32,41065.180447,0,0,1,0,0
568.866858,33,41069.831655,0,0,1,0,0
1239.720978,53,41204.919497,1,0,0,0,0
328.947162,1,41206.346534,0,0,0,0,1
328.99729,1,41206.804348,0,0,0,0,1
337.888919,1,41207.346738,0,0,1,0,0
546.593345,26,41218.418377,0,0,1,0,0
337.931002,1,41218.94694,0,0,0,0,1
507.535447,24,41225.326481,1,0,0,0,0
328.778864,1,41225.993238,0,0,0,0,1
337.93954,1,41226.449023,0,0,0,0,1
337.881733,1,41228.420844,0,0,1,0,0
816.060237,36,41600.767815,0,0,1,0,0
957.427645,32,41896.654465,0,0,1,0,0
641.08397,30,41958.968089,0,0,1,0,0
337.968285,1,41960.14667,0,0,0,0,1
328.99729,1,41961.033716,0,0,0,0,1
87.534523,14,41966.222755,0,0,1,0,0
631.913567,29,41996.563053,0,0,1,0,0
337.997289,1,41996.974674,0,0,0,0,1
606.069385,26,42062.157428,1,0,0,0,0
556.888394,26,42071.998013,0,0,1,0,0
328.99729,1,42072.39305,0,0,0,0,1
328.93954,1,42072.846354,0,0,0,0,1
337.93954,1,42073.288175,0,0,0,0,1
707.905365,31,42841.837938,1,0,0,0,0
608.176298,25,42861.149021,0,0,1,0,0
328.800053,1,42861.603617,0,0,0,0,1
337.997291,1,42862.084904,0,0,0,0,1
-153.490867,3,43132.122633,0,0,1,0,0
328.99729,1,43133.087631,0,0,0,0,1
1416.839732,57,43389.445575,1,0,0,0,0
482.060914,32,43399.182643,0,0,1,0,0
-115.541664,2,43399.941867,0,0,1,0,0
282.11134,16,43507.929234,0,0,1,0,0
-122.066027,6,43510.271868,0,0,1,0,0
328.947109,1,43511.498425,0,0,0,0,1
250.410583,19,43513.857677,0,0,1,0,0
328.800053,1,43514.318594,0,0,0,0,1
321.129458,1,43516.50473,0,0,1,0,0
328.931002,1,43516.929974,0,0,0,0,1
182.499963,15,43548.718403,0,0,1,0,0
328.859287,1,43549.324626,1,0,0,0,0
722.523577,25,44370.236372,0,0,1,0,0
-16.092803,6,44371.862974,0,0,1,0,0
-199.603445,5,44374.333506,0,0,1,0,0
684.03036,30,44387.137505,1,0,0,0,0
755.511083,13,44709.339588,0,0,0,0,1
328.778864,1,44710.141901,0,0,0,0,1
328.863408,1,44710.639047,0,0,0,0,1
135.012279,13,44755.154199,0,0,1,0,0
328.826743,1,44761.588656,0,0,0,0,1
337.93954,1,44762.003666,0,0,0,0,1
328.881733,1,44764.054264,0,0,1,0,0
-189.533275,5,44813.153679,0,0,1,0,0
328.881733,1,44815.241631,0,0,1,0,0
328.90969,1,44817.253181,0,0,1,0,0
328.93954,1,44817.697568,0,0,0,0,1
328.931002,1,44818.157542,0,0,0,0,1
848.004769,43,44831.146202,0,0,1,0,0
321.129458,1,44833.297074,0,0,1,0,0
328.931002,1,44833.707182,0,0,0,0,1
-198.663258,8,44836.32452,0,0,1,0,0
987.276508,62,44930.55929,0,0,1,0,0
609.804091,35,44936.117808,0,0,1,0,0
328.931002,1,44936.501292,0,0,0,0,1
328.852829,1,44937.227484,0,0,1,0,0
103.264202,9,44946.752555,0,0,1,0,0
-133.287031,4,45082.64255,0,0,1,0,0
328.947109,1,45084.057671,0,0,0,0,1
328.863408,1,45084.50802,0,0,0,0,1
665.172559,31,45098.648994,0,0,1,0,0
-192.474029,9,45110.137519,0,0,1,0,0
204.617532,12,45113.495352,0,0,1,0,0
10.967358,9,45115.616723,0,0,1,0,0
328.800053,1,45116.04774,0,0,0,0,1
328.800053,1,45116.526455,0,0,0,0,1
328.874397,1,45117.770719,0,0,0,0,1
261.931145,13,45168.741983,0,0,1,0,0
-133.362063,4,45307.429874,0,0,1,0,0
-124.011808,1,45309.163884,0,0,1,0,0
802.18576,36,46101.035783,0,0,1,0,0
229.163129,14,46165.569108,0,0,1,0,0
846.567853,36,46272.3139,0,0,1,0,0
330.129458,1,46274.360877,0,0,1,0,0
328.909529,1,46274.782013,0,0,0,0,1
328.82862,1,46275.292618,0,0,0,0,1
328.831123,1,46275.802027,0,0,0,0,1
328.881733,1,46277.81657,0,0,1,0,0
879.188167,40,46479.337145,0,0,1,0,0
-14.703866,6,46480.804184,0,0,1,0,0
-126.388102,1,46481.557851,0,0,1,0,0
328.881733,1,46483.565346,0,0,1,0,0
328.863408,1,46484.008327,0,0,0,0,1
-162.896553,5,46486.614143,0,0,1,0,0
521.171115,24,46847.406949,0,0,1,0,0
328.826743,1,46848.182871,0,0,0,0,1
684.258119,25,46878.17944,0,0,1,0,0
328.846563,1,46879.478632,0,0,1,0,0
-115.362118,2,46880.314845,0,0,1,0,0
356.87699,22,46889.058939,0,0,1,0,0
497.768035,21,46931.444573,1,0,0,0,0
554.976814,27,46939.066881,0,0,1,0,0
932.220997,45,46954.807055,0,0,1,0,0
-16.46511,6,46956.191389,0,0,1,0,0
330.129458,1,46958.478739,0,0,1,0,0
337.90969,1,46960.464482,0,0,1,0,0
328.800053,1,46960.932227,0,0,0,0,1
337.888919,1,46961.428507,0,0,1,0,0
734.650323,29,46973.320074,1,0,0,0,0
328.800053,1,46973.782698,0,0,0,0,1
277.132703,19,46980.612561,0,0,1,0,0
328.863408,1,46981.102388,0,0,0,0,1
337.778865,1,46981.700812,0,0,0,0,1
755.739357,35,47180.541478,0,0,1,0,0
337.93954,1,47181.097433,0,0,0,0,1
337.931001,1,47181.567955,0,0,0,0,1
289.528387,14,47183.231652,0,0,1,0,0
337.826743,1,47183.684435,0,0,0,0,1
668.838471,32,47281.002836,0,0,1,0,0
1691.625714,74,47557.950186,0,0,1,0,0
217.645989,13,47565.805433,0,0,1,0,0
337.931,1,47566.322029,0,0,0,0,1
328.800053,1,47566.914503,0,0,0,0,1
-108.16604,2,47567.769315,1,0,0,0,0
328.888918,1,47568.300077,0,0,1,0,0
321.129458,1,47570.523544,0,0,1,0,0
328.826743,1,47571.053748,0,0,0,0,1
328.846563,1,47572.415414,0,0,1,0,0
724.602113,31,47585.821289,0,0,1,0,0
328.93954,1,47586.330276,0,0,0,0,1
337.846564,1,47587.512039,0,0,1,0,0
-138.197571,5,47679.762132,0,0,1,0,0
646.72006,29,47688.756416,0,0,1,0,0
217.881753,15,47691.703805,0,0,1,0,0
907.148319,38,49070.537121,0,0,1,0,0
799.113696,34,49251.714833,0,0,1,0,0
328.800053,1,49252.263703,0,0,0,0,1
-104.955642,3,49372.153164,0,0,1,0,0
328.920203,1,49374.193575,0,0,0,0,1
328.99729,1,49374.67415,0,0,0,0,1
499.649335,30,49379.058529,0,0,1,0,0
36.01494,10,49463.236338,0,0,1,0,0
328.968284,1,49464.168434,0,0,0,0,1
328.863408,1,49464.692359,0,0,0,0,1
479.206307,17,49931.619063,0,0,1,0,0
945.301935,41,49985.154201,0,0,1,0,0
328.863408,1,49985.69037,0,0,0,0,1
-198.100949,5,49988.195738,0,0,1,0,0
337.863407,1,49988.614796,0,0,0,0,1
-151.425024,7,50262.035188,0,0,1,0,0
328.888918,1,50262.694954,0,0,1,0,0
-125.58351,5,50329.41606,0,0,1,0,0
337.808929,1,50329.953559,0,0,0,0,1
786.962703,33,50451.749231,0,0,1,0,0
517.520226,21,50460.895287,0,0,1,0,0
588.289368,26,50573.379939,0,0,1,0,0
632.431967,28,50580.406039,1,0,0,0,0
455.94026,22,50589.353866,1,0,0,0,0
585.299288,29,50600.021048,1,0,0,0,0
752.65864,32,50749.897424,0,0,1,0,0
-120.164074,4,50882.403241,0,0,1,0,0
-127.169466,3,50954.629475,1,0,0,0,0
328.99729,1,50955.16374,0,0,0,0,1
158.865272,11,50960.481567,0,0,1,0,0
-192.318455,7,50963.170428,0,0,1,0,0
586.370707,28,51054.392995,0,0,1,0,0
328.93954,1,51054.777787,0,0,0,0,1
-157.952166,4,51332.668246,0,0,1,0,0
-108.122235,2,51333.996715,0,0,1,0,0
100.927868,12,51390.234712,0,0,1,0,0
224.036608,13,51415.580572,0,0,1,0,0
386.629031,20,51424.557609,0,0,1,0,0
-144.332075,12,51451.035307,0,0,1,0,0
328.859288,1,51451.648871,1,0,0,0,0
-133.417357,4,51591.260409,0,0,1,0,0
-132.922976,1,51701.694367,0,0,1,0,0
337.931002,1,51702.397951,0,0,0,0,1
-71.630339,7,51927.69325,0,0,1,0,0
328.773494,1,51930.108506,0,0,1,0,0
1444.159166,58,52043.354568,0,0,1,0,0
561.099492,27,52050.755206,0,0,1,0,0
-18.223033,6,52052.112122,0,0,1,0,0
328.881733,1,52054.091614,0,0,1,0,0
-108.16604,2,52054.82427,1,0,0,0,0
-115.627911,3,52176.26103,0,0,1,0,0
-108.16604,2,52177.320795,1,0,0,0,0
33.805492,10,52261.41729,0,0,1,0,0
761.962131,32,52273.104369,1,0,0,0,0
337.826743,1,52273.66359,0,0,0,0,1
328.800053,1,52274.122825,0,0,0,0,1
651.492921,24,53793.896023,0,0,1,0,0
328.968284,1,53794.584735,0,0,0,0,1
1134.621242,48,53926.942496,0,0,1,0,0
1083.104355,39,54463.178551,0,0,1,0,0
820.682803,50,54507.492991,0,0,1,0,0
328.778864,1,54508.174961,0,0,0,0,1
916.860096,41,54702.328877,0,0,1,0,0
328.99729,1,54702.959934,0,0,0,0,1
-58.433394,4,54705.78447,0,0,1,0,0
627.125,29,54716.605424,0,0,1,0,0
559.36299,29,54726.858314,0,0,1,0,0
341.983554,17,54734.124876,0,0,1,0,0
337.888918,1,54734.606542,0,0,1,0,0
851.130302,28,55621.465994,0,0,1,0,0
328.99729,1,55622.135308,0,0,0,0,1
328.800053,1,55622.63042,0,0,0,0,1
25.625341,9,55624.349925,0,0,1,0,0
-125.680745,5,55697.508259,0,0,1,0,0
337.846565,1,55698.744788,0,0,1,0,0
337.800051,1,55699.21645,0,0,0,0,1
328.778864,1,55699.782853,0,0,0,0,1
297.294176,19,55704.142746,0,0,1,0,0
328.947109,1,55705.446305,0,0,0,0,1
702.99936,41,55784.781458,0,0,1,0,0
328.826743,1,55785.304844,0,0,0,0,1
130.077309,8,56241.210711,0,0,1,0,0
328.826743,1,56242.288901,0,0,0,0,1
337.93954,1,56242.694391,0,0,0,0,1
-114.198971,7,56320.709562,0,0,1,0,0
346.734352,17,56333.592895,0,0,1,0,0
1077.292152,50,56342.54248,0,0,1,0,0
497.276165,31,56373.839107,0,0,1,0,0
337.931003,1,56374.491048,0,0,0,0,1
328.881733,1,56376.398043,0,0,1,0,0
375.821574,21,56382.824307,0,0,1,0,0
140.807716,9,56385.301317,0,0,1,0,0
882.666757,43,56525.271596,0,0,1,0,0
328.80893,1,56525.826141,0,0,0,0,1
218.745246,15,56528.629601,0,0,1,0,0
199.543116,12,56530.735424,1,0,0,0,0
882.199144,36,56557.179236,0,0,1,0,0
394.795138,27,56569.47586,0,0,1,0,0
465.978556,19,56696.64541,0,0,1,0,0
572.337118,37,56709.182168,0,0,1,0,0
328.931002,1,56709.57531,0,0,0,0,1
328.800053,1,56710.049189,0,0,0,0,1
328.93954,1,56710.47194,0,0,0,0,1
337.931002,1,56710.940714,0,0,0,0,1
328.920203,1,56712.780793,0,0,0,0,1
328.93954,1,56713.221736,0,0,0,0,1
328.931002,1,56713.69558,0,0,0,0,1
337.881733,1,56715.656025,0,0,1,0,0
440.265122,17,56845.702846,0,0,1,0,0
-16.077422,6,56847.204025,0,0,1,0,0
1606.327302,65,56944.811535,0,0,1,0,0
16.921871,9,56946.693444,0,0,1,0,0
328.93954,1,56947.093326,0,0,0,0,1
1302.298399,56,57061.346339,0,0,1,0,0
349.418266,17,58400.924873,0,0,1,0,0
328.90969,1,58403.741712,0,0,1,0,0
76.787896,11,58459.032376,0,0,1,0,0
-243.56904,12,58486.365647,0,0,1,0,0
337.852828,1,58487.290667,0,0,1,0,0
-126.9613,3,58596.450364,0,0,1,0,0
328.93954,1,58597.21453,0,0,0,0,1
136.442839,11,58921.727467,0,0,1,0,0
328.863408,1,58922.498221,0,0,0,0,1
99.070681,9,58928.230765,0,0,1,0,0
328.99729,1,58928.648127,0,0,0,0,1
337.99729,1,58929.117731,0,0,0,0,1
406.143279,19,58940.498744,1,0,0,0,0
328.863408,1,58941.033167,0,0,0,0,1
636.496572,29,58951.915253,0,0,1,0,0
263.375859,15,58985.853538,1,0,0,0,0
280.439799,16,58995.69811,0,0,1,0,0
337.881733,1,58998.199612,0,0,1,0,0
337.931003,1,58998.685271,0,0,0,0,1
893.950831,39,59121.793148,1,0,0,0,0
938.137343,44,59196.653477,0,0,1,0,0
88.190451,8,59202.23623,0,0,1,0,0
721.001912,34,59385.382116,0,0,1,0,0
-108.122235,2,59386.335266,0,0,1,0,0
366.765598,15,59853.301594,0,0,1,0,0
328.800053,1,44.486588,0,0,0,0,1
328.826743,1,45.197526,0,0,0,0,1
328.93954,1,44.553776,0,0,0,0,1
328.826743,1,45.310895,0,0,0,0,1
328.931002,1,46.114214,0,0,0,0,1
92.590546,11,49.967829,0,0,1,0,0
279.608686,13,126.326853,0,0,1,0,0
-27.841302,4,151.048052,0,0,1,0,0
256.052386,14,155.477707,0,0,1,0,0
65.100089,14,158.163683,0,0,1,0,0
-62.870001,7,162.793854,0,0,1,0,0
-115.295413,2,164.168844,0,0,1,0,0
328.90969,1,164.663825,0,0,1,0,0
-202.355035,5,165.70064,0,0,1,0,0
328.778864,1,166.505191,0,0,0,0,1
585.347582,28,169.523285,1,0,0,0,0
600.160351,29,172.960886,0,0,1,0,0
726.879504,35,177.042207,1,0,0,0,0
328.90969,1,177.552875,0,0,1,0,0
352.584053,19,185.688243,0,0,1,0,0
714.962918,40,191.633049,0,0,1,0,0
-33.491907,7,193.427262,0,0,1,0,0
328.859287,1,194.026482,1,0,0,0,0
328.90969,1,194.56977,0,0,1,0,0
328.888918,1,195.400535,0,0,1,0,0
-153.523524,3,199.224261,0,0,1,0,0
328.800053,1,199.853488,0,0,0,0,1
586.599935,30,203.241675,1,0,0,0,0
311.017993,16,206.634876,0,0,1,0,0
328.826743,1,207.106396,0,0,0,0,1
328.99729,1,207.434319,0,0,0,0,1
-14.856231,8,210.671591,0,0,1,0,0
321.129458,1,211.338948,0,0,1,0,0
472.440522,21,217.587483,0,0,1,0,0
328.93954,1,218.348792,0,0,0,0,1
328.931002,1,218.803114,0,0,0,0,1
337.800053,1,219.043721,0,0,0,0,1
-157.768454,4,222.390213,0,0,1,0,0
813.703941,36,227.438298,0,0,1,0,0
980.214032,31,232.470903,0,0,0,0,1
554.22861,25,234.696474,0,0,1,0,0
827.210574,49,239.654895,0,0,1,0,0
328.881733,1,240.112602,0,0,1,0,0
-136.358463,5,241.71543,0,0,1,0,0
337.968283,1,242.425712,0,0,0,0,1
-132.922976,1,244.283994,0,0,1,0,0
337.826743,1,244.675236,0,0,0,0,1
328.93954,1,245.081059,0,0,0,0,1
328.931002,1,245.445668,0,0,0,0,1
118.08502,15,251.410048,0,0,1,0,0
275.485077,14,253.638623,0,0,1,0,0
100.055862,15,255.706246,0,0,1,0,0
404.256923,19,259.852169,1,0,0,0,0
958.985973,41,265.905628,0,0,1,0,0
337.968284,1,266.215492,0,0,0,0,1
-17.109333,6,267.115887,0,0,1,0,0
98.058253,14,269.135202,0,0,1,0,0
295.285547,17,281.339163,0,0,1,0,0
337.800053,1,281.609151,0,0,0,0,1
507.758924,24,283.992434,0,0,1,0,0
-129.071402,1,284.628342,0,0,1,0,0
-133.088899,4,287.339516,0,0,1,0,0
75.37596,11,288.993788,0,0,1,0,0
770.20199,42,295.082012,0,0,1,0,0
811.524144,42,301.266205,0,0,1,0,0
-125.792893,5,303.3605,0,0,1,0,0
470.896824,23,324.89441,0,0,1,0,0
337.931,1,325.055099,0,0,0,0,1
328.846564,1,325.524191,0,0,1,0,0
52.73018,10,326.660387,0,0,1,0,0
408.513718,23,329.241263,0,0,1,0,0
328.99729,1,329.587172,0,0,0,0,1
683.08461,38,339.761502,0,0,1,0,0
295.070252,16,347.483964,0,0,1,0,0
380.227701,19,350.324721,1,0,0,0,0
330.129458,1,350.975861,0,0,1,0,0
-129.071402,1,351.271374,0,0,1,0,0
689.118127,38,355.915139,0,0,1,0,0
381.454468,21,357.199577,0,0,1,0,0
337.931,1,357.461192,0,0,0,0,1
337.800053,1,357.795912,0,0,0,0,1
337.831123,1,358.117502,0,0,0,0,1
337.778864,1,358.323386,0,0,0,0,1
685.340982,31,380.249663,0,0,1,0,0
337.909529,1,380.539631,0,0,0,0,1
408.689478,26,388.78028,0,0,1,0,0
328.800053,1,389.017835,0,0,0,0,1
916.08392,20,390.759223,0,0,0,0,1
538.14077,22,394.581868,0,0,1,0,0
328.99729,1,394.882478,0,0,0,0,1
36.064672,10,397.55303,0,0,1,0,0
337.778865,1,397.77833,0,0,0,0,1
337.800054,1,398.07429,0,0,0,0,1
1159.371872,56,407.322813,0,0,1,0,0
158.503945,10,414.746921,0,0,1,0,0
337.931002,1,415.137282,0,0,0,0,1
337.828619,1,415.447011,0,0,0,0,1
1112.726918,48,425.585569,0,0,1,0,0
1166.452537,49,430.071486,0,0,1,0,0
145.456584,10,431.956068,0,0,1,0,0
337.939541,1,432.385239,0,0,0,0,1
872.656042,42,443.643434,1,0,0,0,0
689.20016,34,446.790276,1,0,0,0,0
507.915961,24,448.659476,0,0,1,0,0
328.99729,1,449.067912,0,0,0,0,1
328.773494,1,449.790002,0,0,1,0,0
494.006825,20,452.14239,0,0,1,0,0
-124.447263,6,453.233492,0,0,1,0,0
284.356899,15,456.707178,1,0,0,0,0
89.379512,12,458.922302,0,0,1,0,0
328.99729,1,459.086335,0,0,0,0,1
-146.013974,6,462.800621,0,0,1,0,0
646.422133,27,471.544047,1,0,0,0,0
-154.014789,6,474.431497,0,0,1,0,0
587.992868,24,479.93098,0,0,1,0,0
328.800053,1,480.149052,0,0,0,0,1
456.40256,25,483.764641,1,0,0,0,0
328.93954,1,484.396196,0,0,0,0,1
393.791346,19,486.433619,0,0,1,0,0
337.93954,1,486.895098,0,0,0,0,1
337.931001,1,487.317556,0,0,0,0,1
328.881733,1,487.972458,0,0,1,0,0
1075.179923,54,499.497065,0,0,1,0,0
524.495385,24,502.656884,0,0,1,0,0
328.881733,1,503.108357,0,0,1,0,0
407.980075,20,505.894233,1,0,0,0,0
-67.522111,4,506.628612,0,0,1,0,0
-147.738089,6,509.95401,0,0,1,0,0
328.778864,1,510.191683,0,0,0,0,1
679.807575,30,515.961499,0,0,1,0,0
328.778864,1,516.320084,0,0,0,0,1
337.82862,1,516.520303,0,0,0,0,1
-151.800564,7,519.838692,0,0,1,0,0
586.310663,28,524.168519,0,0,1,0,0
-191.244524,5,525.996724,0,0,1,0,0
-129.109872,4,528.382972,0,0,1,0,0
-145.153009,6,531.192549,0,0,1,0,0
328.778864,1,531.545336,0,0,0,0,1
337.85283,1,531.953587,0,0,1,0,0
-16.720987,6,537.165502,0,0,1,0,0
606.002403,27,539.962547,0,0,1,0,0
337.826743,1,540.139738,0,0,0,0,1
328.800053,1,540.477421,0,0,0,0,1
328.800053,1,540.840123,0,0,0,0,1
1088.958046,43,549.22958,0,0,1,0,0
328.826743,1,549.602438,0,0,0,0,1
328.846564,1,549.907924,0,0,1,0,0
328.938687,1,550.461155,0,0,0,0,1
439.998222,19,551.901757,0,0,1,0,0
337.826743,1,552.266587,0,0,0,0,1
164.669317,14,554.762622,0,0,1,0,0
599.808914,34,560.658859,0,0,1,0,0
245.010531,16,562.402643,0,0,1,0,0
328.846564,1,567.763049,0,0,1,0,0
-120.065721,1,568.079707,0,0,1,0,0
-223.793572,12,570.063598,0,0,1,0,0
321.129458,1,570.426148,0,0,1,0,0
-6.846413,8,572.296285,0,0,1,0,0
-129.296993,4,574.46444,0,0,1,0,0
328.881733,1,574.800084,0,0,1,0,0
-193.695831,9,575.861206,0,0,1,0,0
337.778864,1,576.217652,0,0,0,0,1
964.238076,39,583.491624,0,0,1,0,0
337.778862,1,583.863091,0,0,0,0,1
328.859286,1,584.439332,1,0,0,0,0
328.859287,1,584.655776,1,0,0,0,0
-206.565173,5,586.637794,0,0,1,0,0
321.129458,1,587.183383,0,0,1,0,0
-40.266684,7,588.280512,0,0,1,0,0
293.858799,18,589.980808,0,0,1,0,0
328.863408,1,590.315373,0,0,0,0,1
483.728072,26,595.387666,0,0,1,0,0
328.863408,1,595.568189,0,0,0,0,1
328.93954,1,595.971101,0,0,0,0,1
1380.281047,50,609.821334,0,0,1,0,0
337.931001,1,610.215071,0,0,0,0,1
736.07766,32,616.612917,0,0,1,0,0
328.931002,1,617.130549,0,0,0,0,1
328.99729,1,617.320608,0,0,0,0,1
836.703258,38,625.198937,0,0,1,0,0
328.778864,1,625.440005,0,0,0,0,1
753.001034,36,629.549736,0,0,1,0,0
328.991637,1,630.111521,0,0,0,0,1
702.264636,36,637.572081,0,0,1,0,0
-200.748442,5,638.091183,0,0,1,0,0
328.93954,1,638.464873,0,0,0,0,1
-108.01904,2,639.154756,1,0,0,0,0
328.831123,1,639.367176,0,0,0,0,1
-250.165588,12,640.68604,0,0,1,0,0
645.644384,27,645.077258,0,0,1,0,0
816.118383,40,650.943554,1,0,0,0,0
328.93954,1,651.172354,0,0,0,0,1
330.129458,1,651.602239,0,0,1,0,0
337.939541,1,651.978062,0,0,0,0,1
395.070379,26,655.368459,0,0,1,0,0
239.510994,14,657.91602,0,0,1,0,0
328.931002,1,658.075336,0,0,0,0,1
328.778864,1,658.285376,0,0,0,0,1
328.826743,1,658.514392,0,0,0,0,1
-133.419669,4,661.002779,0,0,1,0,0
328.931002,1,661.351549,0,0,0,0,1
328.931002,1,661.749591,0,0,0,0,1
328.846564,1,662.054745,0,0,1,0,0
-146.970387,5,664.479697,0,0,1,0,0
166.22083,15,672.41834,0,0,1,0,0
328.93954,1,672.652515,0,0,0,0,1
-241.919864,12,674.048669,0,0,1,0,0
328.826743,1,674.359022,0,0,0,0,1
328.80893,1,674.664612,0,0,0,0,1
328.99729,1,674.876366,0,0,0,0,1
585.77511,33,680.260083,1,0,0,0,0
337.828618,1,680.712475,0,0,0,0,1
328.90969,1,681.118077,0,0,1,0,0
328.931002,1,681.308249,0,0,0,0,1
328.859287,1,681.897209,1,0,0,0,0
337.778863,1,682.104207,0,0,0,0,1
622.886704,35,685.156169,0,0,1,0,0
293.160948,14,688.175285,0,0,1,0,0
931.224949,32,695.079368,0,0,1,0,0
328.800053,1,695.26014,0,0,0,0,1
328.826743,1,695.44534,0,0,0,0,1
-124.011808,1,695.86046,0,0,1,0,0
144.310988,13,703.2271,0,0,1,0,0
637.173247,26,708.51403,0,0,1,0,0
328.800053,1,708.721886,0,0,0,0,1
337.968284,1,708.934016,0,0,0,0,1
-132.897467,1,710.571253,0,0,1,0,0
328.99729,1,711.100046,0,0,0,0,1
-124.39524,5,713.120493,0,0,1,0,0
531.819479,26,716.844916,0,0,1,0,0
-153.515732,3,720.016822,0,0,1,0,0
328.826743,1,720.165827,0,0,0,0,1
1514.688137,56,729.424234,0,0,1,0,0
497.330942,24,733.32012,0,0,1,0,0
590.497854,25,741.488847,0,0,1,0,0
127.714166,16,743.863703,0,0,1,0,0
328.90969,1,744.3312,0,0,1,0,0
328.931002,1,744.537491,0,0,0,0,1
260.857432,18,746.713559,0,0,1,0,0
328.968284,1,747.211674,0,0,0,0,1
861.10982,42,751.240232,0,0,1,0,0
150.427424,9,754.341525,0,0,1,0,0
337.778864,1,754.548493,0,0,0,0,1
499.664549,30,757.344923,0,0,1,0,0
1058.011634,43,769.240849,0,0,1,0,0
836.397574,30,774.613378,1,0,0,0,0
302.810262,16,777.682937,0,0,1,0,0
23.941799,9,778.747401,0,0,1,0,0
328.826743,1,779.460113,0,0,0,0,1
685.446904,32,782.600266,0,0,1,0,0
328.826743,1,783.024416,0,0,0,0,1
876.032349,37,789.59236,0,0,1,0,0
-153.519796,3,792.792845,0,0,1,0,0
337.800053,1,793.083464,0,0,0,0,1
337.863408,1,793.440884,0,0,0,0,1
-115.362118,2,793.753408,0,0,1,0,0
328.93954,1,793.926342,0,0,0,0,1
328.82862,1,794.299657,0,0,0,0,1
337.881734,1,794.812364,0,0,1,0,0
-125.873618,6,795.274175,0,0,1,0,0
1132.223454,59,807.792081,0,0,1,0,0
328.80893,1,807.996804,0,0,0,0,1
-193.695831,9,808.664933,0,0,1,0,0
-132.738533,1,809.220807,0,0,1,0,0
-132.738533,1,809.658269,0,0,1,0,0
328.863408,1,809.883024,0,0,0,0,1
337.778863,1,810.231236,0,0,0,0,1
-129.286844,4,812.396529,0,0,1,0,0
328.90969,1,812.73699,0,0,1,0,0
73.230326,11,814.552086,0,0,1,0,0
337.800054,1,814.914244,0,0,0,0,1
328.778864,1,815.159961,0,0,0,0,1
287.099781,16,822.519398,0,0,1,0,0
328.863408,1,822.763604,0,0,0,0,1
281.894063,15,825.65684,0,0,1,0,0
337.931002,1,825.940272,0,0,0,0,1
328.938687,1,826.278244,0,0,0,0,1
36.653507,10,828.865714,0,0,1,0,0
-135.823908,15,831.086819,0,0,1,0,0
-35.400072,4,831.633479,0,0,1,0,0
-76.559346,4,832.088152,0,0,1,0,0
-151.800564,7,835.327058,0,0,1,0,0
307.808006,36,840.924686,0,0,1,0,0
166.600741,10,851.462281,0,0,1,0,0
-140.999267,1,854.1709,1,0,0,0,0
321.129458,1,854.573143,0,0,1,0,0
99.489385,12,861.428719,0,0,1,0,0
401.689811,29,865.405401,0,0,1,0,0
328.846564,1,865.850497,0,0,1,0,0
721.823352,34,868.671783,0,0,1,0,0
-9.626156,8,869.431971,0,0,1,0,0
330.129458,1,870.186226,0,0,1,0,0
328.909529,1,870.352811,0,0,0,0,1
157.819607,11,1190.948067,0,0,1,0,0
36.697582,10,1193.282882,0,0,1,0,0
328.859287,1,1193.497804,1,0,0,0,0
337.931001,1,1193.699053,0,0,0,0,1
-132.922976,1,1195.168458,0,0,1,0,0
328.90969,1,1195.502025,0,0,1,0,0
-108.122235,2,1195.968617,0,0,1,0,0
-126.999021,3,1197.779283,0,0,1,0,0
216.506172,17,1200.594806,0,0,1,0,0
-125.210041,5,1202.207922,0,0,1,0,0
340.260399,21,1204.697264,0,0,1,0,0
1222.881064,54,1217.099436,0,0,1,0,0
337.909528,1,1217.329974,0,0,0,0,1
-150.8014,6,1219.805898,0,0,1,0,0
328.778864,1,1220.134316,0,0,0,0,1
337.931002,1,1220.348261,0,0,0,0,1
328.826743,1,1220.544691,0,0,0,0,1
328.99729,1,1220.735754,0,0,0,0,1
906.579065,39,1227.834163,0,0,1,0,0
483.971403,25,1229.599236,0,0,1,0,0
144.170829,11,1553.483075,0,0,1,0,0
328.881733,1,1553.825501,0,0,1,0,0
307.3314,16,1555.324548,1,0,0,0,0
-115.343656,2,1555.602248,0,0,1,0,0
-129.071402,1,1555.882435,0,0,1,0,0
613.081616,31,1559.779797,0,0,1,0,0
328.881733,1,1560.24096,0,0,1,0,0
328.846564,1,1560.491615,0,0,1,0,0
337.778864,1,1560.680416,0,0,0,0,1
544.45216,32,1570.096292,0,0,1,0,0
-6.846413,8,1571.671425,0,0,1,0,0
337.826743,1,1571.915736,0,0,0,0,1
337.828619,1,1572.306921,0,0,0,0,1
328.800053,1,1572.518101,0,0,0,0,1
-72.025102,7,1575.794926,0,0,1,0,0
597.989292,37,1578.775422,0,0,1,0,0
337.90953,1,1578.938856,0,0,0,0,1
-126.967961,3,1580.058873,1,0,0,0,0
337.931002,1,1580.206485,0,0,0,0,1
275.275402,19,1582.224419,0,0,1,0,0
321.129458,1,1582.636638,0,0,1,0,0
761.102896,36,1584.881248,0,0,1,0,0
328.859287,1,1585.038318,1,0,0,0,0
337.778864,1,1585.25135,0,0,0,0,1
328.90969,1,1585.758694,0,0,1,0,0
26.843919,10,1588.771477,0,0,1,0,0
301.425228,17,1595.994725,0,0,1,0,0
328.800053,1,1596.140996,0,0,0,0,1
156.172929,12,1597.765274,0,0,1,0,0
337.93954,1,1598.077791,0,0,0,0,1
337.850946,18,1599.807118,0,0,1,0,0
328.99729,1,1599.97219,0,0,0,0,1
328.863408,1,1600.164411,0,0,0,0,1
274.373803,14,1602.31497,0,0,1,0,0
698.751586,36,1612.706903,0,0,1,0,0
328.82862,1,1612.929432,0,0,0,0,1
328.800053,1,1613.142047,0,0,0,0,1
328.881733,1,1613.727067,0,0,1,0,0
337.997288,1,1613.891797,0,0,0,0,1
1176.162457,48,1630.187484,0,0,1,0,0
935.130148,38,1635.953196,0,0,1,0,0
328.93954,1,1636.143361,0,0,0,0,1
506.557711,25,1638.247168,0,0,1,0,0
328.859287,1,1638.436353,1,0,0,0,0
-126.996194,3,1639.235016,1,0,0,0,0
328.931002,1,1639.370085,0,0,0,0,1
328.778864,1,1639.555338,0,0,0,0,1
328.881733,1,1640.16141,0,0,1,0,0
337.826743,1,1640.319216,0,0,0,0,1
-120.900892,6,1640.864006,0,0,1,0,0
971.897547,42,1649.67491,0,0,1,0,0
328.99729,1,1650.010012,0,0,0,0,1
337.931003,1,1650.490019,0,0,0,0,1
481.833575,25,1653.156445,1,0,0,0,0
743.338181,34,1664.900645,0,0,1,0,0
1907.787078,82,1674.921225,0,0,1,0,0
-129.366696,4,1677.006168,0,0,1,0,0
337.931002,1,1677.289195,0,0,0,0,1
328.93954,1,1677.738206,0,0,0,0,1
337.909529,1,1677.946305,0,0,0,0,1
125.551211,10,1679.111216,0,0,1,0,0
328.778864,1,1679.501285,0,0,0,0,1
337.826743,1,1679.71519,0,0,0,0,1
328.931002,1,1679.897508,0,0,0,0,1
328.778864,1,1680.106777,0,0,0,0,1
337.997289,1,1680.317493,0,0,0,0,1
328.859287,1,1680.536935,1,0,0,0,0
526.245015,30,1684.265822,0,0,1,0,0
328.931002,1,1684.447399,0,0,0,0,1
547.308132,25,1688.736799,1,0,0,0,0
-108.189963,2,1689.243918,1,0,0,0,0
809.439666,34,1693.044946,0,0,1,0,0
664.430278,16,1695.132544,0,0,0,0,1
328.99729,1,1695.526701,0,0,0,0,1
328.93954,1,1695.773823,0,0,0,0,1
391.878971,19,1704.30375,0,0,1,0,0
591.509765,38,1709.075455,0,0,1,0,0
1025.588736,45,1716.947083,0,0,1,0,0
337.93954,1,1717.178148,0,0,0,0,1
328.778864,1,1717.405768,0,0,0,0,1
-26.221229,4,1718.050921,0,0,1,0,0
21.291014,9,1718.949483,0,0,1,0,0
-153.756803,3,1722.263484,0,0,1,0,0
328.977188,1,1722.620748,0,0,0,0,1
328.881733,1,1722.984802,0,0,1,0,0
154.834401,16,1724.47276,0,0,1,0,0
328.778864,1,1724.75541,0,0,0,0,1
328.93954,1,1724.987527,0,0,0,0,1
825.275286,38,1733.398642,0,0,1,0,0
-46.391971,7,1734.521911,0,0,1,0,0
-124.43652,5,1736.096932,0,0,1,0,0
328.93954,1,1736.24601,0,0,0,0,1
337.800053,1,1736.445377,0,0,0,0,1
337.800052,1,1736.638427,0,0,0,0,1
328.881733,1,1737.031765,0,0,1,0,0
328.82862,1,1737.183246,0,0,0,0,1
328.863408,1,1737.385708,0,0,0,0,1
630.489203,10,1750.709907,0,0,0,0,1
328.800053,1,1750.898003,0,0,0,0,1
328.931002,1,1751.270268,0,0,0,0,1
328.826743,1,1751.453684,0,0,0,0,1
328.888918,1,1751.64545,0,0,1,0,0
910.908115,40,1755.677929,0,0,1,0,0
-129.733419,4,1757.749077,0,0,1,0,0
-58.599126,4,1758.204928,0,0,1,0,0
328.778864,1,1758.383652,0,0,0,0,1
328.950099,1,1758.920948,0,0,0,0,1
328.93954,1,1759.319207,0,0,0,0,1
328.93954,1,1759.538021,0,0,0,0,1
1116.82498,44,1766.418634,1,0,0,0,0
328.826743,1,1766.570195,0,0,0,0,1
372.234815,18,1768.252114,0,0,1,0,0
328.826743,1,1768.427622,0,0,0,0,1
328.846564,1,1768.731454,0,0,1,0,0
1064.133981,45,1775.438775,0,0,1,0,0
1088.091629,49,1782.737527,0,0,1,0,0
328.826743,1,1783.038062,0,0,0,0,1
-220.605548,12,1784.435673,0,0,1,0,0
328.826743,1,1784.593977,0,0,0,0,1
226.223648,14,1792.602236,0,0,1,0,0
321.129458,1,1792.972594,0,0,1,0,0
337.931003,1,1793.140121,0,0,0,0,1
328.846564,1,1793.455096,0,0,1,0,0
10.594082,9,1794.442143,0,0,1,0,0
916.036785,55,1826.463215,0,0,1,0,0
-153.33276,3,1829.550202,0,0,1,0,0
496.72753,20,1839.311541,0,0,1,0,0
337.881732,1,1839.628136,0,0,1,0,0
199.89897,11,1841.18184,0,0,1,0,0
-11.650103,8,1841.804092,0,0,1,0,0
118.926485,13,1844.002796,0,0,1,0,0
328.93954,1,1844.185888,0,0,0,0,1
337.968284,1,1844.692605,0,0,0,0,1
588.959761,31,1849.723862,0,0,1,0,0
-129.346379,4,1851.895819,0,0,1,0,0
461.384787,48,1859.172344,1,0,0,0,0
3.483703,9,1861.239082,0,0,1,0,0
328.800053,1,1861.389665,0,0,0,0,1
228.367336,16,1863.782529,0,0,1,0,0
636.520059,30,1868.233663,1,0,0,0,0
337.939541,1,1868.409972,0,0,0,0,1
328.859287,1,1868.99507,1,0,0,0,0
-122.103929,6,1869.562271,0,0,1,0,0
68.400814,11,1877.449564,0,0,1,0,0
328.881733,1,1877.854,0,0,1,0,0
575.882735,34,2029.008841,1,0,0,0,0
-158.034737,4,2032.282799,0,0,1,0,0
25.474818,9,2032.842365,0,0,1,0,0
330.129458,1,2033.252246,0,0,1,0,0
337.931001,1,2033.425869,0,0,0,0,1
-139.690375,5,2034.750829,0,0,1,0,0
328.93954,1,2034.898541,0,0,0,0,1
328.826743,1,2035.128594,0,0,0,0,1
92.128795,12,2037.132296,0,0,1,0,0
328.99729,1,2037.546424,0,0,0,0,1
328.947109,1,2043.803088,0,0,0,0,1
328.991637,1,2044.187331,0,0,0,0,1
450.95767,19,2054.075282,0,0,1,0,0
432.072298,20,2056.528911,0,0,1,0,0
337.800053,1,2056.819399,0,0,0,0,1
337.99729,1,2057.039627,0,0,0,0,1
-120.081848,1,2057.39283,0,0,1,0,0
328.778864,1,2057.655166,0,0,0,0,1
-8.994683,8,2058.227254,0,0,1,0,0
328.888918,1,2058.553221,0,0,1,0,0
123.310683,12,2060.833175,0,0,1,0,0
337.997288,1,2060.997797,0,0,0,0,1
-71.563693,7,2064.323216,0,0,1,0,0
328.99729,1,2064.514719,0,0,0,0,1
-132.738533,1,2064.95624,0,0,1,0,0
328.800053,1,2065.179917,0,0,0,0,1
330.129458,1,2065.52733,0,0,1,0,0
337.881733,1,2065.872064,0,0,1,0,0
328.99729,1,2066.0348,0,0,0,0,1
328.931002,1,2066.27521,0,0,0,0,1
514.116204,24,2068.472188,1,0,0,0,0
328.93954,1,2068.626571,0,0,0,0,1
509.219765,20,2072.142285,0,0,1,0,0
321.129458,1,2072.517553,0,0,1,0,0
629.508751,28,2077.89691,0,0,1,0,0
-126.388102,1,2078.191704,0,0,1,0,0
337.881734,1,2078.541448,0,0,1,0,0
328.938687,1,2078.834566,0,0,0,0,1
337.778864,1,2079.268748,0,0,0,0,1
-41.812957,7,2080.447639,0,0,1,0,0
328.977188,1,2080.711473,0,0,0,0,1
1041.199255,24,2082.419304,0,0,0,0,1
337.831123,1,2082.558129,0,0,0,0,1
337.909529,1,2082.742773,0,0,0,0,1
337.778864,1,2082.974056,0,0,0,0,1
516.681623,25,2085.58735,0,0,1,0,0
328.778864,1,2085.758404,0,0,0,0,1
321.129458,1,2086.153175,0,0,1,0,0
271.727772,13,2095.82265,0,0,1,0,0
328.93954,1,2096.082464,0,0,0,0,1
337.800053,1,2096.297075,0,0,0,0,1
-16.270511,6,2096.937374,0,0,1,0,0
337.931001,1,2097.161478,0,0,0,0,1
328.846564,1,2097.457045,0,0,1,0,0
330.129458,1,2097.863134,0,0,1,0,0
328.931002,1,2098.044103,0,0,0,0,1
328.90969,1,2098.426293,0,0,1,0,0
735.338445,19,2106.233187,0,0,0,0,1
283.59945,15,2107.993188,0,0,1,0,0
328.82862,1,2108.19841,0,0,0,0,1
328.773494,1,2108.656248,0,0,1,0,0
782.7067,36,2112.150586,0,0,1,0,0
-198.663258,8,2113.147702,0,0,1,0,0
328.778864,1,2113.297431,0,0,0,0,1
81.617373,8,2114.219013,0,0,1,0,0
328.82862,1,2114.379249,0,0,0,0,1
797.780602,32,2120.428397,0,0,1,0,0
948.746943,47,2126.287997,1,0,0,0,0
328.931002,1,2126.520717,0,0,0,0,1
1288.359262,64,2135.342453,0,0,1,0,0
337.778864,1,2135.60931,0,0,0,0,1
337.968284,1,2135.821654,0,0,0,0,1
328.949545,1,2136.163556,0,0,0,0,1
273.510283,13,2145.399153,0,0,1,0,0
328.968284,1,2145.567861,0,0,0,0,1
328.931002,1,2145.876688,0,0,0,0,1
328.931002,1,2146.067611,0,0,0,0,1
228.029078,15,2153.163373,0,0,1,0,0
328.99729,1,2153.38651,0,0,0,0,1
323.738892,15,2167.360603,0,0,1,0,0
1130.120657,54,2172.871612,0,0,1,0,0
-76.559346,4,2173.382683,0,0,1,0,0
328.80893,1,2173.549286,0,0,0,0,1
751.855783,31,2502.943525,0,0,1,0,0
286.92188,13,2509.061885,0,0,1,0,0
328.99729,1,2509.270322,0,0,0,0,1
328.881733,1,2509.714046,0,0,1,0,0
328.977667,1,2509.968731,0,0,0,0,1
482.584886,22,2513.016658,0,0,1,0,0
178.208427,17,2515.144469,0,0,1,0,0
328.846564,1,2515.508165,0,0,1,0,0
657.914072,11,2516.738088,0,0,0,0,1
-153.527846,3,2519.862406,0,0,1,0,0
337.828621,1,2520.012383,0,0,0,0,1
577.497843,24,2521.806866,0,0,1,0,0
328.826743,1,2521.971548,0,0,0,0,1
337.826743,1,2522.167403,0,0,0,0,1
781.611861,35,2534.777211,0,0,1,0,0
177.031991,12,2537.408833,0,0,1,0,0
-192.855595,7,2537.919591,0,0,1,0,0
347.077937,16,2540.613208,0,0,1,0,0
328.778864,1,2540.78074,0,0,0,0,1
82.259648,14,2542.631733,0,0,1,0,0
-14.853929,6,2543.269264,0,0,1,0,0
328.826743,1,2543.437054,0,0,0,0,1
459.823166,23,2547.794248,0,0,1,0,0
-140.706355,5,2550.066373,1,0,0,0,0
-195.716437,9,2550.69157,0,0,1,0,0
-35.55228,4,2551.208355,0,0,1,0,0
1147.290008,41,2565.530077,0,0,1,0,0
328.873836,1,2566.108315,0,0,0,0,1
328.931002,1,2566.299901,0,0,0,0,1
328.800053,1,2566.488229,0,0,0,0,1
141.752841,14,2568.817317,0,0,1,0,0
245.232894,25,2581.469158,0,0,1,0,0
141.866259,14,2583.016258,0,0,1,0,0
-140.412019,5,2584.769333,1,0,0,0,0
337.778864,1,2584.965833,0,0,0,0,1
-147.736704,6,2587.76842,0,0,1,0,0
501.731734,27,2593.09251,0,0,1,0,0
742.34954,36,2598.642584,0,0,1,0,0
14.176499,9,2600.883572,0,0,1,0,0
263.777845,15,2608.083598,0,0,1,0,0
318.892258,19,2609.805065,0,0,1,0,0
-127.008401,3,2611.331268,0,0,1,0,0
591.187962,27,2622.671361,0,0,1,0,0
-10.964185,8,2624.439523,0,0,1,0,0
686.284145,32,2629.829981,0,0,1,0,0
337.800054,1,2629.964921,0,0,0,0,1
328.93954,1,2630.192751,0,0,0,0,1
-155.331684,6,2632.877203,0,0,1,0,0
604.146469,28,2638.180238,0,0,1,0,0
-124.499862,5,2639.755987,0,0,1,0,0
337.931002,1,2639.895982,0,0,0,0,1
-72.03449,7,2643.553984,0,0,1,0,0
262.125753,13,2646.292111,0,0,1,0,0
328.80893,1,2646.577271,0,0,0,0,1
328.846564,1,2646.89839,0,0,1,0,0
328.846564,1,2647.202381,0,0,1,0,0
326.706051,19,2648.938569,0,0,1,0,0
330.129458,1,2649.526931,0,0,1,0,0
328.82862,1,2649.675959,0,0,0,0,1
328.800053,1,2649.875932,0,0,0,0,1
233.153429,12,2660.533513,0,0,1,0,0
-132.922976,1,2662.022241,0,0,1,0,0
637.140457,28,2667.098092,1,0,0,0,0
-108.122235,2,2667.488466,0,0,1,0,0
328.93954,1,2667.692002,0,0,0,0,1
330.129458,1,2668.118912,0,0,1,0,0
328.881733,1,2668.468896,0,0,1,0,0
337.93954,1,2668.640591,0,0,0,0,1
328.968284,1,2674.344469,0,0,0,0,1
19.945961,9,2675.018305,0,0,1,0,0
-153.158144,3,2678.521615,0,0,1,0,0
631.693581,28,2682.917119,1,0,0,0,0
328.778864,1,2683.183818,0,0,0,0,1
328.931002,1,2683.448717,0,0,0,0,1
328.778864,1,2683.827873,0,0,0,0,1
905.029768,20,2685.476425,0,0,0,0,1
328.93954,1,2685.958557,0,0,0,0,1
-88.104773,2,2687.152759,0,0,1,0,0
202.504872,15,2689.560811,1,0,0,0,0
226.894431,15,2691.138093,0,0,1,0,0
1405.1203,56,2702.502216,0,0,1,0,0
328.863408,1,2702.634265,0,0,0,0,1
328.859287,1,2702.84505,1,0,0,0,0
287.304905,14,2705.835809,0,0,1,0,0
639.099187,30,2709.51485,0,0,1,0,0
63.1208,11,2711.504581,0,0,1,0,0
-126.999021,3,2713.017004,0,0,1,0,0
337.881732,1,2713.34679,0,0,1,0,0
328.846564,1,2713.627135,0,0,1,0,0
-132.738533,1,2714.02969,0,0,1,0,0
300.492701,14,2722.07105,0,0,1,0,0
192.723706,12,2724.401895,0,0,1,0,0
837.97607,33,2728.166491,0,0,1,0,0
337.968284,1,2728.345526,0,0,0,0,1
328.931002,1,2728.662632,0,0,0,0,1
328.800053,1,2728.885912,0,0,0,0,1
1101.55702,48,2741.588278,0,0,1,0,0
328.90969,1,2742.034328,0,0,1,0,0
337.881734,1,2742.427293,0,0,1,0,0
328.826743,1,2742.595592,0,0,0,0,1
328.93954,1,2742.800718,0,0,0,0,1
-59.89749,7,2746.108043,0,0,1,0,0
425.391843,24,2749.107217,0,0,1,0,0
-88.090623,2,2750.136249,0,0,1,0,0
226.156814,13,2752.774252,0,0,1,0,0
328.888918,1,2753.088415,0,0,1,0,0
328.90969,1,2753.531275,0,0,1,0,0
328.800053,1,2753.723187,0,0,0,0,1
328.93954,1,2753.933276,0,0,0,0,1
819.95002,30,2758.729853,0,0,1,0,0
933.071319,40,2762.730086,0,0,1,0,0
-38.482544,7,2763.885656,0,0,1,0,0
328.82862,1,2764.075927,0,0,0,0,1
543.930066,22,2766.994602,0,0,1,0,0
337.939539,1,2767.136705,0,0,0,0,1
328.831123,1,2767.347965,0,0,0,0,1
337.881733,1,2767.733585,0,0,1,0,0
327.810103,15,2770.927666,0,0,1,0,0
930.418652,50,2796.971051,0,0,1,0,0
328.93954,1,2797.116077,0,0,0,0,1
820.243231,35,2807.474103,0,0,1,0,0
328.881733,1,2807.914884,0,0,1,0,0
328.778864,1,2808.095599,0,0,0,0,1
-132.922976,1,2809.634124,0,0,1,0,0
321.129458,1,2809.996537,0,0,1,0,0
328.82862,1,2810.168186,0,0,0,0,1
337.931002,1,2810.38208,0,0,0,0,1
1546.12619,64,2819.412643,1,0,0,0,0
328.93954,1,2819.569974,0,0,0,0,1
328.991637,1,2819.987303,0,0,0,0,1
-38.538598,7,2821.159796,0,0,1,0,0
337.826743,1,2821.381092,0,0,0,0,1
328.871979,1,2821.665149,0,0,0,0,1
337.968284,1,2821.85485,0,0,0,0,1
142.184845,13,2823.957619,0,0,1,0,0
321.129458,1,2824.328929,0,0,1,0,0
172.80162,10,2832.663681,0,0,1,0,0
328.863408,1,2832.843649,0,0,0,0,1
-119.892853,6,2833.447581,0,0,1,0,0
161.260201,18,2836.199447,0,0,1,0,0
337.778863,1,2836.360518,0,0,0,0,1
328.93954,1,2836.580195,0,0,0,0,1
-154.137085,6,2839.033638,0,0,1,0,0
777.531042,35,2842.598368,0,0,1,0,0
328.778864,1,2842.790732,0,0,0,0,1
328.931002,1,2843.018569,0,0,0,0,1
352.203544,16,2847.114308,0,0,1,0,0
-140.999267,1,2849.295744,1,0,0,0,0
328.778864,1,2849.507413,0,0,0,0,1
337.800052,1,2849.716704,0,0,0,0,1
195.145232,13,3177.801823,0,0,1,0,0
337.939542,1,3177.963278,0,0,0,0,1
328.949625,1,3178.280695,0,0,0,0,1
328.938687,1,3178.628801,0,0,0,0,1
323.616432,18,3186.212281,0,0,1,0,0
328.846564,1,3186.538558,0,0,1,0,0
-133.419669,4,3189.091515,0,0,1,0,0
-200.885048,5,3189.655771,0,0,1,0,0
328.800053,1,3189.795259,0,0,0,0,1
781.469478,32,3196.626371,0,0,1,0,0
337.778864,1,3196.789598,0,0,0,0,1
328.859287,1,3197.013232,1,0,0,0,0
-207.188623,5,3198.57055,0,0,1,0,0
-132.738533,1,3198.942938,0,0,1,0,0
394.082938,26,3202.592369,0,0,1,0,0
1078.774926,50,3210.616601,0,0,1,0,0
183.898663,11,3211.581132,0,0,1,0,0
465.415777,23,3213.654837,0,0,1,0,0
328.826743,1,3213.831529,0,0,0,0,1
328.90969,1,3214.219137,0,0,1,0,0
-16.025988,6,3214.875275,0,0,1,0,0
33.071582,10,3217.355497,0,0,1,0,0
248.794422,14,3219.305125,0,0,1,0,0
312.312291,17,3227.940359,0,0,1,0,0
-115.362118,2,3228.191008,0,0,1,0,0
-79.09656,2,3229.145751,0,0,1,0,0
328.977288,1,3229.38355,0,0,0,0,1
328.931002,1,3229.659837,0,0,0,0,1
337.778864,1,3229.862315,0,0,0,0,1
972.311778,42,3233.210604,0,0,1,0,0
875.874005,37,3245.169242,0,0,1,0,0
65.100089,14,3247.353358,0,0,1,0,0
484.614228,22,3252.321052,0,0,1,0,0
-116.255754,5,3254.004022,0,0,1,0,0
328.778864,1,3254.157415,0,0,0,0,1
-197.044428,8,3254.76253,0,0,1,0,0
337.93954,1,3254.916586,0,0,0,0,1
328.938687,1,3255.388642,0,0,0,0,1
328.99729,1,3255.688153,0,0,0,0,1
328.931002,1,3255.934139,0,0,0,0,1
1066.891241,39,3260.801361,0,0,1,0,0
328.82862,1,3260.966663,0,0,0,0,1
881.249852,38,3268.126614,0,0,1,0,0
-16.398171,6,3268.789603,0,0,1,0,0
328.881733,1,3269.197368,0,0,1,0,0
592.607693,39,3274.508337,1,0,0,0,0
337.939541,1,3274.684386,0,0,0,0,1
328.800053,1,3274.903694,0,0,0,0,1
328.90969,1,3275.299062,0,0,1,0,0
-158.271072,4,3278.438386,0,0,1,0,0
626.005418,29,3289.51313,0,0,1,0,0
250.007521,17,3291.943096,0,0,1,0,0
337.800053,1,3292.154152,0,0,0,0,1
737.53045,13,3298.243224,0,0,0,0,1
703.251885,43,3303.678461,0,0,1,0,0
1279.259515,59,3310.607398,0,0,1,0,0
-188.33306,5,3311.927914,0,0,1,0,0
337.82862,1,3312.073077,0,0,0,0,1
328.863408,1,3312.446477,0,0,0,0,1
332.676917,18,3321.335564,0,0,1,0,0
402.41,33,3327.270375,0,0,1,0,0
271.328884,15,3328.737103,0,0,1,0,0
-133.498106,4,3331.290381,0,0,1,0,0
322.00904,20,3333.818058,0,0,1,0,0
552.733602,25,3339.408873,0,0,1,0,0
328.846564,1,3339.843078,0,0,1,0,0
97.575006,15,3342.196884,0,0,1,0,0
-115.011893,1,3342.528227,0,0,1,0,0
328.947109,1,3342.768987,0,0,0,0,1
328.93954,1,3342.955898,0,0,0,0,1
328.931002,1,3348.772292,0,0,0,0,1
75.595677,11,3350.027763,0,0,1,0,0
328.99729,1,3350.234361,0,0,0,0,1
328.846564,1,3350.588519,0,0,1,0,0
337.931001,1,3350.804352,0,0,0,0,1
390.965181,23,3353.108872,0,0,1,0,0
328.800053,1,3353.300806,0,0,0,0,1
328.99729,1,3353.668285,0,0,0,0,1
210.022492,27,3363.570509,0,0,1,0,0
337.881734,1,3363.890804,0,0,1,0,0
424.174015,19,3375.378073,0,0,1,0,0
328.800053,1,3375.586034,0,0,0,0,1
604.277116,27,3378.557372,0,0,1,0,0
328.920203,1,3379.153301,0,0,0,0,1
227.560359,14,3381.871874,0,0,1,0,0
328.931002,1,3382.047359,0,0,0,0,1
66.949944,14,3385.904622,0,0,1,0,0
976.34011,47,3390.94935,0,0,1,0,0
249.164494,18,3393.464814,0,0,1,0,0
321.129458,1,3394.014859,0,0,1,0,0
321.129458,1,3394.390398,0,0,1,0,0
75.490152,14,3396.508042,0,0,1,0,0
328.831123,1,3396.767035,0,0,0,0,1
383.776598,18,3406.196579,0,0,1,0,0
337.778866,1,3406.502747,0,0,0,0,1
290.778876,16,3410.128197,0,0,1,0,0
-152.409483,6,3413.084093,0,0,1,0,0
328.93954,1,3413.22706,0,0,0,0,1
573.493143,27,3415.903385,0,0,1,0,0
328.90969,1,3416.280932,0,0,1,0,0
328.99729,1,3416.474238,0,0,0,0,1
337.931001,1,3416.696633,0,0,0,0,1
830.499463,37,3422.345259,1,0,0,0,0
-76.559346,4,3422.859435,0,0,1,0,0
330.129458,1,3423.209152,0,0,1,0,0
328.778864,1,3423.385904,0,0,0,0,1
337.939541,1,3423.632764,0,0,0,0,1
328.846564,1,3423.971018,0,0,1,0,0
918.821798,41,3431.716421,0,0,1,0,0
337.82862,1,3431.935958,0,0,0,0,1
-16.77557,6,3432.600532,0,0,1,0,0
328.859287,1,3432.804374,1,0,0,0,0
256.457724,12,3442.983322,0,0,1,0,0
763.903257,35,3465.95639,0,0,1,0,0
328.846564,1,3466.316723,0,0,1,0,0
328.826743,1,3466.515874,0,0,0,0,1
730.568266,31,3472.216681,0,0,1,0,0
337.997289,1,3472.360506,0,0,0,0,1
-127.459239,3,3473.919129,0,0,1,0,0
337.931001,1,3479.610048,0,0,0,0,1
328.800053,1,3479.828356,0,0,0,0,1
75.629602,11,3481.181913,0,0,1,0,0
337.931001,1,3481.458962,0,0,0,0,1
1403.549461,66,3490.281278,0,0,1,0,0
337.968284,1,3490.557805,0,0,0,0,1
13.626241,9,3491.38635,0,0,1,0,0
42.059398,13,3493.286775,0,0,1,0,0
7.392279,9,3494.182194,0,0,1,0,0
624.078171,27,3498.047798,0,0,1,0,0
-126.999021,3,3499.642936,0,0,1,0,0
782.407423,35,3502.875972,0,0,1,0,0
328.800053,1,3503.076243,0,0,0,0,1
-126.388102,1,3503.376978,0,0,1,0,0
337.939539,1,3503.584989,0,0,0,0,1
127.494607,12,3511.841053,0,0,1,0,0
328.859287,1,3512.034773,1,0,0,0,0
408.007816,20,3520.496594,0,0,1,0,0
-202.915,8,3521.074133,0,0,1,0,0
-124.011808,1,3521.300536,0,0,1,0,0
321.129458,1,3521.682319,0,0,1,0,0
434.574312,21,3527.134592,0,0,1,0,0
328.826743,1,3527.334105,0,0,0,0,1
337.931001,1,3527.531075,0,0,0,0,1
328.931002,1,3527.724731,0,0,0,0,1
1.118181,9,3529.952099,0,0,1,0,0
363.085599,21,3532.205122,0,0,1,0,0
-124.087411,3,3534.796764,0,0,1,0,0
-115.335108,2,3535.091113,0,0,1,0,0
328.93954,1,3535.272785,0,0,0,0,1
337.99729,1,3535.500699,0,0,0,0,1
328.93954,1,3535.746456,0,0,0,0,1
-127.322494,3,3536.60249,1,0,0,0,0
328.93954,1,3536.75719,0,0,0,0,1
328.931002,1,3536.982051,0,0,0,0,1
-97.103247,2,3537.943598,0,0,1,0,0
328.99729,1,3538.088778,0,0,0,0,1
1204.48173,58,3544.14718,0,0,1,0,0
135.888743,14,3545.83004,0,0,1,0,0
-69.523627,7,3549.095846,0,0,1,0,0
328.99729,1,3549.262418,0,0,0,0,1
337.997289,1,3549.475056,0,0,0,0,1
337.85283,1,3549.733986,0,0,1,0,0
328.931002,1,3549.955048,0,0,0,0,1
328.99729,1,3550.14195,0,0,0,0,1
328.778864,1,3550.364695,0,0,0,0,1
337.997289,1,3550.544671,0,0,0,0,1
-137.680555,5,3551.847912,0,0,1,0,0
328.93954,1,3552.020506,0,0,0,0,1
328.800053,1,3552.255443,0,0,0,0,1
315.151632,16,3553.740188,0,0,1,0,0
87.534523,14,3555.5358,0,0,1,0,0
337.931002,1,3555.786506,0,0,0,0,1
337.931001,1,3555.969849,0,0,0,0,1
328.93954,1,3561.926883,0,0,0,0,1
321.129458,1,3562.378631,0,0,1,0,0
328.881733,1,3562.743356,0,0,1,0,0
328.931002,1,3562.912693,0,0,0,0,1
328.93954,1,3563.136399,0,0,0,0,1
320.804707,21,3565.161674,0,0,1,0,0
337.931,1,3565.383728,0,0,0,0,1
441.49802,18,3569.623253,0,0,1,0,0
658.599008,38,3575.076762,0,0,1,0,0
328.800053,1,3575.346528,0,0,0,0,1
337.991637,1,3575.87225,0,0,0,0,1
307.558085,18,3578.04797,0,0,1,0,0
-128.652091,4,3580.134571,0,0,1,0,0
337.778864,1,3580.29948,0,0,0,0,1
90.441854,12,3582.516423,0,0,1,0,0
328.99729,1,3582.725131,0,0,0,0,1
763.665292,33,3587.054714,0,0,1,0,0
328.881733,1,3587.384991,0,0,1,0,0
-126.999021,3,3588.833859,0,0,1,0,0
328.863408,1,3589.151819,0,0,0,0,1
934.851338,21,3590.767932,0,0,0,0,1
328.800053,1,3590.939066,0,0,0,0,1
328.873836,1,3591.228461,0,0,0,0,1
328.800053,1,3591.41809,0,0,0,0,1
7.083116,9,3593.204543,0,0,1,0,0
330.129458,1,3593.618144,0,0,1,0,0
-9.637108,8,3594.162627,0,0,1,0,0
328.93954,1,3594.352776,0,0,0,0,1
330.129458,1,3594.78899,0,0,1,0,0
337.931003,1,3594.949687,0,0,0,0,1
949.212519,21,3596.596404,0,0,0,0,1
337.997289,1,3596.763571,0,0,0,0,1
-140.234118,5,3598.506052,1,0,0,0,0
-119.203157,5,3605.768017,0,0,1,0,0
328.991637,1,3606.110758,0,0,0,0,1
198.304348,10,3610.38481,0,0,1,0,0
89.388819,8,3611.250601,0,0,1,0,0
328.881733,1,3611.604598,0,0,1,0,0
337.826742,1,3611.772468,0,0,0,0,1
337.888918,1,3611.956347,0,0,1,0,0
937.966633,32,3616.940321,0,0,1,0,0
-120.774081,6,3617.464056,0,0,1,0,0
328.90969,1,3617.846038,0,0,1,0,0
328.881733,1,3618.227701,0,0,1,0,0
328.826743,1,3618.395553,0,0,0,0,1
-132.738533,1,3618.800721,0,0,1,0,0
328.931002,1,3619.040185,0,0,0,0,1
206.453792,18,3621.264032,0,0,1,0,0
209.243684,24,3623.596139,0,0,1,0,0
538.928333,23,3626.472747,1,0,0,0,0
600.641754,23,3630.214299,0,0,1,0,0
-129.071402,1,3630.676235,0,0,1,0,0
328.859287,1,3630.965918,1,0,0,0,0
337.997291,1,3631.211111,0,0,0,0,1
328.82862,1,3631.473752,0,0,0,0,1
929.821501,42,3643.33155,0,0,1,0,0
-88.072844,2,3644.388712,0,0,1,0,0
328.93954,1,3644.540756,0,0,0,0,1
328.888918,1,3644.75767,0,0,1,0,0
1017.11779,55,3648.648436,0,0,1,0,0
377.555325,22,3650.719252,0,0,1,0,0
328.800053,1,3650.913419,0,0,0,0,1
284.14723,15,3652.773527,0,0,1,0,0
556.249075,26,3660.746588,0,0,1,0,0
337.93954,1,3660.990818,0,0,0,0,1
337.99729,1,3661.218306,0,0,0,0,1
631.022926,10,3662.55399,0,0,0,0,1
690.88404,40,3667.912846,0,0,1,0,0
-198.896259,5,3668.487137,0,0,1,0,0
633.793786,25,3679.441925,0,0,1,0,0
278.905484,15,3680.845701,0,0,1,0,0
65.100089,14,3682.868456,0,0,1,0,0
328.800053,1,3683.110338,0,0,0,0,1
-190.16359,5,3684.846652,0,0,1,0,0
328.778864,1,3685.010533,0,0,0,0,1
337.881733,1,3685.429033,0,0,1,0,0
867.808586,49,3690.350531,0,0,1,0,0
3.021325,9,3692.426974,0,0,1,0,0
497.891972,26,3695.528634,0,0,1,0,0
328.99729,1,3695.670743,0,0,0,0,1
337.86341,1,3695.883491,0,0,0,0,1
802.855153,36,3698.990758,0,0,1,0,0
1464.776354,66,3716.141665,0,0,1,0,0
328.859287,1,3716.320046,1,0,0,0,0
575.207955,24,3720.098436,0,0,1,0,0
337.99729,1,3720.360236,0,0,0,0,1
-124.492479,3,3722.697119,0,0,1,0,0
328.859287,1,3722.898151,1,0,0,0,0
321.129458,1,3723.333058,0,0,1,0,0
91.302132,12,3725.364457,0,0,1,0,0
329.737856,20,3727.545311,0,0,1,0,0
480.545749,20,3732.223726,0,0,1,0,0
-206.016408,5,3733.710865,0,0,1,0,0
328.800053,1,3733.851058,0,0,0,0,1
328.800053,1,3734.062395,0,0,0,0,1
328.881733,1,3734.461916,0,0,1,0,0
328.800053,1,3734.605737,0,0,0,0,1
328.931002,1,3734.797452,0,0,0,0,1
337.863408,1,3734.982965,0,0,0,0,1
-41.39929,7,3736.202234,0,0,1,0,0
-206.88863,5,3737.722421,0,0,1,0,0
337.997291,1,3737.859279,0,0,0,0,1
-35.823042,4,3738.455285,0,0,1,0,0
-137.624335,5,3739.680391,0,0,1,0,0
-108.122235,2,3739.938825,0,0,1,0,0
328.778864,1,3740.139671,0,0,0,0,1
336.236186,16,3743.621201,0,0,1,0,0
587.645065,27,3747.477454,1,0,0,0,0
-127.698225,3,3754.575612,0,0,1,0,0
328.931002,1,3754.714919,0,0,0,0,1
328.82862,1,3754.896216,0,0,0,0,1
328.863408,1,3755.102801,0,0,0,0,1
652.863157,40,3760.140024,0,0,1,0,0
-63.203817,7,3763.54865,0,0,1,0,0
-127.115868,3,3765.061211,0,0,1,0,0
328.800053,1,3765.201553,0,0,0,0,1
685.186473,30,3772.876095,0,0,1,0,0
1092.096986,44,3779.061249,0,0,1,0,0
337.863409,1,3779.280512,0,0,0,0,1
337.939541,1,3779.726057,0,0,0,0,1
495.302752,23,3837.667333,0,0,1,0,0
-124.011808,1,3837.906624,0,0,1,0,0
328.773494,1,3838.283506,0,0,1,0,0
328.99729,1,3838.438605,0,0,0,0,1
337.93954,1,3838.673695,0,0,0,0,1
328.80893,1,3838.888428,0,0,0,0,1
713.364887,31,3842.04315,1,0,0,0,0
328.859287,1,3842.20278,1,0,0,0,0
-108.122235,2,3842.504407,0,0,1,0,0
-158.226624,4,3845.602347,0,0,1,0,0
337.778865,1,3845.75088,0,0,0,0,1
-153.608163,3,3848.96273,0,0,1,0,0
328.99729,1,3849.113014,0,0,0,0,1
328.931002,1,3849.37602,0,0,0,0,1
321.129458,1,3849.810317,0,0,1,0,0
328.863408,1,3849.970096,0,0,0,0,1
337.931002,1,3850.197067,0,0,0,0,1
145.162322,10,3851.152765,1,0,0,0,0
328.859287,1,3851.392436,1,0,0,0,0
328.881733,1,3851.769751,0,0,1,0,0
69.751791,13,3853.342875,0,0,1,0,0
202.504872,15,3855.394851,1,0,0,0,0
328.99729,1,3855.584411,0,0,0,0,1
337.968284,1,3855.785423,0,0,0,0,1
616.770251,30,3858.169401,0,0,1,0,0
337.997289,1,3858.352877,0,0,0,0,1
328.93954,1,3858.587569,0,0,0,0,1
278.732554,14,3868.461415,0,0,1,0,0
667.01433,29,3871.501575,0,0,1,0,0
328.800053,1,3871.690074,0,0,0,0,1
726.382808,36,3876.00592,0,0,1,0,0
328.888918,1,3876.238219,0,0,1,0,0
337.826742,1,3876.490016,0,0,0,0,1
328.778864,1,3876.706399,0,0,0,0,1
328.947109,1,3876.999207,0,0,0,0,1
904.511849,38,3883.740681,0,0,1,0,0
328.863408,1,3883.989961,0,0,0,0,1
328.800053,1,3884.206239,0,0,0,0,1
669.15904,30,3906.101084,0,0,1,0,0
328.778864,1,3906.268729,0,0,0,0,1
372.3913,18,3909.683636,0,0,1,0,0
328.863408,1,3909.848762,0,0,0,0,1
690.094662,31,3912.429285,0,0,1,0,0
328.863408,1,3912.59605,0,0,0,0,1
1494.930059,60,3927.205967,0,0,1,0,0
-126.388508,1,3927.392918,0,0,1,0,0
328.852829,1,3927.61359,0,0,1,0,0
633.587755,10,3935.240399,0,0,0,0,1
800.496698,41,3940.325136,0,0,1,0,0
-154.748964,6,3949.825128,0,0,1,0,0
105.005752,12,3952.450493,0,0,1,0,0
328.931002,1,3952.642693,0,0,0,0,1
337.997289,1,3952.843903,0,0,0,0,1
-140.897522,5,3954.642867,1,0,0,0,0
337.99729,1,3954.823957,0,0,0,0,1
181.158856,11,3956.017811,1,0,0,0,0
337.778864,1,3956.252141,0,0,0,0,1
487.312728,22,3958.523576,1,0,0,0,0
41.050625,10,3960.476482,0,0,1,0,0
328.90969,1,3960.898764,0,0,1,0,0
328.800053,1,3961.102905,0,0,0,0,1
328.863408,1,3961.314835,0,0,0,0,1
-71.400079,7,3964.733543,0,0,1,0,0
321.129458,1,3965.130342,0,0,1,0,0
596.117376,32,3969.958512,0,0,1,0,0
465.857081,22,3971.716583,0,0,1,0,0
328.826743,1,3971.867636,0,0,0,0,1
469.183737,30,3975.185808,0,0,1,0,0
328.800053,1,3975.382922,0,0,0,0,1
551.083634,25,3977.693934,0,0,1,0,0
328.826743,1,3977.889661,0,0,0,0,1
328.826743,1,3978.224971,0,0,0,0,1
400.709522,24,3980.774065,1,0,0,0,0
328.859287,1,3980.907186,1,0,0,0,0
328.863408,1,3981.084634,0,0,0,0,1
994.840845,43,3993.854837,0,0,1,0,0
328.82862,1,3994.067607,0,0,0,0,1
328.931002,1,3994.297026,0,0,0,0,1
-126.38787,1,3994.551973,0,0,1,0,0
864.025838,37,4002.295492,0,0,1,0,0
328.778864,1,4002.502266,0,0,0,0,1
328.800053,1,4002.682083,0,0,0,0,1
328.93954,1,4002.88117,0,0,0,0,1
298.558445,17,4006.437253,0,0,1,0,0
-137.606449,5,4007.661628,0,0,1,0,0
328.800053,1,4007.819242,0,0,0,0,1
134.999816,10,4009.912586,0,0,1,0,0
-185.274734,5,4011.275568,0,0,1,0,0
328.82862,1,4011.417805,0,0,0,0,1
337.99729,1,4011.639952,0,0,0,0,1
34.879337,10,4014.160006,0,0,1,0,0
134.979942,17,4021.521883,0,0,1,0,0
328.859287,1,4021.70017,1,0,0,0,0
328.82862,1,4021.900719,0,0,0,0,1
328.99729,1,4022.109998,0,0,0,0,1
410.514388,22,4024.441297,1,0,0,0,0
328.968284,1,4024.619414,0,0,0,0,1
337.93954,1,4024.897215,0,0,0,0,1
328.800053,1,4025.130335,0,0,0,0,1
328.826743,1,4025.351466,0,0,0,0,1
515.079442,22,4026.97935,1,0,0,0,0
328.778864,1,4027.146688,0,0,0,0,1
328.859287,1,4027.368293,1,0,0,0,0
328.968284,1,4027.576399,0,0,0,0,1
337.800053,1,4027.837853,0,0,0,0,1
-132.757076,4,4030.310498,0,0,1,0,0
-124.011808,1,4030.566732,0,0,1,0,0
25.372146,9,4031.099239,0,0,1,0,0
328.888918,1,4031.252457,0,0,1,0,0
199.415826,11,4032.661916,0,0,1,0,0
554.543314,27,4042.003868,1,0,0,0,0
328.931002,1,4042.189662,0,0,0,0,1
328.99729,1,4042.390975,0,0,0,0,1
328.826743,1,4042.653092,0,0,0,0,1
328.826743,1,4042.871588,0,0,0,0,1
-88.125209,2,4043.883259,0,0,1,0,0
146.610614,14,4045.929538,0,0,1,0,0
166.597488,14,4047.814766,0,0,1,0,0
337.931002,1,4048.041876,0,0,0,0,1
205.862841,13,4372.721623,0,0,1,0,0
591.127878,27,4375.375876,0,0,1,0,0
337.888918,1,4375.571979,0,0,1,0,0
337.800053,1,4375.796722,0,0,0,0,1
328.859287,1,4376.011795,1,0,0,0,0
337.863407,1,4376.20431,0,0,0,0,1
328.99729,1,4376.41022,0,0,0,0,1
328.93954,1,4376.623815,0,0,0,0,1
1567.548808,66,4392.319782,0,0,1,0,0
328.938687,1,4392.600888,0,0,0,0,1
337.931002,1,4392.841276,0,0,0,0,1
143.852857,13,4394.892701,0,0,1,0,0
337.931001,1,4395.110588,0,0,0,0,1
495.55109,24,4397.814756,0,0,1,0,0
-127.099176,3,4398.740975,1,0,0,0,0
-141.24413,5,4400.44932,1,0,0,0,0
337.93954,1,4400.63097,0,0,0,0,1
328.778864,1,4400.942321,0,0,0,0,1
328.826743,1,4401.199741,0,0,0,0,1
507.377399,21,4405.551325,0,0,1,0,0
1015.127265,24,4407.269642,0,0,0,0,1
328.82862,1,4407.433035,0,0,0,0,1
337.778863,1,4407.660436,0,0,0,0,1
328.93954,1,4407.882444,0,0,0,0,1
537.944547,24,4411.978599,0,0,1,0,0
563.628652,21,4417.837189,0,0,1,0,0
1314.903609,57,4434.447323,1,0,0,0,0
328.82862,1,4434.658771,0,0,0,0,1
837.764987,37,4438.326439,0,0,1,0,0
337.881733,1,4438.723221,0,0,1,0,0
328.859287,1,4438.900842,1,0,0,0,0
328.920203,1,4439.342258,0,0,0,0,1
328.80893,1,4439.535377,0,0,0,0,1
-44.842087,4,4440.10882,0,0,1,0,0
328.931002,1,4440.257846,0,0,0,0,1
-154.752014,6,4442.732808,0,0,1,0,0
-10.56196,8,4443.326417,0,0,1,0,0
328.931002,1,4443.544961,0,0,0,0,1
8.515624,9,4445.255566,0,0,1,0,0
328.968284,1,4445.472923,0,0,0,0,1
-33.306873,7,4446.789963,0,0,1,0,0
417.376026,21,4448.586447,0,0,1,0,0
337.881734,1,4448.969229,0,0,1,0,0
65.158863,11,4450.853809,0,0,1,0,0
1297.521064,57,4458.975075,1,0,0,0,0
685.310086,31,4462.250216,0,0,1,0,0
328.931002,1,4462.422125,0,0,0,0,1
65.077104,11,4471.230289,0,0,1,0,0
685.300171,38,4476.299031,0,0,1,0,0
328.80893,1,4476.547913,0,0,0,0,1
328.931002,1,4476.789358,0,0,0,0,1
-190.512866,8,4477.486769,0,0,1,0,0
246.317846,17,4479.366441,0,0,1,0,0
1061.447097,50,4486.726012,0,0,1,0,0
-206.565173,5,4488.26298,0,0,1,0,0
337.82862,1,4488.406683,0,0,0,0,1
328.99729,1,4488.622313,0,0,0,0,1
328.931002,1,4488.862571,0,0,0,0,1
861.663868,46,4494.310414,0,0,1,0,0
328.826743,1,4494.53681,0,0,0,0,1
-99.119967,2,4494.837643,0,0,1,0,0
-132.922976,1,4496.32672,0,0,1,0,0
-190.951707,8,4496.957035,0,0,1,0,0
44.412227,10,4498.859163,0,0,1,0,0
1066.755278,42,4505.661479,0,0,1,0,0
328.931002,1,4505.815513,0,0,0,0,1
328.778864,1,4506.033336,0,0,0,0,1
187.370959,14,4514.442745,0,0,1,0,0
-141.0683,5,4516.201114,1,0,0,0,0
453.253271,21,4519.194834,1,0,0,0,0
577.276167,28,4524.514146,0,0,1,0,0
220.340452,11,4534.810817,0,0,1,0,0
328.881733,1,4535.17723,0,0,1,0,0
328.778864,1,4535.354452,0,0,0,0,1
68.632976,11,4537.251586,0,0,1,0,0
109.251798,8,4543.005652,0,0,1,0,0
328.881733,1,4543.388064,0,0,1,0,0
328.826743,1,4543.559577,0,0,0,0,1
1223.120059,58,4549.352371,0,0,1,0,0
337.888919,1,4549.498702,0,0,1,0,0
337.800053,1,4549.732461,0,0,0,0,1
-128.94059,4,4551.825551,0,0,1,0,0
328.826743,1,4551.954787,0,0,0,0,1
328.778864,1,4552.160744,0,0,0,0,1
328.82862,1,4552.374186,0,0,0,0,1
-120.103737,6,4552.995798,0,0,1,0,0
616.923227,33,4555.203196,1,0,0,0,0
328.909529,1,4555.339857,0,0,0,0,1
328.773494,1,4555.796745,0,0,1,0,0
337.826743,1,4555.958374,0,0,0,0,1
21.388789,9,4556.505352,0,0,1,0,0
558.75855,25,4560.101422,1,0,0,0,0
-127.035403,3,4561.723853,0,0,1,0,0
328.778864,1,4561.874768,0,0,0,0,1
337.931003,1,4562.063669,0,0,0,0,1
501.841779,21,4566.107713,1,0,0,0,0
328.778864,1,4566.318469,0,0,0,0,1
328.931002,1,4566.548019,0,0,0,0,1
-108.16604,2,4566.886525,1,0,0,0,0
5.982512,9,4568.606272,0,0,1,0,0
328.93954,1,4568.847908,0,0,0,0,1
328.800053,1,4569.061451,0,0,0,0,1
328.93954,1,4569.286059,0,0,0,0,1
1420.074198,58,4587.595791,0,0,1,0,0
328.800053,1,4587.793234,0,0,0,0,1
444.064646,23,4590.18715,1,0,0,0,0
337.778864,1,4590.38011,0,0,0,0,1
328.93954,1,4590.609313,0,0,0,0,1
-7.758943,8,4592.247446,0,0,1,0,0
328.863408,1,4592.490305,0,0,0,0,1
524.127513,25,4614.498102,1,0,0,0,0
328.826743,1,4614.654965,0,0,0,0,1
337.931002,1,4614.860492,0,0,0,0,1
328.80893,1,4615.042795,0,0,0,0,1
340.618891,16,4618.347862,1,0,0,0,0
165.757889,11,4620.61415,0,0,1,0,0
337.938687,1,4620.984839,0,0,0,0,1
328.778864,1,4621.222978,0,0,0,0,1
164.095084,11,4623.168614,0,0,1,0,0
-122.192254,6,4623.773316,0,0,1,0,0
337.826743,1,4623.920719,0,0,0,0,1
-190.063934,5,4625.322955,0,0,1,0,0
-11.045996,8,4626.130352,0,0,1,0,0
202.504872,15,4628.493912,1,0,0,0,0
337.778863,1,4628.709059,0,0,0,0,1
337.828619,1,4628.919603,0,0,0,0,1
412.960091,21,4639.636693,0,0,1,0,0
328.82862,1,4639.942033,0,0,0,0,1
328.931002,1,4640.208352,0,0,0,0,1
764.285423,14,4646.725564,0,0,0,0,1
337.931003,1,4646.940085,0,0,0,0,1
328.863408,1,4647.150691,0,0,0,0,1
61.552827,11,4649.269452,0,0,1,0,0
337.931002,1,4649.504447,0,0,0,0,1
-137.151433,5,4650.786783,0,0,1,0,0
328.846564,1,4651.049964,0,0,1,0,0
-72.130296,7,4654.415178,0,0,1,0,0
337.467276,22,4667.761041,0,0,1,0,0
328.82862,1,4667.960336,0,0,0,0,1
328.920203,1,4668.451802,0,0,0,0,1
337.931002,1,4668.702782,0,0,0,0,1
328.93954,1,4668.937576,0,0,0,0,1
328.831123,1,4669.201683,0,0,0,0,1
-72.03449,7,4672.556575,0,0,1,0,0
-140.999267,1,4674.825432,1,0,0,0,0
-126.387708,1,4675.074057,0,0,1,0,0
328.826743,1,4675.237801,0,0,0,0,1
328.93954,1,4675.437507,0,0,0,0,1
516.221296,23,4678.195828,0,0,1,0,0
328.931002,1,4678.363962,0,0,0,0,1
337.931002,1,4678.559239,0,0,0,0,1
328.93954,1,4678.764964,0,0,0,0,1
695.62692,32,4681.590934,0,0,1,0,0
328.826743,1,4681.75063,0,0,0,0,1
337.82862,1,4681.944303,0,0,0,0,1
631.04344,10,4683.189514,0,0,0,0,1
328.888918,1,4683.392249,0,0,1,0,0
190.635474,12,4684.345393,0,0,1,0,0
328.881733,1,4684.703013,0,0,1,0,0
-6.846413,8,4686.201641,0,0,1,0,0
642.015698,30,4698.578143,0,0,1,0,0
328.846564,1,4698.942129,0,0,1,0,0
386.781418,19,4701.660199,1,0,0,0,0
846.229132,36,4709.732913,0,0,1,0,0
4.735492,9,4711.869661,0,0,1,0,0
337.800053,1,4712.06082,0,0,0,0,1
328.863408,1,4712.278511,0,0,0,0,1
1115.749186,45,4723.170281,0,0,1,0,0
432.119003,22,4724.383702,0,0,1,0,0
66.16539,11,4726.336127,0,0,1,0,0
337.881735,1,4726.767919,0,0,1,0,0
553.624485,26,4732.012156,0,0,1,0,0
337.881733,1,4732.404477,0,0,1,0,0
328.881733,1,4732.764049,0,0,1,0,0
373.388182,17,4736.113348,1,0,0,0,0
582.314519,37,4739.240575,0,0,1,0,0
328.931002,1,4739.412553,0,0,0,0,1
-139.390946,5,4740.704135,0,0,1,0,0
328.90969,1,4741.051474,0,0,1,0,0
328.846564,1,4741.364013,0,0,1,0,0
63.996201,14,4750.157578,0,0,1,0,0
338.925571,17,4753.041213,0,0,1,0,0
-136.810891,5,4754.389432,0,0,1,0,0
328.778864,1,4754.549859,0,0,0,0,1
328.881733,1,4754.965088,0,0,1,0,0
644.908008,30,4760.786745,0,0,1,0,0
337.826743,1,4761.040157,0,0,0,0,1
36.051184,13,4762.974827,0,0,1,0,0
-124.011808,1,4763.291397,0,0,1,0,0
643.670122,36,4767.250648,0,0,1,0,0
328.931002,1,4767.447068,0,0,0,0,1
741.989659,45,4773.704185,1,0,0,0,0
53.919538,11,4776.259891,0,0,1,0,0
328.931002,1,4776.448607,0,0,0,0,1
179.178247,10,4784.705383,0,0,1,0,0
321.129458,1,4785.107812,0,0,1,0,0
328.93954,1,4785.283802,0,0,0,0,1
-136.07731,5,4786.597848,0,0,1,0,0
328.800053,1,4793.593463,0,0,0,0,1
-158.203726,4,4796.835847,0,0,1,0,0
337.863409,1,4796.972004,0,0,0,0,1
1168.560422,41,4803.624001,0,0,1,0,0
328.931002,1,4803.853049,0,0,0,0,1
953.050234,39,4811.550147,0,0,1,0,0
328.888918,1,4811.774128,0,0,1,0,0
328.800053,1,4812.018038,0,0,0,0,1
337.93954,1,4812.237108,0,0,0,0,1
328.931002,1,4812.466498,0,0,0,0,1
328.881733,1,4812.848159,0,0,1,0,0
328.859287,1,4813.001675,1,0,0,0,0
328.778864,1,4813.237241,0,0,0,0,1
11.509119,9,4814.124497,0,0,1,0,0
337.931003,1,4814.283743,0,0,0,0,1
916.322847,45,4821.080186,0,0,1,0,0
40.18967,10,4823.605113,0,0,1,0,0
328.90969,1,4824.024775,0,0,1,0,0
-190.551927,8,4824.554144,0,0,1,0,0
-139.314637,6,4826.777072,0,0,1,0,0
-153.555142,3,4829.907604,0,0,1,0,0
328.800053,1,4830.056105,0,0,0,0,1
337.968284,1,4830.273607,0,0,0,0,1
328.846564,1,4830.643156,0,0,1,0,0
-140.999267,1,4833.325077,1,0,0,0,0
337.90953,1,4833.569601,0,0,0,0,1
328.859287,1,4833.841616,1,0,0,0,0
777.342273,34,4836.895021,0,0,1,0,0
-212.889534,6,4838.433259,0,0,1,0,0
97.469315,11,4840.607291,0,0,1,0,0
279.499961,15,4857.817203,0,0,1,0,0
328.931002,1,4858.011926,0,0,0,0,1
400.016311,19,4861.171185,1,0,0,0,0
528.493944,26,4864.744973,0,0,1,0,0
-122.506057,7,4866.457222,0,0,1,0,0
24.673404,9,4866.965997,0,0,1,0,0
328.99729,1,4867.124495,0,0,0,0,1
337.82862,1,4867.360108,0,0,0,0,1
1095.18551,45,4873.671239,0,0,1,0,0
328.938687,1,4874.02786,0,0,0,0,1
167.531375,11,4876.250063,0,0,1,0,0
238.294871,13,4879.695681,0,0,1,0,0
328.99729,1,4879.840074,0,0,0,0,1
328.931002,1,4880.063105,0,0,0,0,1
328.931002,1,4880.271744,0,0,0,0,1
328.863408,1,4880.467018,0,0,0,0,1
-223.793572,12,4881.92448,0,0,1,0,0
455.298842,21,4885.002614,0,0,1,0,0
328.773494,1,4885.375583,0,0,1,0,0
328.90969,1,4885.751167,0,0,1,0,0
-124.011808,1,4886.036904,0,0,1,0,0
328.846564,1,4886.323718,0,0,1,0,0
470.586132,22,4888.570739,0,0,1,0,0
-137.969164,5,4890.280161,1,0,0,0,0
328.800053,1,4890.460094,0,0,0,0,1
392.413785,21,4899.531958,1,0,0,0,0
328.800053,1,4899.710373,0,0,0,0,1
1074.565534,44,4909.379717,0,0,1,0,0
-121.996059,6,4910.076812,0,0,1,0,0
912.620346,42,4915.934838,0,0,1,0,0
790.079819,31,4929.729017,0,0,1,0,0
531.986896,25,4951.776883,0,0,1,0,0
337.82862,1,4951.933065,0,0,0,0,1
337.826743,1,4952.16161,0,0,0,0,1
328.93954,1,4952.364595,0,0,0,0,1
-108.122235,2,4952.710489,0,0,1,0,0
93.363517,12,4954.577001,0,0,1,0,0
222.021747,13,4957.450085,0,0,1,0,0
337.778864,1,4957.620048,0,0,0,0,1
337.99729,1,4957.846554,0,0,0,0,1
305.080263,18,4959.529066,0,0,1,0,0
-108.122235,2,4959.869615,0,0,1,0,0
328.99729,1,4960.067344,0,0,0,0,1
337.826742,1,4960.318351,0,0,0,0,1
226.86934,13,4961.566079,0,0,1,0,0
328.968284,1,4961.741133,0,0,0,0,1
889.694346,38,4968.838094,0,0,1,0,0
328.920203,1,4969.230033,0,0,0,0,1
271.234288,18,4971.63567,0,0,1,0,0
328.846564,1,4972.016798,0,0,1,0,0
-67.57079,4,4972.530512,0,0,1,0,0
337.881733,1,4972.881297,0,0,1,0,0
-72.336129,7,4976.147059,0,0,1,0,0
216.328594,11,4979.980308,0,0,1,0,0
328.931002,1,4980.180544,0,0,0,0,1
1380.624477,53,4995.545568,0,0,1,0,0
337.800053,1,4995.75563,0,0,0,0,1
-132.738533,1,4996.162425,0,0,1,0,0
337.863408,1,4996.401354,0,0,0,0,1
-108.16604,2,4996.773863,1,0,0,0,0
328.99729,1,4997.003849,0,0,0,0,1
321.129458,1,4997.448481,0,0,1,0,0
1256.657156,51,5010.145919,1,0,0,0,0
337.93954,1,5010.324802,0,0,0,0,1
330.129458,1,5010.718454,0,0,1,0,0
-140.687554,5,5012.462323,1,0,0,0,0
328.800053,1,5012.647676,0,0,0,0,1
328.82862,1,5012.87513,0,0,0,0,1
838.621791,37,5019.066779,0,0,1,0,0
-8.931771,8,5019.71217,0,0,1,0,0
337.863407,1,5019.931525,0,0,0,0,1
706.048312,36,5026.068646,0,0,1,0,0
341.978012,17,5029.367975,0,0,1,0,0
-192.380731,8,5029.962929,0,0,1,0,0
328.800053,1,5030.100584,0,0,0,0,1
-12.843652,8,5032.167498,0,0,1,0,0
337.778864,1,5032.348911,0,0,0,0,1
328.945736,1,5032.669222,0,0,0,0,1
337.778866,1,5032.876455,0,0,0,0,1
337.931001,1,5033.085869,0,0,0,0,1
337.888919,1,5033.284735,0,0,1,0,0
-141.562057,5,5035.058463,1,0,0,0,0
328.800053,1,5035.233028,0,0,0,0,1
1085.829166,53,5050.303408,1,0,0,0,0
328.846564,1,5050.632414,0,0,1,0,0
337.99729,1,5050.824702,0,0,0,0,1
184.075988,14,5053.135763,0,0,1,0,0
328.93954,1,5053.381444,0,0,0,0,1
202.504872,15,5055.628719,1,0,0,0,0
337.931002,1,5055.816958,0,0,0,0,1
330.129458,1,5056.1854,0,0,1,0,0
328.82862,1,5056.361768,0,0,0,0,1
321.129458,1,5056.808954,0,0,1,0,0
337.800053,1,5056.971643,0,0,0,0,1
328.93954,1,5057.194849,0,0,0,0,1
-120.079384,1,5057.587289,0,0,1,0,0
533.025741,31,5065.382181,0,0,1,0,0
825.271096,43,5069.684388,0,0,1,0,0
328.93954,1,5069.896795,0,0,0,0,1
163.924034,15,5072.123704,0,0,1,0,0
386.544265,21,5074.184727,0,0,1,0,0
189.910361,11,5075.386209,0,0,1,0,0
337.931002,1,5075.625187,0,0,0,0,1
328.82862,1,5075.854137,0,0,0,0,1
439.502779,30,5078.088497,0,0,1,0,0
584.134499,27,5081.582981,0,0,1,0,0
-125.789826,5,5083.276753,0,0,1,0,0
844.99848,17,5091.745466,0,0,0,0,1
328.931002,1,5091.985131,0,0,0,0,1
328.826743,1,5092.215895,0,0,0,0,1
328.826743,1,5092.405123,0,0,0,0,1
337.931001,1,5092.629767,0,0,0,0,1
-129.071402,1,5092.952436,0,0,1,0,0
-123.735923,1,5093.40463,0,0,1,0,0
-127.110393,3,5094.345617,1,0,0,0,0
328.846564,1,5094.688444,0,0,1,0,0
242.561729,12,5103.56445,0,0,1,0,0
328.991637,1,5103.965691,0,0,0,0,1
165.586423,22,5106.086397,0,0,1,0,0
328.80893,1,5106.228266,0,0,0,0,1
67.946755,11,5108.219398,0,0,1,0,0
647.215403,27,5112.549948,0,0,1,0,0
-129.071402,1,5112.921641,0,0,1,0,0
761.135675,32,5117.293878,0,0,1,0,0
328.773494,1,5117.791461,0,0,1,0,0
777.910235,39,5122.87762,0,0,1,0,0
-126.999021,3,5124.454304,0,0,1,0,0
328.863408,1,5124.579671,0,0,0,0,1
328.876349,1,5124.878141,0,0,0,0,1
-154.879755,6,5127.355106,0,0,1,0,0
328.99729,1,5127.506108,0,0,0,0,1
288.714306,15,5128.796869,0,0,1,0,0
132.126145,13,5131.024976,0,0,1,0,0
118.31956,8,5133.899114,0,0,1,0,0
358.101299,19,5135.966922,0,0,1,0,0
126.254842,12,5145.355615,0,0,1,0,0
797.895155,35,5165.388207,0,0,1,0,0
215.719004,16,5167.138545,0,0,1,0,0
328.931002,1,5167.312615,0,0,0,0,1
337.931001,1,5167.498689,0,0,0,0,1
337.881734,1,5167.890003,0,0,1,0,0
337.826743,1,5168.082675,0,0,0,0,1
328.859287,1,5168.297788,1,0,0,0,0
328.863408,1,5168.512281,0,0,0,0,1
89.432195,12,5170.125523,0,0,1,0,0
694.240674,32,5176.960626,0,0,1,0,0
-127.112619,3,5177.833654,1,0,0,0,0
2.190959,9,5180.174833,0,0,1,0,0
-124.535612,5,5181.959319,0,0,1,0,0
-122.506057,7,5183.84728,0,0,1,0,0
1527.897037,71,5202.490423,0,0,1,0,0
355.429572,19,5206.157852,0,0,1,0,0
413.187659,21,5209.157629,0,0,1,0,0
-151.800564,7,5213.045572,0,0,1,0,0
508.849976,25,5216.334228,0,0,1,0,0
685.975827,30,5222.288556,0,0,1,0,0
328.931002,1,5222.54927,0,0,0,0,1
328.90969,1,5222.956974,0,0,1,0,0
328.909529,1,5223.166461,0,0,0,0,1
670.617823,30,5232.305052,0,0,1,0,0
640.231657,10,5233.657993,0,0,0,0,1
330.129458,1,5234.121405,0,0,1,0,0
337.931001,1,5234.328677,0,0,0,0,1
657.7809,43,5240.944912,0,0,1,0,0
254.583583,14,5243.95465,0,0,1,0,0
195.094855,13,5575.375962,0,0,1,0,0
13.626241,9,5576.156516,0,0,1,0,0
630.296923,28,5588.962805,0,0,1,0,0
403.694158,21,5594.037914,0,0,1,0,0
337.881733,1,5594.557099,0,0,1,0,0
-137.548535,5,5595.896663,0,0,1,0,0
337.99729,1,5596.063733,0,0,0,0,1
337.800052,1,5596.292549,0,0,0,0,1
328.82862,1,5596.523102,0,0,0,0,1
328.881733,1,5596.965165,0,0,1,0,0
321.129458,1,5597.368854,0,0,1,0,0
-193.521077,16,5599.756792,0,0,1,0,0
337.863407,1,5599.944176,0,0,0,0,1
238.569777,14,5602.112927,0,0,1,0,0
98.766738,14,5604.121988,0,0,1,0,0
146.299265,13,5606.411655,0,0,1,0,0
328.931002,1,5606.674443,0,0,0,0,1
-27.96891,4,5607.342341,0,0,1,0,0
328.93954,1,5607.559928,0,0,0,0,1
328.863408,1,5607.824632,0,0,0,0,1
328.99729,1,5608.093722,0,0,0,0,1
-147.312562,6,5611.764297,0,0,1,0,0
424.271768,21,5615.744524,0,0,1,0,0
328.931002,1,5615.967467,0,0,0,0,1
1523.684325,70,5712.990463,0,0,1,0,0
328.826743,1,5713.212753,0,0,0,0,1
337.826741,1,5713.495866,0,0,0,0,1
328.778864,1,5713.727495,0,0,0,0,1
328.800053,1,5714.001591,0,0,0,0,1
582.354991,26,5716.611608,0,0,1,0,0
328.778864,1,5716.816068,0,0,0,0,1
45.753292,10,5718.22914,0,0,1,0,0
1160.594031,50,5726.671806,0,0,1,0,0
328.859287,1,5726.926984,1,0,0,0,0
-108.16604,2,5727.374737,1,0,0,0,0
1153.242094,53,5731.132076,0,0,1,0,0
328.99729,1,5731.323129,0,0,0,0,1
337.991635,1,5731.831448,0,0,0,0,1
647.153134,28,5737.232759,0,0,1,0,0
543.046946,25,5741.106556,1,0,0,0,0
824.811798,37,5753.717651,0,0,1,0,0
122.55111,12,5755.935361,0,0,1,0,0
328.778864,1,5756.256766,0,0,0,0,1
328.90969,1,5756.720679,0,0,1,0,0
401.704678,28,5759.396869,0,0,1,0,0
1011.612142,44,5763.978597,0,0,1,0,0
452.133839,42,5769.986893,0,0,1,0,0
328.881733,1,5770.51425,0,0,1,0,0
632.05539,37,5777.086693,0,0,1,0,0
337.939541,1,5777.361141,0,0,0,0,1
328.778864,1,5777.654333,0,0,0,0,1
328.778864,1,5777.892861,0,0,0,0,1
529.474356,26,5780.311137,0,0,1,0,0
479.741243,26,5792.867183,0,0,1,0,0
1095.721158,54,5801.413226,0,0,1,0,0
328.859287,1,5801.675312,1,0,0,0,0
328.99729,1,5801.912544,0,0,0,0,1
337.997288,1,5802.148556,0,0,0,0,1
-99.121662,2,5802.504992,0,0,1,0,0
36.781689,10,5805.365607,0,0,1,0,0
139.273975,12,5807.471315,0,0,1,0,0
328.778864,1,5807.729767,0,0,0,0,1
337.939541,1,5807.984546,0,0,0,0,1
328.778864,1,5808.244248,0,0,0,0,1
-17.629602,8,5810.805565,0,0,1,0,0
328.93954,1,5811.092872,0,0,0,0,1
1099.720581,54,5817.391394,0,0,1,0,0
328.800053,1,5817.536165,0,0,0,0,1
202.504872,15,5820.055863,1,0,0,0,0
177.666742,14,5822.179083,0,0,1,0,0
328.931002,1,5822.415977,0,0,0,0,1
202.504872,15,5824.804704,1,0,0,0,0
328.931002,1,5825.041187,0,0,0,0,1
328.93954,1,5825.30645,0,0,0,0,1
673.992268,29,5839.097712,1,0,0,0,0
-115.362118,2,5839.558327,0,0,1,0,0
337.93954,1,5839.768387,0,0,0,0,1
328.831123,1,5840.018839,0,0,0,0,1
302.046805,19,5842.333529,0,0,1,0,0
269.438673,15,5845.357283,0,0,1,0,0
866.65147,38,5862.943334,0,0,1,0,0
238.084707,13,5865.749933,0,0,1,0,0
679.801241,30,5871.247254,0,0,1,0,0
50.635127,10,5872.853871,0,0,1,0,0
-16.398171,6,5873.54021,0,0,1,0,0
-132.738533,1,5874.068932,0,0,1,0,0
452.518236,23,5876.143019,0,0,1,0,0
337.826743,1,5876.32111,0,0,0,0,1
614.146252,24,5882.267389,0,0,1,0,0
642.484094,32,5886.334449,1,0,0,0,0
707.49121,39,5892.721084,0,0,1,0,0
328.800053,1,5892.951022,0,0,0,0,1
146.622597,9,5907.210978,0,0,1,0,0
328.863408,1,5907.414682,0,0,0,0,1
-123.736961,1,5907.889309,0,0,1,0,0
602.092038,28,5930.869406,0,0,1,0,0
539.317975,24,6260.178849,0,0,1,0,0
109.055584,8,6266.185667,0,0,1,0,0
328.93954,1,6266.383083,0,0,0,0,1
-153.512027,3,6269.720584,0,0,1,0,0
328.863408,1,6269.863645,0,0,0,0,1
84.977169,12,6271.937737,0,0,1,0,0
328.93954,1,6272.179866,0,0,0,0,1
-123.73983,1,6272.618294,0,0,1,0,0
328.881733,1,6273.058571,0,0,1,0,0
337.800054,1,6273.220812,0,0,0,0,1
-115.01174,1,6273.553984,0,0,1,0,0
337.828619,1,6273.729933,0,0,0,0,1
328.881733,1,6274.146197,0,0,1,0,0
337.778864,1,6274.343392,0,0,0,0,1
328.99729,1,6274.565999,0,0,0,0,1
328.778864,1,6274.80855,0,0,0,0,1
581.692514,27,6296.391861,0,0,1,0,0
202.504872,15,6298.611448,1,0,0,0,0
328.881733,1,6298.99522,0,0,1,0,0
337.931002,1,6299.183969,0,0,0,0,1
749.220755,33,6305.845494,0,0,1,0,0
328.93954,1,6306.088703,0,0,0,0,1
-126.996194,3,6306.928076,1,0,0,0,0
-205.212538,5,6308.44415,0,0,1,0,0
-198.820717,8,6308.939611,0,0,1,0,0
328.931002,1,6309.118906,0,0,0,0,1
65.100089,14,6311.246742,0,0,1,0,0
328.800053,1,6311.485319,0,0,0,0,1
328.888918,1,6311.656049,0,0,1,0,0
-9.285732,8,6313.328211,0,0,1,0,0
328.90969,1,6313.810693,0,0,1,0,0
314.237802,21,6323.050071,0,0,1,0,0
744.192486,38,6333.354954,0,0,1,0,0
328.90969,1,6333.734773,0,0,1,0,0
589.473165,33,6339.289391,0,0,1,0,0
-42.351171,7,6340.550832,0,0,1,0,0
328.90969,1,6340.9453,0,0,1,0,0
371.878104,17,6350.195329,0,0,1,0,0
746.92109,32,6357.343915,0,0,1,0,0
-148.473527,6,6359.943247,0,0,1,0,0
337.939542,1,6360.124786,0,0,0,0,1
-204.075189,5,6361.714151,0,0,1,0,0
640.823689,31,6365.299539,0,0,1,0,0
1120.028111,46,6368.920195,0,0,1,0,0
215.880889,17,6371.368723,0,0,1,0,0
282.607778,15,6373.992966,0,0,1,0,0
426.239466,29,6385.182302,1,0,0,0,0
328.826743,1,6385.457006,0,0,0,0,1
321.129458,1,6385.828767,0,0,1,0,0
328.931002,1,6386.003899,0,0,0,0,1
1936.885233,71,6396.063629,1,0,0,0,0
328.859287,1,6396.252821,1,0,0,0,0
1067.757951,45,6404.526406,0,0,1,0,0
691.39921,36,6407.381794,0,0,1,0,0
337.826743,1,6407.522354,0,0,0,0,1
337.968284,1,6407.736576,0,0,0,0,1
337.931002,1,6408.012764,0,0,0,0,1
-99.161293,2,6408.324792,0,0,1,0,0
337.800052,1,6408.519642,0,0,0,0,1
328.93954,1,6408.747515,0,0,0,0,1
328.859286,1,6409.018898,1,0,0,0,0
1.562904,9,6411.213897,0,0,1,0,0
-155.046834,6,6413.646803,0,0,1,0,0
328.93954,1,6413.792291,0,0,0,0,1
328.93954,1,6414.009714,0,0,0,0,1
513.345644,26,6416.783043,0,0,1,0,0
877.059433,38,6430.239238,0,0,1,0,0
622.896968,29,6432.658187,0,0,1,0,0
328.846564,1,6432.947969,0,0,1,0,0
524.486472,24,6436.12161,0,0,1,0,0
-122.506057,7,6437.85842,0,0,1,0,0
849.027847,34,6440.533517,0,0,1,0,0
1138.066171,48,6449.155786,0,0,1,0,0
-125.321838,5,6450.706556,0,0,1,0,0
330.129457,1,6451.082517,0,0,1,0,0
337.800051,1,6451.255403,0,0,0,0,1
65.100089,14,6453.340903,0,0,1,0,0
942.325018,40,6471.881557,1,0,0,0,0
-158.034737,4,6475.275927,0,0,1,0,0
726.752943,32,6483.470278,0,0,1,0,0
458.002744,22,6487.658392,0,0,1,0,0
639.518701,31,6489.66989,0,0,1,0,0
202.504872,15,6491.811568,1,0,0,0,0
337.826742,1,6492.022792,0,0,0,0,1
337.800052,1,6492.219641,0,0,0,0,1
328.826743,1,6492.447998,0,0,0,0,1
944.218493,42,6509.127474,0,0,1,0,0
328.852829,1,6509.340645,0,0,1,0,0
328.82862,1,6509.54789,0,0,0,0,1
328.99729,1,6509.784729,0,0,0,0,1
-196.962028,7,6510.3526,0,0,1,0,0
313.122844,15,6522.691678,0,0,1,0,0
-7.023033,8,6524.34599,0,0,1,0,0
-15.971301,8,6526.55132,0,0,1,0,0
-140.897522,5,6528.373267,1,0,0,0,0
328.99729,1,6528.55731,0,0,0,0,1
221.526644,14,6531.099629,0,0,1,0,0
406.648327,23,6533.529312,0,0,1,0,0
67.54252,11,6535.624368,0,0,1,0,0
-140.897522,5,6537.449302,1,0,0,0,0
345.862373,17,6540.661336,0,0,1,0,0
-6.846413,8,6542.302645,0,0,1,0,0
4.114752,9,6544.569668,0,0,1,0,0
-132.194592,4,6547.065972,0,0,1,0,0
328.863408,1,6547.235885,0,0,0,0,1
568.503431,26,6549.634488,0,0,1,0,0
778.376184,37,6572.273234,0,0,1,0,0
739.62086,29,6583.569403,0,0,1,0,0
-192.488338,5,6585.017321,0,0,1,0,0
-158.86362,4,6588.243552,0,0,1,0,0
793.559478,31,6593.468298,0,0,1,0,0
328.974653,1,6593.70681,0,0,0,0,1
526.296245,31,6596.843623,0,0,1,0,0
232.105852,14,6603.387489,0,0,1,0,0
236.137776,15,6605.341737,0,0,1,0,0
-36.882673,4,6605.951542,0,0,1,0,0
538.770962,25,6608.52272,0,0,1,0,0
328.938687,1,6608.826491,0,0,0,0,1
897.338379,39,6620.805881,0,0,1,0,0
337.997289,1,6620.950206,0,0,0,0,1
565.382989,25,6622.945023,0,0,1,0,0
-158.034737,4,6626.115915,0,0,1,0,0
442.328133,19,6628.858225,0,0,1,0,0
499.918064,23,6631.461171,0,0,1,0,0
337.778864,1,6631.671787,0,0,0,0,1
337.85283,1,6631.971298,0,0,1,0,0
-125.918615,6,6633.592832,0,0,1,0,0
-188.764995,5,6634.789205,0,0,1,0,0
321.129458,1,6635.123849,0,0,1,0,0
337.881733,1,6635.497511,0,0,1,0,0
337.778863,1,6635.689439,0,0,0,0,1
-126.996194,3,6636.538567,1,0,0,0,0
911.072185,37,6642.151163,0,0,1,0,0
328.873836,1,6642.429502,0,0,0,0,1
648.930007,38,6646.211539,0,0,1,0,0
651.772034,24,6651.91414,0,0,1,0,0
-0.641368,8,6652.443842,0,0,1,0,0
337.93954,1,6652.591516,0,0,0,0,1
328.93954,1,6652.883541,0,0,0,0,1
806.561841,36,6670.760654,0,0,1,0,0
328.931002,1,6670.895498,0,0,0,0,1
56.158642,11,6673.504271,0,0,1,0,0
37.548718,10,6676.135796,0,0,1,0,0
337.931,1,6676.399487,0,0,0,0,1
1647.375065,63,6689.821659,0,0,1,0,0
1045.559076,44,6696.259031,0,0,1,0,0
916.396918,44,6704.319091,0,0,1,0,0
329.909836,19,6706.166853,0,0,1,0,0
337.800053,1,6706.353746,0,0,0,0,1
328.881733,1,6706.759156,0,0,1,0,0
329.828776,16,6709.024997,0,0,1,0,0
6.211307,9,6711.284175,0,0,1,0,0
664.85372,27,6714.911494,0,0,1,0,0
328.778864,1,6715.078467,0,0,0,0,1
-151.800564,7,6718.443635,0,0,1,0,0
328.931002,1,6718.590518,0,0,0,0,1
330.129458,1,6719.005035,0,0,1,0,0
321.129458,1,6719.350609,0,0,1,0,0
504.162365,24,6721.236502,0,0,1,0,0
463.42816,23,6723.255826,0,0,1,0,0
328.778864,1,6723.437178,0,0,0,0,1
328.931002,1,6723.658014,0,0,0,0,1
297.411987,21,6725.911877,0,0,1,0,0
328.931002,1,6726.11206,0,0,0,0,1
328.99729,1,6726.299231,0,0,0,0,1
369.187114,17,6744.863442,0,0,1,0,0
363.219295,16,6754.066489,0,0,1,0,0
328.888918,1,6754.236996,0,0,1,0,0
765.014191,33,6759.969675,0,0,1,0,0
328.778864,1,6760.136357,0,0,0,0,1
328.99729,1,6760.358519,0,0,0,0,1
328.773494,1,6760.80672,0,0,1,0,0
328.800053,1,6760.98312,0,0,0,0,1
479.718075,23,6764.659827,0,0,1,0,0
328.863408,1,6764.804279,0,0,0,0,1
328.99729,1,6765.022532,0,0,0,0,1
-207.79313,5,6766.590804,0,0,1,0,0
-115.373662,2,6766.858916,0,0,1,0,0
328.881733,1,6767.239396,0,0,1,0,0
204.164777,14,6768.685367,0,0,1,0,0
297.991426,16,6775.942625,0,0,1,0,0
373.052968,29,6784.318436,0,0,1,0,0
493.805907,31,6788.03647,0,0,1,0,0
337.931002,1,6788.250914,0,0,0,0,1
135.28138,16,6790.565547,0,0,1,0,0
-116.216369,5,6792.230878,0,0,1,0,0
713.987361,31,6794.594218,0,0,1,0,0
-125.805349,5,6796.364852,0,0,1,0,0
826.099133,29,6801.818428,1,0,0,0,0
328.881733,1,6802.193268,0,0,1,0,0
328.873889,1,6802.508427,0,0,0,0,1
586.989287,28,6804.742078,0,0,1,0,0
629.932815,32,6817.476405,0,0,1,0,0
1066.200961,47,6824.019568,0,0,1,0,0
337.778864,1,6824.174097,0,0,0,0,1
362.275109,17,6833.320326,0,0,1,0,0
337.909528,1,6833.475603,0,0,0,0,1
202.504872,15,6835.74737,1,0,0,0,0
328.991637,1,6836.150051,0,0,0,0,1
125.322642,13,6838.076869,0,0,1,0,0
895.020969,39,6841.557015,0,0,1,0,0
328.931002,1,6841.734581,0,0,0,0,1
515.612271,25,6846.488162,0,0,1,0,0
556.715724,25,6850.258173,0,0,1,0,0
328.968284,1,6850.468922,0,0,0,0,1
328.826743,1,6850.740176,0,0,0,0,1
-132.922976,1,6852.244581,0,0,1,0,0
835.055842,33,6857.3607,0,0,1,0,0
570.141052,34,6860.932867,0,0,1,0,0
15.143269,9,6861.62051,0,0,1,0,0
1265.154143,33,6864.1045,0,0,0,0,1
328.99729,1,6864.267166,0,0,0,0,1
260.309643,13,6872.933455,0,0,1,0,0
903.791685,48,6887.040992,0,0,1,0,0
-199.036502,9,6887.867419,0,0,1,0,0
-126.983994,3,6889.391959,0,0,1,0,0
328.800053,1,6889.527785,0,0,0,0,1
160.529485,10,6891.059206,0,0,1,0,0
666.45316,11,6892.302618,0,0,0,0,1
98.19506,11,6894.000189,0,0,1,0,0
-26.898875,4,6894.702217,0,0,1,0,0
91.913841,12,6897.321602,0,0,1,0,0
675.155662,29,6899.751916,0,0,1,0,0
-132.912447,1,6901.347765,0,0,1,0,0
1073.734969,47,6907.877683,0,0,1,0,0
328.931002,1,6908.072057,0,0,0,0,1
328.93954,1,6908.30613,0,0,0,0,1
328.90969,1,6908.734456,0,0,1,0,0
337.93954,1,6908.951992,0,0,0,0,1
580.912502,27,6913.043648,1,0,0,0,0
337.93954,1,6913.308474,0,0,0,0,1
127.448937,12,6915.53192,0,0,1,0,0
337.888918,1,6915.817559,0,0,1,0,0
-129.41011,4,6918.379408,0,0,1,0,0
-126.996194,3,6926.073055,1,0,0,0,0
328.831123,1,6926.223805,0,0,0,0,1
337.778864,1,6926.456195,0,0,0,0,1
-188.856066,9,6927.193325,0,0,1,0,0
-11.871555,8,6928.909997,0,0,1,0,0
598.731011,34,6934.71158,0,0,1,0,0
921.912778,44,6942.520909,1,0,0,0,0
328.90969,1,6942.985928,0,0,1,0,0
151.953766,10,6944.249151,0,0,1,0,0
328.859287,1,6944.416815,1,0,0,0,0
582.956916,24,6946.490998,0,0,1,0,0
328.863408,1,6946.658074,0,0,0,0,1
112.201691,12,6948.960925,0,0,1,0,0
1620.30147,68,6961.02231,0,0,1,0,0
337.931001,1,6961.257446,0,0,0,0,1
493.479879,25,6972.33615,0,0,1,0,0
554.719503,27,6977.723637,0,0,1,0,0
-208.314078,5,6979.304834,0,0,1,0,0
328.931002,1,6979.459141,0,0,0,0,1
285.711396,14,6981.611103,0,0,1,0,0
330.833641,17,6984.782898,0,0,1,0,0
328.881733,1,6985.218426,0,0,1,0,0
328.920203,1,6985.606641,0,0,0,0,1
328.881733,1,6985.978321,0,0,1,0,0
1139.115826,48,6993.33279,0,0,1,0,0
11.825707,9,6994.20333,0,0,1,0,0
-88.115352,2,6995.216046,0,0,1,0,0
328.859288,1,6995.379753,1,0,0,0,0
328.920203,1,6995.785926,0,0,0,0,1
763.787222,35,6999.305315,0,0,1,0,0
328.826743,1,6999.505464,0,0,0,0,1
279.903575,13,7003.554991,0,0,1,0,0
14.991878,9,7004.217858,0,0,1,0,0
328.82862,1,7004.439592,0,0,0,0,1
328.90969,1,7004.910555,0,0,1,0,0
-200.289502,5,7013.030805,0,0,1,0,0
-158.820744,4,7016.231698,0,0,1,0,0
328.881733,1,7016.566844,0,0,1,0,0
337.997291,1,7016.743199,0,0,0,0,1
216.471186,13,7020.105245,0,0,1,0,0
328.859286,1,7020.269961,1,0,0,0,0
-131.682315,4,7023.104673,0,0,1,0,0
944.799295,40,7049.908586,0,0,1,0,0
328.93954,1,7050.111034,0,0,0,0,1
337.931001,1,7050.356559,0,0,0,0,1
167.436151,15,7052.844509,0,0,1,0,0
245.40521,18,7055.169918,0,0,1,0,0
328.826743,1,7055.347934,0,0,0,0,1
328.846564,1,7055.669852,0,0,1,0,0
-132.935689,1,7057.192756,0,0,1,0,0
328.931002,1,7057.334813,0,0,0,0,1
328.888918,1,7057.539316,0,0,1,0,0
328.90969,1,7057.98748,0,0,1,0,0
68.318238,11,7060.268893,0,0,1,0,0
328.881733,1,7060.758916,0,0,1,0,0
328.863408,1,7060.930222,0,0,0,0,1
423.660367,18,7065.380773,0,0,1,0,0
252.143081,15,7066.787988,0,0,1,0,0
328.99729,1,7066.956782,0,0,0,0,1
-4.813623,8,7068.596234,0,0,1,0,0
321.129458,1,7069.057614,0,0,1,0,0
328.90969,1,7069.409373,0,0,1,0,0
687.695466,32,7091.22908,0,0,1,0,0
328.778864,1,7091.3926,0,0,0,0,1
337.826743,1,7091.63805,0,0,0,0,1
328.881733,1,7092.014867,0,0,1,0,0
328.778864,1,7092.177135,0,0,0,0,1
328.888918,1,7092.394763,0,0,1,0,0
321.129458,1,7092.794121,0,0,1,0,0
337.888917,1,7092.955761,0,0,1,0,0
118.534651,9,7093.844538,1,0,0,0,0
626.059678,25,7111.904202,0,0,1,0,0
394.37399,18,7114.192167,0,0,1,0,0
328.931002,1,7114.330147,0,0,0,0,1
670.752839,30,7116.626991,0,0,1,0,0
330.129458,1,7116.981956,0,0,1,0,0
736.170934,13,7122.928612,0,0,0,0,1
337.881734,1,7123.334673,0,0,1,0,0
-132.922976,1,7124.802587,0,0,1,0,0
-132.922976,1,7126.264979,0,0,1,0,0
328.881733,1,7126.5773,0,0,1,0,0
-97.103247,2,7127.529019,0,0,1,0,0
328.93954,1,7127.682917,0,0,0,0,1
328.82862,1,7127.91139,0,0,0,0,1
624.678842,31,7138.758224,0,0,1,0,0
95.697229,12,7140.650704,0,0,1,0,0
337.93954,1,7140.859064,0,0,0,0,1
328.778864,1,7141.092479,0,0,0,0,1
328.82862,1,7141.311135,0,0,0,0,1
328.938687,1,7141.692029,0,0,0,0,1
328.863408,1,7141.927466,0,0,0,0,1
328.859287,1,7142.157993,1,0,0,0,0
328.931002,1,7142.382344,0,0,0,0,1
-126.999021,3,7143.936003,0,0,1,0,0
17.051856,9,7144.640856,0,0,1,0,0
-123.629854,6,7145.227325,0,0,1,0,0
337.888918,1,7145.381462,0,0,1,0,0
328.800053,1,7145.613135,0,0,0,0,1
328.99729,1,7145.873545,0,0,0,0,1
-228.672411,13,7147.271918,0,0,1,0,0
533.979485,24,7149.990532,0,0,1,0,0
733.369429,40,7155.135996,0,0,1,0,0
328.859287,1,7155.284295,1,0,0,0,0
223.881865,13,7157.837429,0,0,1,0,0
822.540924,36,7162.021583,0,0,1,0,0
328.778864,1,7162.194704,0,0,0,0,1
-127.353646,3,7163.071795,1,0,0,0,0
-108.122235,2,7163.34174,0,0,1,0,0
337.888918,1,7163.535754,0,0,1,0,0
328.99729,1,7163.779965,0,0,0,0,1
-12.908202,8,7164.50178,0,0,1,0,0
328.82862,1,7164.663888,0,0,0,0,1
670.379589,31,7167.216013,0,0,1,0,0
-140.999267,1,7169.370709,1,0,0,0,0
-158.362462,4,7172.527838,0,0,1,0,0
202.504872,15,7174.712989,1,0,0,0,0
89.163859,8,7175.614061,0,0,1,0,0
1288.741182,50,7223.868161,0,0,1,0,0
733.033196,36,7232.375895,0,0,1,0,0
-138.508256,5,7233.7763,0,0,1,0,0
328.778864,1,7233.949234,0,0,0,0,1
549.030955,30,7236.341907,1,0,0,0,0
328.888918,1,7236.617933,0,0,1,0,0
328.800053,1,7236.905777,0,0,0,0,1
-41.422247,7,7238.330842,0,0,1,0,0
887.338657,37,7242.414928,0,0,1,0,0
656.381828,33,7244.518367,0,0,1,0,0
71.697079,11,7246.206733,0,0,1,0,0
337.800052,1,7246.384892,0,0,0,0,1
1048.400871,48,7261.548094,1,0,0,0,0
328.920203,1,7262.018226,0,0,0,0,1
945.640487,42,7265.616014,0,0,1,0,0
164.329,13,7268.010148,0,0,1,0,0
-148.296399,6,7270.578028,0,0,1,0,0
-185.800535,5,7271.829414,0,0,1,0,0
-27.665738,4,7272.337997,0,0,1,0,0
-199.603445,5,7272.831028,0,0,1,0,0
587.006422,24,7277.333384,0,0,1,0,0
-127.009995,3,7278.190413,1,0,0,0,0
790.262137,35,7286.626637,0,0,1,0,0
337.939541,1,7286.936511,0,0,0,0,1
337.881733,1,7287.378398,0,0,1,0,0
1.100582,9,7296.531051,0,0,1,0,0
624.445723,25,7300.472154,0,0,1,0,0
349.936198,17,7303.156852,0,0,1,0,0
328.947109,1,7303.416157,0,0,0,0,1
-199.603445,5,7303.969324,0,0,1,0,0
95.880298,12,7306.678932,0,0,1,0,0
328.826743,1,7306.899873,0,0,0,0,1
337.93954,1,7307.101926,0,0,0,0,1
139.080934,13,7309.270244,0,0,1,0,0
548.650222,30,7312.94782,0,0,1,0,0
456.528724,24,7315.187051,0,0,1,0,0
442.869168,22,7319.222821,0,0,1,0,0
33.337563,10,7321.816842,0,0,1,0,0
328.947109,1,7322.090645,0,0,0,0,1
328.778864,1,7322.30242,0,0,0,0,1
85.321651,15,7324.010435,0,0,1,0,0
328.778864,1,7324.22588,0,0,0,0,1
328.888918,1,7324.455111,0,0,1,0,0
337.881734,1,7324.871626,0,0,1,0,0
337.939541,1,7325.048521,0,0,0,0,1
328.881733,1,7325.447811,0,0,1,0,0
328.93954,1,7325.620292,0,0,0,0,1
-126.99319,3,7327.203958,0,0,1,0,0
-140.998716,1,7329.399245,1,0,0,0,0
697.591737,32,7342.888626,0,0,1,0,0
328.888918,1,7343.210881,0,0,1,0,0
349.48304,22,7345.648413,0,0,1,0,0
95.787762,12,7347.779772,0,0,1,0,0
337.931,1,7348.051304,0,0,0,0,1
328.93954,1,7348.282237,0,0,0,0,1
337.931002,1,7348.52211,0,0,0,0,1
-154.15391,6,7350.956557,0,0,1,0,0
328.931002,1,7351.128807,0,0,0,0,1
328.931002,1,7351.334915,0,0,0,0,1
328.800053,1,7351.519782,0,0,0,0,1
328.800053,1,7351.701445,0,0,0,0,1
328.90969,1,7352.116296,0,0,1,0,0
337.800052,1,7352.307391,0,0,0,0,1
328.99729,1,7352.535358,0,0,0,0,1
345.42531,17,7355.96947,0,0,1,0,0
15.316036,9,7356.700606,0,0,1,0,0
914.098075,33,7361.301689,0,0,1,0,0
202.504872,15,7363.471987,1,0,0,0,0
145.656184,10,7366.440202,0,0,1,0,0
328.881733,1,7366.964042,0,0,1,0,0
636.365842,36,7371.847305,1,0,0,0,0
123.08711,12,7373.816032,0,0,1,0,0
905.043929,37,7376.896127,0,0,1,0,0
-158.034737,4,7380.017748,0,0,1,0,0
328.93954,1,7387.223573,0,0,0,0,1
-139.203554,5,7389.042706,1,0,0,0,0
907.577845,48,7394.013755,0,0,1,0,0
381.787584,18,7403.120547,0,0,1,0,0
104.075009,12,7405.44724,0,0,1,0,0
7.017314,9,7407.245759,0,0,1,0,0
328.82862,1,7407.465396,0,0,0,0,1
328.99729,1,7407.676932,0,0,0,0,1
52.73018,10,7408.880459,0,0,1,0,0
330.129458,1,7409.211707,0,0,1,0,0
654.055069,30,7414.935232,0,0,1,0,0
328.863408,1,7415.162694,0,0,0,0,1
620.482492,27,7418.069175,0,0,1,0,0
415.871841,28,7421.609288,0,0,1,0,0
59.829383,14,7423.579552,0,0,1,0,0
93.79577,12,7425.478676,0,0,1,0,0
414.701791,17,7428.730485,0,0,1,0,0
328.846564,1,7428.987686,0,0,1,0,0
193.032183,13,7435.931041,0,0,1,0,0
118.689213,12,7437.745329,0,0,1,0,0
328.968284,1,7437.99104,0,0,0,0,1
-124.787914,5,7439.6314,0,0,1,0,0
328.909529,1,7439.774313,0,0,0,0,1
-27.91151,4,7440.407372,0,0,1,0,0
732.894925,38,7451.698918,1,0,0,0,0
328.93954,1,7451.945124,0,0,0,0,1
337.931002,1,7452.17527,0,0,0,0,1
328.931002,1,7452.378597,0,0,0,0,1
328.778864,1,7452.627256,0,0,0,0,1
328.991637,1,7453.065645,0,0,0,0,1
4.771929,9,7454.900657,0,0,1,0,0
328.93954,1,7455.138038,0,0,0,0,1
219.05607,11,7461.073479,0,0,1,0,0
328.93954,1,7461.303657,0,0,0,0,1
622.259795,10,7462.545688,0,0,0,0,1
328.888918,1,7462.756696,0,0,1,0,0
1028.484349,37,7477.897277,0,0,1,0,0
328.778864,1,7478.071563,0,0,0,0,1
585.99693,27,7480.703573,0,0,1,0,0
-124.087411,3,7482.897316,0,0,1,0,0
328.800053,1,7483.070012,0,0,0,0,1
84.755181,12,7484.86451,0,0,1,0,0
328.99729,1,7485.056868,0,0,0,0,1
12.275998,9,7485.842534,0,0,1,0,0
337.881733,1,7486.209925,0,0,1,0,0
289.714779,14,7488.289867,0,0,1,0,0
60.951387,13,7490.255284,0,0,1,0,0
757.199973,38,7498.218384,0,0,1,0,0
578.068753,26,7500.885526,0,0,1,0,0
4.269089,9,7503.221253,0,0,1,0,0
289.767393,16,7510.507909,0,0,1,0,0
328.800053,1,7510.656222,0,0,0,0,1
337.939541,1,7510.87773,0,0,0,0,1
337.800053,1,7511.086731,0,0,0,0,1
-126.737349,3,7511.931548,1,0,0,0,0
328.99729,1,7512.090833,0,0,0,0,1
915.410659,43,7525.517827,0,0,1,0,0
-26.658209,4,7526.098732,0,0,1,0,0
1528.244923,62,7535.030763,0,0,1,0,0
202.234297,22,7537.25142,0,0,1,0,0
337.778864,1,7537.548792,0,0,0,0,1
99.05168,12,7539.814581,0,0,1,0,0
328.99729,1,7540.004867,0,0,0,0,1
328.93954,1,7540.224903,0,0,0,0,1
86.777725,12,7542.312965,0,0,1,0,0
328.826743,1,7542.545398,0,0,0,0,1
328.93954,1,7542.741138,0,0,0,0,1
328.873836,1,7543.039709,0,0,0,0,1
596.909733,29,7546.03562,0,0,1,0,0
525.901275,26,7550.110563,1,0,0,0,0
328.888918,1,7550.311028,0,0,1,0,0
795.934378,36,7553.87677,0,0,1,0,0
-158.034737,4,7557.273618,0,0,1,0,0
321.129458,1,7557.681487,0,0,1,0,0
556.035658,34,7569.005045,1,0,0,0,0
337.826743,1,7569.266199,0,0,0,0,1
337.881733,1,7569.656897,0,0,1,0,0
444.47516,21,7573.037761,0,0,1,0,0
330.129458,1,7573.434684,0,0,1,0,0
-140.995617,1,7575.760044,1,0,0,0,0
337.93954,1,7575.95219,0,0,0,0,1
261.781817,18,7577.816181,0,0,1,0,0
328.846564,1,7578.145665,0,0,1,0,0
102.931883,9,7579.951153,0,0,1,0,0
328.859287,1,7580.183974,1,0,0,0,0
328.826743,1,7580.375179,0,0,0,0,1
127.698605,9,7582.410533,0,0,1,0,0
553.786421,30,7592.837108,0,0,1,0,0
729.918757,35,7597.544882,0,0,1,0,0
974.606198,47,7610.30447,0,0,1,0,0
824.751006,38,7632.621435,0,0,1,0,0
639.674763,10,7633.780207,0,0,0,0,1
337.778863,1,7634.016984,0,0,0,0,1
84.977169,12,7635.992413,0,0,1,0,0
328.859287,1,7636.210624,1,0,0,0,0
328.859287,1,7636.421855,1,0,0,0,0
155.152158,11,7638.94765,1,0,0,0,0
353.70265,21,7641.362334,0,0,1,0,0
731.181947,28,7645.898782,0,0,1,0,0
544.631883,24,7647.903271,0,0,1,0,0
328.93954,1,7648.134563,0,0,0,0,1
328.859287,1,7648.432145,1,0,0,0,0
1187.907124,50,7655.150275,0,0,1,0,0
328.909529,1,7655.310003,0,0,0,0,1
337.931003,1,7655.528097,0,0,0,0,1
733.807197,34,7658.881049,0,0,1,0,0
-14.041804,8,7660.992013,0,0,1,0,0
174.586072,14,7663.068804,0,0,1,0,0
-197.423017,8,7663.660138,0,0,1,0,0
90.955143,11,7665.870719,0,0,1,0,0
328.99729,1,7666.041217,0,0,0,0,1
366.225073,26,7669.263704,0,0,1,0,0
328.82862,1,7669.468654,0,0,0,0,1
-124.333872,6,7670.127316,0,0,1,0,0
328.931002,1,7670.277362,0,0,0,0,1
337.778864,1,7670.503275,0,0,0,0,1
-5.644407,8,7679.195535,0,0,1,0,0
111.026937,13,7680.253253,0,0,1,0,0
328.888918,1,7680.418566,0,0,1,0,0
-141.030768,1,7683.220478,1,0,0,0,0
552.592097,31,7687.24756,0,0,1,0,0
1373.110626,61,7696.525657,1,0,0,0,0
328.938687,1,7696.882869,0,0,0,0,1
-205.813865,5,7698.446755,0,0,1,0,0
-140.752117,5,7700.196501,1,0,0,0,0
328.778864,1,7700.394888,0,0,0,0,1
328.846564,1,7700.751447,0,0,1,0,0
328.931002,1,7700.951937,0,0,0,0,1
328.859287,1,7701.161728,1,0,0,0,0
328.881733,1,7701.585883,0,0,1,0,0
337.828619,1,7701.745344,0,0,0,0,1
901.245137,72,7719.161299,0,0,1,0,0
305.125417,20,7721.530438,0,0,1,0,0
-122.506057,7,7723.281997,0,0,1,0,0
-58.513129,4,7723.81735,0,0,1,0,0
255.764924,13,7730.957976,0,0,1,0,0
-79.078771,2,7731.942155,0,0,1,0,0
-36.086437,4,7732.536106,0,0,1,0,0
449.820446,22,7753.767858,0,0,1,0,0
-123.269529,3,7756.297746,0,0,1,0,0
-123.88452,3,7758.705635,0,0,1,0,0
1136.243479,48,7766.865284,1,0,0,0,0
337.93954,1,7767.177419,0,0,0,0,1
-108.31725,2,7767.588097,1,0,0,0,0
337.93954,1,7767.834461,0,0,0,0,1
328.881733,1,7768.267296,0,0,1,0,0
688.005063,33,7772.232995,0,0,1,0,0
-122.506057,7,7773.883361,0,0,1,0,0
328.99729,1,7774.022814,0,0,0,0,1
328.778864,1,7774.258644,0,0,0,0,1
328.800053,1,7774.476868,0,0,0,0,1
641.17584,28,7788.339597,0,0,1,0,0
87.011834,14,7790.283013,0,0,1,0,0
1022.856015,45,7797.424672,0,0,1,0,0
-28.295073,4,7798.055062,0,0,1,0,0
102.137634,12,7800.180988,0,0,1,0,0
793.737811,37,7804.129079,0,0,1,0,0
328.800053,1,7804.305516,0,0,0,0,1
337.938686,1,7804.671247,0,0,0,0,1
896.370389,41,7808.816902,0,0,1,0,0
-154.561185,6,7811.247485,0,0,1,0,0
-206.565173,5,7812.816141,0,0,1,0,0
1043.58112,46,7828.168871,0,0,1,0,0
-138.317081,5,7829.419422,0,0,1,0,0
337.778864,1,7829.569467,0,0,0,0,1
555.979107,31,7841.85663,0,0,1,0,0
642.528747,34,7847.480876,0,0,1,0,0
337.826743,1,7847.701388,0,0,0,0,1
328.859287,1,7847.898619,1,0,0,0,0
328.931002,1,7848.103761,0,0,0,0,1
166.558861,15,7850.524462,0,0,1,0,0
442.879724,22,7854.937796,0,0,1,0,0
313.500427,17,7856.421315,0,0,1,0,0
-25.6776,7,7857.864794,0,0,1,0,0
780.125009,39,7862.491511,0,0,1,0,0
895.28954,35,7868.187961,1,0,0,0,0
337.881734,1,7868.621787,0,0,1,0,0
328.863408,1,7868.75853,0,0,0,0,1
25.040484,9,7869.368145,0,0,1,0,0
-205.861709,5,7870.856332,0,0,1,0,0
328.881733,1,7871.203936,0,0,1,0,0
-126.808482,3,7872.778242,0,0,1,0,0
572.065216,25,7877.108178,0,0,1,0,0
602.933735,28,7898.878015,0,0,1,0,0
218.384693,14,7901.652884,0,0,1,0,0
509.311939,31,7911.99755,0,0,1,0,0
-44.842087,4,7912.628723,0,0,1,0,0
328.977188,1,7912.850681,0,0,0,0,1
328.931002,1,7913.022817,0,0,0,0,1
87.967084,12,7914.587888,0,0,1,0,0
-9.736043,8,7916.347522,0,0,1,0,0
806.360234,37,7922.931622,0,0,1,0,0
431.67131,24,7926.91619,0,0,1,0,0
-126.254143,6,7928.506206,0,0,1,0,0
328.99729,1,7928.65626,0,0,0,0,1
419.641335,23,7931.145172,0,0,1,0,0
16.04786,9,7931.844737,0,0,1,0,0
337.778865,1,7932.065886,0,0,0,0,1
96.987027,15,7934.575928,0,0,1,0,0
509.659851,23,7936.66766,0,0,1,0,0
328.99729,1,7936.849026,0,0,0,0,1
328.99729,1,7937.062787,0,0,0,0,1
313.127467,20,7939.617436,0,0,1,0,0
330.129458,1,7940.01688,0,0,1,0,0
328.99729,1,7940.204496,0,0,0,0,1
328.826743,1,7940.430384,0,0,0,0,1
626.800936,29,7950.786809,1,0,0,0,0
328.881733,1,7951.17959,0,0,1,0,0
328.800053,1,7951.357073,0,0,0,0,1
732.395882,41,7957.398305,0,0,1,0,0
97.215927,11,7959.059436,0,0,1,0,0
162.296781,9,7962.102686,0,0,1,0,0
-140.829539,5,7963.927014,1,0,0,0,0
337.826743,1,7964.106365,0,0,0,0,1
87.362856,12,7966.165209,0,0,1,0,0
189.794288,11,7968.248414,0,0,1,0,0
-133.379045,4,7970.833575,0,0,1,0,0
337.863407,1,7970.993192,0,0,0,0,1
337.800053,1,7971.193212,0,0,0,0,1
328.99729,1,7971.404001,0,0,0,0,1
1586.646594,63,7981.533691,0,0,1,0,0
328.99729,1,7981.744421,0,0,0,0,1
328.931002,1,7981.949401,0,0,0,0,1
337.939541,1,7982.131745,0,0,0,0,1
328.90969,1,7982.575773,0,0,1,0,0
328.931002,1,7982.769677,0,0,0,0,1
344.181626,17,7984.362361,0,0,1,0,0
752.344798,28,7989.888833,0,0,1,0,0
98.354462,12,7991.978222,0,0,1,0,0
-123.964101,3,7994.187129,0,0,1,0,0
64.887947,11,8003.330613,0,0,1,0,0
328.846564,1,8003.644869,0,0,1,0,0
481.345866,22,8006.536491,0,0,1,0,0
22.432527,9,8007.108811,0,0,1,0,0
-158.034737,4,8010.797474,0,0,1,0,0
-132.895729,1,8012.459257,0,0,1,0,0
383.673348,25,8017.479753,0,0,1,0,0
328.859287,1,8017.729223,1,0,0,0,0
105.252357,12,8019.183812,0,0,1,0,0
327.308631,18,8027.804848,0,0,1,0,0
-132.922976,1,8029.411028,0,0,1,0,0
1317.809666,57,8039.77482,0,0,1,0,0
192.236606,16,8042.499481,0,0,1,0,0
321.129458,1,8042.922322,0,0,1,0,0
-120.07116,1,8043.228046,0,0,1,0,0
1107.228392,44,8061.140898,0,0,1,0,0
371.797215,19,8062.759009,0,0,1,0,0
941.257234,45,8067.850597,0,0,1,0,0
337.826741,1,8068.091863,0,0,0,0,1
337.939539,1,8068.304697,0,0,0,0,1
176.802074,16,8075.471327,0,0,1,0,0
328.931002,1,8075.661453,0,0,0,0,1
328.93954,1,8075.88739,0,0,0,0,1
148.008699,13,8078.492193,0,0,1,0,0
328.846564,1,8078.8491,0,0,1,0,0
-108.122235,2,8079.174856,0,0,1,0,0
1213.200907,57,8088.357522,0,0,1,0,0
1171.917295,54,8094.93751,0,0,1,0,0
-140.999267,1,8097.432867,1,0,0,0,0
-126.996194,3,8098.365037,1,0,0,0,0
328.931002,1,8098.539198,0,0,0,0,1
328.778864,1,8098.764638,0,0,0,0,1
328.846564,1,8099.17864,0,0,1,0,0
265.918216,14,8102.04095,0,0,1,0,0
321.129458,1,8102.482206,0,0,1,0,0
328.778864,1,8102.694978,0,0,0,0,1
337.778864,1,8102.930825,0,0,0,0,1
72.627857,11,8112.717961,0,0,1,0,0
41.713008,10,8114.871927,0,0,1,0,0
328.99729,1,8115.121636,0,0,0,0,1
96.77858,11,8116.977089,0,0,1,0,0
337.931003,1,8117.244062,0,0,0,0,1
-126.388102,1,8117.504731,0,0,1,0,0
1340.772427,62,8128.006828,0,0,1,0,0
444.538829,19,8137.980675,0,0,1,0,0
328.881733,1,8138.364825,0,0,1,0,0
-151.800564,7,8142.238153,0,0,1,0,0
595.891397,26,8145.615987,1,0,0,0,0
328.778864,1,8145.805037,0,0,0,0,1
337.931001,1,8146.06333,0,0,0,0,1
-140.411347,5,8147.995506,1,0,0,0,0
89.756029,12,8150.419765,0,0,1,0,0
217.482064,12,8151.52885,0,0,1,0,0
328.778864,1,8151.742853,0,0,0,0,1
1085.130855,45,8176.192585,0,0,1,0,0
328.826743,1,8176.350569,0,0,0,0,1
-108.16604,2,8176.733034,1,0,0,0,0
30.893694,9,8178.143406,0,0,1,0,0
337.826742,1,8178.446442,0,0,0,0,1
693.894533,30,8181.528757,1,0,0,0,0
43.257099,10,8183.57334,0,0,1,0,0
330.129458,1,8184.066821,0,0,1,0,0
631.549709,10,8192.709457,0,0,0,0,1
-129.072055,4,8195.127299,0,0,1,0,0
328.846564,1,8195.437295,0,0,1,0,0
328.931002,1,8195.661369,0,0,0,0,1
-10.513007,8,8196.392987,0,0,1,0,0
328.859287,1,8196.648002,1,0,0,0,0
403.381102,20,8206.215919,0,0,1,0,0
552.469987,33,8210.870816,0,0,1,0,0
1262.51268,57,8217.862192,1,0,0,0,0
328.826743,1,8218.038928,0,0,0,0,1
-151.628366,7,8221.883585,0,0,1,0,0
328.99729,1,8222.053397,0,0,0,0,1
337.931001,1,8222.342878,0,0,0,0,1
-188.743304,5,8223.783379,0,0,1,0,0
800.275158,50,8230.523746,0,0,1,0,0
283.993274,15,8233.750215,0,0,1,0,0
-151.800564,7,8237.478465,0,0,1,0,0
845.104123,36,8244.458964,0,0,1,0,0
41.225394,10,8246.663916,0,0,1,0,0
1.568076,7,8247.465649,0,0,1,0,0
328.859287,1,8247.711177,1,0,0,0,0
-108.16604,2,8248.115233,1,0,0,0,0
337.99729,1,8248.370328,0,0,0,0,1
337.800053,1,8248.652503,0,0,0,0,1
351.942605,16,8257.451612,0,0,1,0,0
-115.356211,2,8257.753115,0,0,1,0,0
1108.982881,42,8271.50189,1,0,0,0,0
328.826743,1,8271.764197,0,0,0,0,1
328.99729,1,8271.989572,0,0,0,0,1
-141.035979,5,8274.241106,1,0,0,0,0
697.948276,30,8280.339585,1,0,0,0,0
1571.740167,74,8289.130032,0,0,1,0,0
328.90969,1,8289.598351,0,0,1,0,0
337.778864,1,8289.816404,0,0,0,0,1
337.881735,1,8290.286716,0,0,1,0,0
337.888919,1,8290.457014,0,0,1,0,0
337.863407,1,8290.731421,0,0,0,0,1
90.216403,12,8292.985982,0,0,1,0,0
734.516403,32,8305.946779,0,0,1,0,0
328.947109,1,8306.283064,0,0,0,0,1
328.99729,1,8306.519898,0,0,0,0,1
-151.800564,7,8310.768666,0,0,1,0,0
328.977188,1,8311.007236,0,0,0,0,1
-126.388102,1,8311.251566,0,0,1,0,0
337.826743,1,8311.428916,0,0,0,0,1
337.826742,1,8311.633095,0,0,0,0,1
294.298397,14,8314.02767,0,0,1,0,0
328.99729,1,8314.217039,0,0,0,0,1
337.828619,1,8314.487011,0,0,0,0,1
480.070123,23,8316.52304,0,0,1,0,0
491.582702,24,8321.983313,0,0,1,0,0
328.778864,1,8322.277435,0,0,0,0,1
368.286053,18,8324.033932,0,0,1,0,0
328.831123,1,8324.195698,0,0,0,0,1
-93.257201,3,8324.691229,1,0,0,0,0
554.00586,24,8326.873401,1,0,0,0,0
337.931001,1,8327.077731,0,0,0,0,1
337.931001,1,8327.331637,0,0,0,0,1
-223.793572,12,8329.046817,0,0,1,0,0
328.859287,1,8329.215721,1,0,0,0,0
328.99729,1,8329.432868,0,0,0,0,1
286.155876,14,8331.912846,0,0,1,0,0
328.859287,1,8332.098021,1,0,0,0,0
328.881733,1,8332.53264,0,0,1,0,0
-126.999021,3,8334.389843,0,0,1,0,0
-27.80433,4,8334.945101,0,0,1,0,0
328.93954,1,8335.107617,0,0,0,0,1
328.773494,1,8335.597251,0,0,1,0,0
328.93954,1,8335.784817,0,0,0,0,1
337.863408,1,8336.010979,0,0,0,0,1
517.960444,21,8389.847768,0,0,1,0,0
328.859287,1,8389.997277,1,0,0,0,0
-58.408931,4,8390.554405,0,0,1,0,0
33.792432,10,8393.356652,0,0,1,0,0
328.863408,1,8393.56664,0,0,0,0,1
637.77003,10,8394.807471,0,0,1,0,0
-115.573898,2,8395.160815,0,0,1,0,0
328.863408,1,8395.344509,0,0,0,0,1
328.947109,1,8395.673751,0,0,0,0,1
846.825839,48,8404.043396,1,0,0,0,0
-10.208716,8,8404.680292,0,0,1,0,0
328.826743,1,8404.878884,0,0,0,0,1
635.323257,29,8408.983545,1,0,0,0,0
296.996287,16,8418.386003,0,0,1,0,0
534.367913,38,8431.395745,0,0,1,0,0
328.909529,1,8431.586239,0,0,0,0,1
328.80893,1,8431.832548,0,0,0,0,1
-115.011282,1,8432.170445,0,0,1,0,0
328.977188,1,8432.439654,0,0,0,0,1
550.129033,26,8434.976603,0,0,1,0,0
991.159121,40,8795.963073,0,0,1,0,0
461.206411,22,8799.807067,0,0,1,0,0
1188.902104,72,8810.842362,0,0,1,0,0
779.965645,35,8825.425769,0,0,1,0,0
328.826743,1,8825.694544,0,0,0,0,1
337.828619,1,8825.931894,0,0,0,0,1
633.247764,10,8834.82696,0,0,0,0,1
314.902688,16,8836.421125,0,0,1,0,0
337.93954,1,8836.639516,0,0,0,0,1
115.380136,13,8838.465397,0,0,1,0,0
622.2343,10,8839.850729,0,0,0,0,1
960.304974,41,8844.846501,0,0,1,0,0
723.916401,34,8848.543737,0,0,1,0,0
328.863408,1,8848.761505,0,0,0,0,1
66.485826,11,8851.025613,0,0,1,0,0
337.826742,1,8851.259243,0,0,0,0,1
328.778864,1,8851.487906,0,0,0,0,1
337.881733,1,8851.886828,0,0,1,0,0
328.778864,1,8852.074592,0,0,0,0,1
328.931002,1,8852.322506,0,0,0,0,1
-124.977324,5,8854.073629,0,0,1,0,0
328.859287,1,8854.27465,1,0,0,0,0
762.272957,31,8875.983671,0,0,1,0,0
777.624045,35,8880.032314,0,0,1,0,0
24.054103,9,8880.668836,0,0,1,0,0
328.826743,1,8880.846366,0,0,0,0,1
328.873836,1,8881.154156,0,0,0,0,1
328.881733,1,8881.572908,0,0,1,0,0
337.826744,1,8881.760655,0,0,0,0,1
337.938687,1,8882.140844,0,0,0,0,1
328.82862,1,8882.397707,0,0,0,0,1
328.800053,1,8882.641956,0,0,0,0,1
553.306442,26,8913.171446,1,0,0,0,0
124.491834,13,8915.858086,0,0,1,0,0
510.13394,23,8919.333517,0,0,1,0,0
835.176319,39,8924.09213,0,0,1,0,0
-88.105513,2,8925.231649,0,0,1,0,0
337.888918,1,8925.415516,0,0,1,0,0
337.968283,1,8925.743977,0,0,0,0,1
328.99729,1,8926.057827,0,0,0,0,1
403.153023,20,8930.027106,1,0,0,0,0
-140.946111,1,8932.398919,1,0,0,0,0
337.826742,1,8932.649039,0,0,0,0,1
666.58098,30,8937.05771,1,0,0,0,0
328.90969,1,8937.498091,0,0,1,0,0
161.013137,10,8938.716,0,0,1,0,0
328.800053,1,8938.960182,0,0,0,0,1
599.702569,29,8943.693501,1,0,0,0,0
417.471422,21,8947.405641,1,0,0,0,0
1492.816803,60,8953.823156,0,0,1,0,0
-153.168224,3,8957.421793,0,0,1,0,0
311.357886,20,8960.010722,0,0,1,0,0
264.106199,18,8962.57618,0,0,1,0,0
683.210173,38,8974.198352,0,0,1,0,0
337.800054,1,8974.435302,0,0,0,0,1
337.939539,1,8974.653338,0,0,0,0,1
328.881733,1,8975.113848,0,0,1,0,0
337.778864,1,8975.352119,0,0,0,0,1
330.129458,1,8975.848748,0,0,1,0,0
328.968284,1,8976.055079,0,0,0,0,1
-146.918485,6,8978.853396,0,0,1,0,0
328.863408,1,8979.044118,0,0,0,0,1
328.99729,1,8979.27386,0,0,0,0,1
337.800054,1,8979.499376,0,0,0,0,1
328.93954,1,8979.743266,0,0,0,0,1
-138.275662,5,8981.238802,0,0,1,0,0
507.714642,24,8983.628444,0,0,1,0,0
328.82862,1,8983.830384,0,0,0,0,1
473.146991,44,8990.720881,1,0,0,0,0
658.23021,11,8999.46172,0,0,0,0,1
195.911713,10,9004.24107,0,0,1,0,0
-146.508022,6,9006.898516,0,0,1,0,0
328.93954,1,9007.080918,0,0,0,0,1
328.99729,1,9007.367616,0,0,0,0,1
505.839465,21,9011.640503,0,0,1,0,0
186.016736,15,9014.921528,0,0,1,0,0
640.349738,31,9021.140006,0,0,1,0,0
337.997289,1,9021.405877,0,0,0,0,1
328.93954,1,9021.714019,0,0,0,0,1
337.991637,1,9022.205952,0,0,0,0,1
-128.349072,4,9024.720991,0,0,1,0,0
337.939541,1,9024.920733,0,0,0,0,1
328.778864,1,9025.196616,0,0,0,0,1
337.831124,1,9025.395098,0,0,0,0,1
328.863408,1,9025.585064,0,0,0,0,1
344.741701,18,9029.607758,0,0,1,0,0
302.196834,13,9034.194992,0,0,1,0,0
328.881733,1,9034.582165,0,0,1,0,0
328.859287,1,9034.785188,1,0,0,0,0
406.163804,18,9044.005791,1,0,0,0,0
360.178822,20,9046.155504,0,0,1,0,0
-36.842028,4,9046.79819,0,0,1,0,0
328.863408,1,9046.947121,0,0,0,0,1
337.778865,1,9047.207704,0,0,0,0,1
328.881733,1,9047.729655,0,0,1,0,0
221.667206,12,9050.949849,0,0,1,0,0
-115.012942,1,9051.271435,0,0,1,0,0
202.504872,15,9053.635807,1,0,0,0,0
490.14884,31,9057.954629,0,0,1,0,0
328.93954,1,9058.208466,0,0,0,0,1
328.931002,1,9058.448861,0,0,0,0,1
328.859287,1,9058.676794,1,0,0,0,0
328.826743,1,9058.920056,0,0,0,0,1
328.99729,1,9059.142503,0,0,0,0,1
1085.006979,49,9067.332034,0,0,1,0,0
766.154497,41,9075.319567,0,0,1,0,0
337.778863,1,9075.5918,0,0,0,0,1
265.630188,35,9083.579715,0,0,1,0,0
344.043159,18,9087.326243,0,0,1,0,0
328.778864,1,9087.534895,0,0,0,0,1
-132.928044,1,9089.329701,0,0,1,0,0
85.015098,14,9098.291445,0,0,1,0,0
337.939541,1,9098.542097,0,0,0,0,1
337.93954,1,9098.793285,0,0,0,0,1
283.323914,19,9100.844485,0,0,1,0,0
337.939541,1,9101.061798,0,0,0,0,1
328.99729,1,9101.310607,0,0,0,0,1
328.93954,1,9101.56904,0,0,0,0,1
328.93954,1,9101.834842,0,0,0,0,1
928.652432,36,9105.961179,0,0,1,0,0
380.858182,18,9109.642776,0,0,1,0,0
362.450185,18,9111.977751,0,0,1,0,0
667.192585,30,9121.535703,0,0,1,0,0
235.367118,12,9123.292395,0,0,1,0,0
328.859287,1,9123.47173,1,0,0,0,0
321.129458,1,9123.992297,0,0,1,0,0
328.778864,1,9124.193493,0,0,0,0,1
404.019806,23,9127.954118,0,0,1,0,0
64.750005,11,9129.900305,0,0,1,0,0
328.881733,1,9130.309219,0,0,1,0,0
38.686668,10,9132.949213,0,0,1,0,0
328.93954,1,9133.155582,0,0,0,0,1
-146.508799,6,9136.089415,0,0,1,0,0
604.164079,34,9142.089384,0,0,1,0,0
-122.313577,7,9144.281201,0,0,1,0,0
116.088092,15,9146.518461,0,0,1,0,0
249.721735,12,9160.38019,0,0,1,0,0
328.800053,1,9160.609109,0,0,0,0,1
1216.224112,52,9170.14216,0,0,1,0,0
328.859287,1,9170.405679,1,0,0,0,0
455.059291,24,9172.392539,0,0,1,0,0
337.968286,1,9172.57517,0,0,0,0,1
-122.547571,3,9175.039108,0,0,1,0,0
653.268372,34,9181.798986,0,0,1,0,0
-108.16604,2,9182.231296,1,0,0,0,0
244.212245,18,9184.425882,0,0,1,0,0
328.90969,1,9184.845899,0,0,1,0,0
328.826743,1,9185.043985,0,0,0,0,1
152.967755,16,9187.33098,0,0,1,0,0
328.931002,1,9187.531194,0,0,0,0,1
570.854058,30,9192.878582,0,0,1,0,0
-156.958943,10,9194.222699,0,0,1,0,0
658.28408,11,9195.645308,0,0,0,0,1
328.826743,1,9195.853469,0,0,0,0,1
-218.640431,12,9204.668176,0,0,1,0,0
679.887759,29,9222.017407,0,0,1,0,0
328.778864,1,9222.232798,0,0,0,0,1
97.00095,12,9224.251444,0,0,1,0,0
328.852829,1,9224.574086,0,0,1,0,0
697.101378,30,9230.526483,1,0,0,0,0
193.104511,11,9232.361441,0,0,1,0,0
557.553436,26,9236.555111,1,0,0,0,0
-140.999267,1,9239.070512,1,0,0,0,0
321.129458,1,9239.542616,0,0,1,0,0
328.888918,1,9239.729554,0,0,1,0,0
328.826743,1,9240.020591,0,0,0,0,1
328.93954,1,9240.265127,0,0,0,0,1
328.931002,1,9240.520676,0,0,0,0,1
169.937126,11,9241.877846,0,0,1,0,0
328.90969,1,9242.282185,0,0,1,0,0
65.100089,14,9244.567259,0,0,1,0,0
328.968284,1,9244.853404,0,0,0,0,1
337.93954,1,9245.190123,0,0,0,0,1
337.82862,1,9245.461972,0,0,0,0,1
790.307942,37,9249.126213,0,0,1,0,0
337.778864,1,9249.335911,0,0,0,0,1
328.881733,1,9249.877693,0,0,1,0,0
541.86433,34,9255.078898,0,0,1,0,0
328.931002,1,9255.308648,0,0,0,0,1
963.994706,42,9269.635568,0,0,1,0,0
-123.738978,1,9270.110727,0,0,1,0,0
451.349995,19,9272.127982,0,0,1,0,0
328.90969,1,9272.517179,0,0,1,0,0
337.939541,1,9272.748477,0,0,0,0,1
947.130981,38,9281.977468,0,0,1,0,0
337.800052,1,9282.339415,0,0,0,0,1
328.826743,1,9282.57029,0,0,0,0,1
337.800052,1,9282.81689,0,0,0,0,1
745.327131,33,9284.981832,0,0,1,0,0
778.045424,37,9292.45259,0,0,1,0,0
328.82862,1,9292.67948,0,0,0,0,1
328.863408,1,9292.903751,0,0,0,0,1
328.778864,1,9293.171978,0,0,0,0,1
328.931002,1,9293.429211,0,0,0,0,1
1407.878994,54,9330.840971,0,0,1,0,0
328.938687,1,9331.195647,0,0,0,0,1
147.162044,10,9332.260618,1,0,0,0,0
328.826743,1,9332.488255,0,0,0,0,1
328.826743,1,9332.733562,0,0,0,0,1
337.931002,1,9332.990066,0,0,0,0,1
708.817125,12,9340.01919,0,0,0,0,1
328.800053,1,9340.234432,0,0,0,0,1
328.773494,1,9340.74231,0,0,1,0,0
237.890796,14,9343.627216,0,0,1,0,0
328.863408,1,9343.802594,0,0,0,0,1
1096.573847,50,9360.560231,0,0,1,0,0
96.967991,11,9362.614162,0,0,1,0,0
328.82862,1,9362.899549,0,0,0,0,1
328.881733,1,9363.462957,0,0,1,0,0
140.964697,9,9366.808844,0,0,1,0,0
695.718991,33,9369.138552,0,0,1,0,0
337.831123,1,9369.280365,0,0,0,0,1
337.800052,1,9369.493076,0,0,0,0,1
258.526344,14,9378.892877,0,0,1,0,0
328.863408,1,9379.053863,0,0,0,0,1
-188.429237,8,9379.881609,0,0,1,0,0
687.807905,26,9383.98532,0,0,1,0,0
982.964693,23,9386.81509,0,0,0,0,1
-187.527198,8,9387.582075,0,0,1,0,0
422.924123,17,9392.009277,0,0,1,0,0
321.129458,1,9392.425277,0,0,1,0,0
328.881733,1,9392.832255,0,0,1,0,0
337.800052,1,9393.010913,0,0,0,0,1
328.859287,1,9393.210492,1,0,0,0,0
216.97982,16,9394.621968,0,0,1,0,0
860.189905,36,9419.335791,1,0,0,0,0
328.93954,1,9419.506441,0,0,0,0,1
78.68504,11,9420.938687,0,0,1,0,0
290.816742,19,9423.130595,0,0,1,0,0
635.514701,37,9429.010962,0,0,1,0,0
337.931002,1,9429.285736,0,0,0,0,1
328.800053,1,9429.480358,0,0,0,0,1
-123.500176,3,9432.012634,0,0,1,0,0
239.8375,15,9781.651192,0,0,1,0,0
512.159997,22,9784.299771,0,0,1,0,0
328.881733,1,9784.743378,0,0,1,0,0
337.99729,1,9784.939382,0,0,0,0,1
337.778863,1,9785.186255,0,0,0,0,1
586.574407,26,9788.684119,0,0,1,0,0
-76.559346,4,9789.177648,0,0,1,0,0
248.676574,14,9791.687921,0,0,1,0,0
541.48848,28,9795.170818,0,0,1,0,0
337.800053,1,9795.306544,0,0,0,0,1
536.794143,37,9798.423626,0,0,1,0,0
36.01494,10,9801.037496,0,0,1,0,0
617.646145,27,9812.954219,1,0,0,0,0
328.920203,1,9813.508176,0,0,0,0,1
321.129458,1,9813.964744,0,0,1,0,0
337.778864,1,9814.159092,0,0,0,0,1
630.610832,28,9819.966263,1,0,0,0,0
328.778864,1,9820.267008,0,0,0,0,1
205.653745,11,9821.729312,0,0,1,0,0
-200.261294,8,9822.310194,0,0,1,0,0
344.65287,22,9825.04739,0,0,1,0,0
328.93954,1,9825.263802,0,0,0,0,1
640.431646,32,9829.314119,0,0,1,0,0
65.100089,14,9831.564833,0,0,1,0,0
622.219704,10,9832.984076,0,0,0,0,1
328.931002,1,9833.235693,0,0,0,0,1
-129.071402,1,9833.585166,0,0,1,0,0
618.363885,27,9838.330092,1,0,0,0,0
637.6242,28,9852.117626,0,0,1,0,0
-124.011808,1,9852.613733,0,0,1,0,0
586.000305,29,9855.874511,0,0,1,0,0
-223.703422,13,9857.235063,0,0,1,0,0
-72.082158,7,9860.894388,0,0,1,0,0
328.93954,1,9861.096226,0,0,0,0,1
962.711764,39,9867.323879,0,0,1,0,0
328.859287,1,9867.579713,1,0,0,0,0
-149.334761,7,9871.519315,0,0,1,0,0
22.432527,9,9872.039972,0,0,1,0,0
328.93954,1,9872.203666,0,0,0,0,1
-129.071402,1,9872.597302,0,0,1,0,0
337.931001,1,9872.838737,0,0,0,0,1
337.939542,1,9873.062336,0,0,0,0,1
242.381226,16,9875.793531,0,0,1,0,0
-189.481684,9,9876.562729,0,0,1,0,0
116.998362,13,9878.807237,0,0,1,0,0
328.938687,1,9879.154094,0,0,0,0,1
328.93954,1,9879.417812,0,0,0,0,1
482.436738,20,9899.054331,0,0,1,0,0
32.916624,10,9901.81529,0,0,1,0,0
26.183908,12,9903.44953,0,0,1,0,0
170.740206,11,9905.986025,0,0,1,0,0
337.93954,1,9906.341332,0,0,0,0,1
725.594866,50,9921.148664,0,0,1,0,0
337.863408,1,9921.406221,0,0,0,0,1
328.881733,1,9921.857557,0,0,1,0,0
410.866775,25,9924.534644,0,0,1,0,0
-10.279299,8,9926.263585,0,0,1,0,0
457.163616,21,9929.257625,0,0,1,0,0
-126.999021,3,9931.04477,0,0,1,0,0
470.141616,22,9933.751719,0,0,1,0,0
465.462079,19,9934.984833,0,0,1,0,0
688.845196,30,9951.692246,0,0,1,0,0
-63.223201,7,9955.510016,0,0,1,0,0
72.227777,11,9957.595206,0,0,1,0,0
337.82862,1,9957.847578,0,0,0,0,1
328.99729,1,9958.152082,0,0,0,0,1
337.778864,1,9958.440582,0,0,0,0,1
328.946195,1,9958.790914,0,0,0,0,1
328.846564,1,9959.154503,0,0,1,0,0
22.432527,9,9959.74819,0,0,1,0,0
55.824592,13,9961.656644,0,0,1,0,0
328.859287,1,9961.899072,1,0,0,0,0
321.129458,1,9962.351132,0,0,1,0,0
321.129458,1,9962.722448,0,0,1,0,0
721.976281,33,9977.769477,0,0,1,0,0
729.755206,40,9983.959718,1,0,0,0,0
740.014696,40,10003.027973,0,0,1,0,0
430.382421,28,10006.983289,0,0,1,0,0
528.583136,25,10010.91997,1,0,0,0,0
-141.046396,1,10013.576572,1,0,0,0,0
328.826743,1,10013.827889,0,0,0,0,1
328.870197,1,10014.167933,0,0,0,0,1
328.881733,1,10014.598239,0,0,1,0,0
328.800053,1,10014.77784,0,0,0,0,1
205.961996,11,10019.021879,0,0,1,0,0
328.90969,1,10019.421955,0,0,1,0,0
1118.068228,45,10024.476511,0,0,1,0,0
615.245024,29,10029.824273,0,0,1,0,0
328.90969,1,10030.341784,0,0,1,0,0
1094.426042,37,10046.898191,0,0,1,0,0
328.931002,1,10047.155267,0,0,0,0,1
-108.122235,2,10047.499953,0,0,1,0,0
328.846564,1,10047.820423,0,0,1,0,0
835.550634,36,10055.199437,0,0,1,0,0
328.863408,1,10055.383435,0,0,0,0,1
-154.218721,6,10057.831903,0,0,1,0,0
328.82862,1,10057.980013,0,0,0,0,1
328.826743,1,10058.247956,0,0,0,0,1
328.93954,1,10058.473993,0,0,0,0,1
13.626241,9,10059.398231,0,0,1,0,0
837.320332,41,10066.311955,0,0,1,0,0
321.129458,1,10066.742473,0,0,1,0,0
328.920203,1,10067.158686,0,0,0,0,1
-133.754583,4,10069.76124,0,0,1,0,0
954.72159,43,10076.720017,0,0,1,0,0
337.881735,1,10077.221848,0,0,1,0,0
328.800053,1,10077.415129,0,0,0,0,1
57.844242,11,10080.76134,0,0,1,0,0
35.060861,10,10083.541069,0,0,1,0,0
-206.565173,5,10085.262628,0,0,1,0,0
-67.557715,4,10085.713404,0,0,1,0,0
337.800053,1,10085.860754,0,0,0,0,1
328.931002,1,10086.034207,0,0,0,0,1
328.859287,1,10093.449614,1,0,0,0,0
328.846564,1,10093.809419,0,0,1,0,0
328.826743,1,10094.023471,0,0,0,0,1
542.119291,20,10106.995914,0,0,1,0,0
337.99729,1,10107.219596,0,0,0,0,1
603.479565,28,10112.254489,1,0,0,0,0
328.778864,1,10112.530116,0,0,0,0,1
328.846564,1,10112.929007,0,0,1,0,0
77.150334,12,10114.06533,0,0,1,0,0
-127.049516,3,10114.976394,1,0,0,0,0
-129.10146,4,10117.330894,0,0,1,0,0
1083.792708,50,10123.551095,0,0,1,0,0
432.542052,19,10126.611508,0,0,1,0,0
-154.272893,6,10129.229024,0,0,1,0,0
-126.996194,3,10130.053931,1,0,0,0,0
328.826743,1,10130.227181,0,0,0,0,1
-74.368281,7,10133.918515,0,0,1,0,0
328.888918,1,10134.127843,0,0,1,0,0
238.694777,14,10141.874412,0,0,1,0,0
328.931002,1,10142.027099,0,0,0,0,1
-97.103247,2,10143.199214,0,0,1,0,0
558.588554,31,10146.897468,0,0,1,0,0
616.809055,34,10152.938705,0,0,1,0,0
356.76045,16,10165.752098,0,0,1,0,0
337.909529,1,10165.956655,0,0,0,0,1
328.99729,1,10166.210447,0,0,0,0,1
96.967991,11,10168.129685,0,0,1,0,0
1090.792278,47,10180.492358,0,0,1,0,0
-148.416012,6,10183.374852,0,0,1,0,0
52.73018,10,10184.633537,0,0,1,0,0
328.826743,1,10184.810524,0,0,0,0,1
-140.897522,5,10186.977412,1,0,0,0,0
-16.134101,6,10187.671823,0,0,1,0,0
-239.459283,11,10189.239903,0,0,1,0,0
-154.561185,6,10191.812466,0,0,1,0,0
328.863408,1,10191.95312,0,0,0,0,1
-221.265992,13,10193.304499,0,0,1,0,0
328.93954,1,10193.509473,0,0,0,0,1
328.800053,1,10193.768576,0,0,0,0,1
-127.184128,3,10194.762333,1,0,0,0,0
328.99729,1,10194.92871,0,0,0,0,1
510.78465,22,10198.168039,0,0,1,0,0
720.043855,35,10202.397637,0,0,1,0,0
328.93954,1,10202.593597,0,0,0,0,1
328.826743,1,10202.82804,0,0,0,0,1
328.931002,1,10203.042945,0,0,0,0,1
-61.668236,7,10206.76321,0,0,1,0,0
328.931002,1,10206.951369,0,0,0,0,1
337.826742,1,10207.173181,0,0,0,0,1
337.997289,1,10207.374606,0,0,0,0,1
-198.663258,8,10207.918778,0,0,1,0,0
40.038853,10,10208.860222,0,0,1,0,0
328.99729,1,10209.064673,0,0,0,0,1
571.048379,23,10225.188263,0,0,1,0,0
328.881733,1,10225.594817,0,0,1,0,0
328.877571,1,10225.860238,0,0,0,0,1
167.63513,14,10228.09903,0,0,1,0,0
328.881733,1,10228.55393,0,0,1,0,0
1041.517208,44,10251.69291,0,0,1,0,0
-13.014932,8,10253.589051,0,0,1,0,0
328.82862,1,10253.749851,0,0,0,0,1
665.037531,30,10260.551752,0,0,1,0,0
328.881733,1,10260.965389,0,0,1,0,0
328.773494,1,10261.4177,0,0,1,0,0
92.505083,12,10263.486606,0,0,1,0,0
328.800053,1,10263.739635,0,0,0,0,1
207.247946,11,10275.609662,0,0,1,0,0
328.93954,1,10275.841794,0,0,0,0,1
328.859287,1,10276.1116,1,0,0,0,0
337.99729,1,10276.329754,0,0,0,0,1
-124.011808,1,10276.688287,0,0,1,0,0
662.194059,25,10281.513132,0,0,1,0,0
1277.394355,55,10288.793227,1,0,0,0,0
328.99729,1,10288.976661,0,0,0,0,1
328.93954,1,10289.250013,0,0,0,0,1
735.773392,13,10295.940406,0,0,0,0,1
337.881733,1,10296.356481,0,0,1,0,0
561.575111,29,10302.230438,0,0,1,0,0
709.743502,40,10305.775321,0,0,1,0,0
328.931002,1,10305.944462,0,0,0,0,1
1030.741867,45,10313.501291,0,0,1,0,0
-149.229227,7,10317.151956,0,0,1,0,0
597.671934,28,10322.94824,0,0,1,0,0
337.888918,1,10323.132466,0,0,1,0,0
328.991637,1,10323.630029,0,0,0,0,1
26.302186,10,10326.410398,0,0,1,0,0
328.90969,1,10326.809734,0,0,1,0,0
202.504872,15,10329.313489,1,0,0,0,0
328.931002,1,10329.525256,0,0,0,0,1
507.661107,22,10332.605573,0,0,1,0,0
328.778864,1,10332.782439,0,0,0,0,1
-146.319835,6,10343.000408,0,0,1,0,0
617.106319,28,10377.8668,0,0,1,0,0
328.93954,1,10378.106384,0,0,0,0,1
523.07479,21,10382.392437,1,0,0,0,0
328.977188,1,10382.724783,0,0,0,0,1
328.881733,1,10383.174784,0,0,1,0,0
190.124187,12,10384.445424,1,0,0,0,0
755.337424,30,10389.465289,0,0,1,0,0
328.931002,1,10389.74445,0,0,0,0,1
659.745213,11,10398.775057,0,0,1,0,0
328.881733,1,10399.196437,0,0,1,0,0
328.826743,1,10399.358199,0,0,0,0,1
337.863408,1,10399.540356,0,0,0,0,1
337.931001,1,10399.759306,0,0,0,0,1
328.93954,1,10399.979754,0,0,0,0,1
391.379849,17,10402.820172,0,0,1,0,0
-126.388102,1,10403.026408,0,0,1,0,0
574.702212,32,10405.870463,0,0,1,0,0
-5.105229,8,10406.586135,0,0,1,0,0
337.93954,1,10406.796614,0,0,0,0,1
587.964053,33,10421.048462,1,0,0,0,0
-115.012421,1,10421.385878,0,0,1,0,0
328.778864,1,10421.593894,0,0,0,0,1
598.237085,26,10424.821342,1,0,0,0,0
328.977188,1,10425.104624,0,0,0,0,1
366.988503,22,10427.953931,0,0,1,0,0
675.413456,33,10431.813453,1,0,0,0,0
328.93954,1,10432.076064,0,0,0,0,1
646.36776,31,10435.605922,0,0,1,0,0
189.129471,11,10438.740353,0,0,1,0,0
-191.912834,7,10439.339883,0,0,1,0,0
39.268066,10,10440.348454,0,0,1,0,0
-129.071402,1,10440.68606,0,0,1,0,0
-126.72943,6,10441.299351,0,0,1,0,0
-205.869272,5,10442.841961,0,0,1,0,0
841.811914,41,10450.142367,0,0,1,0,0
328.826743,1,10450.324578,0,0,0,0,1
558.284358,26,10456.038467,0,0,1,0,0
-196.697216,8,10456.584195,0,0,1,0,0
337.800053,1,10456.733012,0,0,0,0,1
-36.840257,4,10457.437611,0,0,1,0,0
328.977188,1,10457.701147,0,0,0,0,1
521.937104,24,10460.027854,1,0,0,0,0
-67.562084,4,10460.519438,0,0,1,0,0
349.167894,25,10484.537606,0,0,1,0,0
79.457689,11,10485.741734,0,0,1,0,0
-33.554929,7,10487.101377,0,0,1,0,0
328.93954,1,10487.32683,0,0,0,0,1
328.977188,1,10487.66023,0,0,0,0,1
328.778864,1,10487.922062,0,0,0,0,1
134.913875,14,10489.96476,0,0,1,0,0
328.846564,1,10490.343313,0,0,1,0,0
-140.999267,1,10493.18433,1,0,0,0,0
328.991637,1,10493.719976,0,0,0,0,1
607.665025,33,10499.366725,0,0,1,0,0
328.90969,1,10499.818425,0,0,1,0,0
-147.904792,6,10502.576245,0,0,1,0,0
328.800053,1,10502.724384,0,0,0,0,1
328.99729,1,10502.943815,0,0,0,0,1
-44.842087,4,10503.609063,0,0,1,0,0
329.129458,1,10503.965726,0,0,1,0,0
430.821351,20,10508.169227,1,0,0,0,0
337.888919,1,10508.45039,0,0,1,0,0
328.93954,1,10508.710119,0,0,0,0,1
621.649995,35,10516.349817,0,0,1,0,0
328.778864,1,10516.576086,0,0,0,0,1
337.968284,1,10516.801566,0,0,0,0,1
328.800053,1,10517.083032,0,0,0,0,1
369.092361,17,10518.554234,0,0,1,0,0
328.931002,1,10518.751373,0,0,0,0,1
365.249856,20,10529.191473,0,0,1,0,0
337.997291,1,10529.444068,0,0,0,0,1
622.304862,30,10536.091547,0,0,1,0,0
328.800053,1,10536.383883,0,0,0,0,1
699.969899,30,10541.89828,1,0,0,0,0
273.571082,18,10544.186671,0,0,1,0,0
328.881733,1,10544.635256,0,0,1,0,0
337.863408,1,10544.835531,0,0,0,0,1
-122.248533,6,10545.548529,0,0,1,0,0
124.785646,10,10546.638807,0,0,1,0,0
337.778865,1,10546.879827,0,0,0,0,1
556.659353,28,10551.203154,1,0,0,0,0
52.727273,10,10552.301747,0,0,1,0,0
-237.904457,12,10553.825618,0,0,1,0,0
221.417264,12,10555.849815,0,0,1,0,0
440.116635,23,10558.342928,0,0,1,0,0
337.85283,1,10558.594132,0,0,1,0,0
775.192455,27,10574.82087,0,0,1,0,0
328.778864,1,10575.004833,0,0,0,0,1
586.612569,29,10587.088379,1,0,0,0,0
337.863408,1,10587.329845,0,0,0,0,1
328.93954,1,10587.569686,0,0,0,0,1
328.82862,1,10587.80739,0,0,0,0,1
191.355789,14,10589.991803,0,0,1,0,0
328.881733,1,10590.450475,0,0,1,0,0
-108.16604,2,10590.788303,1,0,0,0,0
774.394437,39,10597.659779,0,0,1,0,0
-117.234397,5,10599.731209,0,0,1,0,0
328.778864,1,10599.919362,0,0,0,0,1
328.920203,1,10600.458489,0,0,0,0,1
71.868538,11,10602.73449,0,0,1,0,0
240.541004,14,10944.341507,0,0,1,0,0
44.445062,10,10946.498713,0,0,1,0,0
328.800053,1,10946.769346,0,0,0,0,1
-33.406176,7,10948.160104,0,0,1,0,0
782.462855,35,10962.184004,0,0,1,0,0
284.45433,14,10965.657878,0,0,1,0,0
137.90583,11,10974.883411,0,0,1,0,0
506.454293,23,10980.505677,0,0,1,0,0
328.99729,1,10980.744563,0,0,0,0,1
328.931002,1,10981.018338,0,0,0,0,1
470.93921,22,10983.568627,0,0,1,0,0
-126.388102,1,10983.823576,0,0,1,0,0
321.129458,1,10984.240928,0,0,1,0,0
362.934579,19,10986.112458,0,0,1,0,0
328.846564,1,10986.43752,0,0,1,0,0
174.245938,10,10995.910923,0,0,1,0,0
202.504872,15,10998.307354,1,0,0,0,0
721.308099,38,11020.027304,0,0,1,0,0
259.997431,17,11023.058098,0,0,1,0,0
328.826743,1,11023.302834,0,0,0,0,1
195.710606,15,11026.065685,0,0,1,0,0
970.81201,41,11030.472396,0,0,1,0,0
1065.307668,47,11045.68254,0,0,1,0,0
328.82862,1,11045.94861,0,0,0,0,1
337.826742,1,11046.196899,0,0,0,0,1
1398.915519,58,11055.905289,1,0,0,0,0
453.178912,18,11068.872497,0,0,1,0,0
-148.182517,6,11071.654545,0,0,1,0,0
328.82862,1,11071.815196,0,0,0,0,1
454.816721,31,11076.273911,1,0,0,0,0
337.939541,1,11076.500057,0,0,0,0,1
-151.800564,7,11080.138029,0,0,1,0,0
635.687656,35,11086.950543,1,0,0,0,0
530.813729,21,11097.751521,0,0,1,0,0
328.931002,1,11097.909411,0,0,0,0,1
998.234891,43,11103.928023,0,0,1,0,0
-126.868029,3,11104.811793,1,0,0,0,0
581.423688,24,11109.828907,0,0,1,0,0
328.99729,1,11109.987123,0,0,0,0,1
328.99729,1,11110.220837,0,0,0,0,1
-99.082548,2,11110.584913,0,0,1,0,0
-141.018995,1,11113.126411,1,0,0,0,0
328.920203,1,11113.564462,0,0,0,0,1
319.480368,16,11124.212909,0,0,1,0,0
328.859286,1,11124.55817,1,0,0,0,0
590.056543,31,11130.493694,0,0,1,0,0
586.967074,28,11136.330524,0,0,1,0,0
337.93954,1,11136.543236,0,0,0,0,1
-72.403941,7,11140.14756,0,0,1,0,0
337.997289,1,11140.362958,0,0,0,0,1
-189.004682,5,11141.905215,0,0,1,0,0
328.800053,1,11142.083477,0,0,0,0,1
328.778864,1,11142.368122,0,0,0,0,1
141.752841,14,11144.868969,0,0,1,0,0
337.826741,1,11145.041909,0,0,0,0,1
328.93954,1,11145.264886,0,0,0,0,1
328.859287,1,11145.492873,1,0,0,0,0
337.939542,1,11145.714329,0,0,0,0,1
337.80893,1,11145.960111,0,0,0,0,1
443.236102,24,11148.91953,0,0,1,0,0
328.90969,1,11149.323627,0,0,1,0,0
328.881733,1,11149.731347,0,0,1,0,0
337.888919,1,11149.908932,0,0,1,0,0
791.508963,35,11175.547292,0,0,1,0,0
-127.004348,3,11177.379406,0,0,1,0,0
-148.296399,6,11180.070045,0,0,1,0,0
328.800053,1,11180.23547,0,0,0,0,1
407.353686,20,11183.192125,0,0,1,0,0
100.085965,14,11185.079672,0,0,1,0,0
328.977188,1,11185.454141,0,0,0,0,1
390.839118,19,11197.143392,0,0,1,0,0
547.894031,30,11200.983356,0,0,1,0,0
337.778864,1,11201.199288,0,0,0,0,1
-126.388102,1,11201.477283,0,0,1,0,0
282.554056,14,11204.307086,0,0,1,0,0
337.931001,1,11204.572668,0,0,0,0,1
328.778864,1,11204.809473,0,0,0,0,1
328.826743,1,11205.044528,0,0,0,0,1
328.800053,1,11205.251137,0,0,0,0,1
337.826743,1,11205.483097,0,0,0,0,1
29.40742,10,11208.12681,0,0,1,0,0
328.99729,1,11208.352683,0,0,0,0,1
541.207544,22,11213.425752,0,0,1,0,0
328.90969,1,11213.849644,0,0,1,0,0
328.93954,1,11214.067873,0,0,0,0,1
384.163846,18,11224.933343,0,0,1,0,0
553.363717,24,11229.64182,0,0,1,0,0
551.240137,22,11233.761121,0,0,1,0,0
558.797515,26,11236.064572,0,0,1,0,0
328.852829,1,11236.326039,0,0,1,0,0
213.475169,14,11238.736524,0,0,1,0,0
328.863408,1,11238.906509,0,0,0,0,1
687.188239,33,11245.495718,1,0,0,0,0
1221.721802,69,11262.859325,0,0,1,0,0
622.171456,10,11264.216794,0,0,0,0,1
531.879142,22,11275.151562,0,0,1,0,0
287.013302,15,11283.229202,0,0,1,0,0
328.99729,1,11283.395508,0,0,0,0,1
576.856221,36,11291.253596,0,0,1,0,0
85.854502,7,11293.52853,0,0,1,0,0
328.826743,1,11293.716233,0,0,0,0,1
328.82862,1,11293.941685,0,0,0,0,1
328.888918,1,11294.208833,0,0,1,0,0
-108.16604,2,11294.626156,1,0,0,0,0
328.800053,1,11294.874765,0,0,0,0,1
337.931002,1,11295.119225,0,0,0,0,1
328.931002,1,11295.333705,0,0,0,0,1
337.997289,1,11295.595974,0,0,0,0,1
337.863408,1,11295.857427,0,0,0,0,1
-199.65696,5,11296.526075,0,0,1,0,0
65.100089,14,11298.685434,0,0,1,0,0
16.768893,9,11300.646521,0,0,1,0,0
337.778864,1,11300.919471,0,0,0,0,1
691.248993,36,11303.938025,0,0,1,0,0
-132.922976,1,11305.451803,0,0,1,0,0
-117.76269,6,11313.496294,0,0,1,0,0
17.692542,9,11314.340232,0,0,1,0,0
-129.292326,4,11316.730976,0,0,1,0,0
337.778865,1,11316.887857,0,0,0,0,1
328.852829,1,11317.153841,0,0,1,0,0
328.881733,1,11317.587725,0,0,1,0,0
859.353788,39,11323.273835,0,0,1,0,0
328.826743,1,11323.509811,0,0,0,0,1
328.826743,1,11323.697881,0,0,0,0,1
443.420775,24,11326.240756,0,0,1,0,0
-108.16604,2,11326.581476,1,0,0,0,0
26.094019,9,11327.740687,0,0,1,0,0
-14.069012,6,11328.324686,0,0,1,0,0
87.915572,12,11330.483252,0,0,1,0,0
-140.897522,5,11332.497555,1,0,0,0,0
328.90969,1,11332.978701,0,0,1,0,0
328.778864,1,11333.237255,0,0,0,0,1
337.909528,1,11333.476145,0,0,0,0,1
-132.09471,4,11336.404863,0,0,1,0,0
411.383173,18,11349.215976,0,0,1,0,0
328.931002,1,11349.449559,0,0,0,0,1
328.826743,1,11349.699349,0,0,0,0,1
328.931002,1,11349.897336,0,0,0,0,1
328.846564,1,11350.243378,0,0,1,0,0
-125.303569,5,11352.169697,0,0,1,0,0
964.995164,41,11380.265009,0,0,1,0,0
504.53137,24,11384.210434,1,0,0,0,0
337.778865,1,11384.499898,0,0,0,0,1
202.504872,15,11386.841011,1,0,0,0,0
493.954558,26,11389.895056,0,0,1,0,0
-9.466132,8,11398.308425,0,0,1,0,0
753.071441,38,11404.241153,0,0,1,0,0
33.178236,10,11407.390731,0,0,1,0,0
330.129458,1,11407.873307,0,0,1,0,0
337.931002,1,11408.043362,0,0,0,0,1
328.968284,1,11408.252953,0,0,0,0,1
633.523665,10,11417.348221,0,0,0,0,1
-158.034737,4,11420.968002,0,0,1,0,0
328.99729,1,11421.123394,0,0,0,0,1
305.140091,23,11424.700123,0,0,1,0,0
1307.443383,52,11457.380499,1,0,0,0,0
328.859287,1,11457.565613,1,0,0,0,0
328.863408,1,11457.807166,0,0,0,0,1
491.568673,33,11462.715506,1,0,0,0,0
328.90969,1,11463.118582,0,0,1,0,0
166.544675,10,11474.286309,0,0,1,0,0
541.193914,23,11485.797298,0,0,1,0,0
328.931002,1,11486.539536,0,0,0,0,1
195.968253,11,11489.103418,0,0,1,0,0
328.773494,1,11489.529317,0,0,1,0,0
387.039658,20,11493.772993,0,0,1,0,0
1594.380703,65,11504.983057,0,0,1,0,0
-40.711507,4,11505.534057,0,0,1,0,0
337.99729,1,11505.699306,0,0,0,0,1
328.773494,1,11506.148329,0,0,1,0,0
414.942855,21,11508.392309,0,0,1,0,0
246.758008,13,11511.525074,1,0,0,0,0
328.800053,1,11511.734604,0,0,0,0,1
328.82862,1,11511.983095,0,0,0,0,1
328.800053,1,11512.223157,0,0,0,0,1
150.355601,17,11513.948269,0,0,1,0,0
328.93954,1,11514.271718,0,0,0,0,1
469.772598,29,11517.35599,0,0,1,0,0
328.778864,1,11517.621789,0,0,0,0,1
337.778865,1,11517.900395,0,0,0,0,1
-99.136238,2,11525.808501,0,0,1,0,0
273.732623,16,11527.840461,0,0,1,0,0
328.93954,1,11528.056142,0,0,0,0,1
694.483955,34,11531.637501,0,0,1,0,0
328.90969,1,11532.071758,0,0,1,0,0
328.831123,1,11532.276178,0,0,0,0,1
319.694842,20,11535.651481,1,0,0,0,0
328.99729,1,11535.89803,0,0,0,0,1
551.451362,35,11538.612518,0,0,1,0,0
-108.122235,2,11538.925174,0,0,1,0,0
3.272616,7,11539.89607,0,0,1,0,0
-115.322706,2,11540.245856,0,0,1,0,0
-153.384975,6,11543.21489,0,0,1,0,0
328.93954,1,11543.388709,0,0,0,0,1
328.859285,1,11543.656701,1,0,0,0,0
802.66263,34,11547.290749,0,0,1,0,0
328.99729,1,11547.489921,0,0,0,0,1
328.881733,1,11548.02234,0,0,1,0,0
750.446571,33,11553.703523,1,0,0,0,0
337.99729,1,11553.922027,0,0,0,0,1
412.001072,18,11554.843725,0,0,1,0,0
337.778864,1,11555.012843,0,0,0,0,1
436.802534,23,11557.539999,1,0,0,0,0
328.778864,1,11557.740065,0,0,0,0,1
674.172589,42,11568.018914,0,0,1,0,0
328.968284,1,11568.194007,0,0,0,0,1
619.172847,26,11570.446167,0,0,1,0,0
1047.777823,52,11588.262602,0,0,1,0,0
337.778864,1,11588.452673,0,0,0,0,1
328.800053,1,11588.669823,0,0,0,0,1
328.968284,1,11588.88863,0,0,0,0,1
337.778862,1,11589.211329,0,0,0,0,1
202.504872,15,11591.698736,1,0,0,0,0
497.432538,24,11594.074386,0,0,1,0,0
-124.087411,3,11596.628225,0,0,1,0,0
118.388673,8,11599.81245,0,0,1,0,0
854.987033,37,11610.832241,0,0,1,0,0
328.931002,1,11611.040361,0,0,0,0,1
328.931002,1,11611.253837,0,0,0,0,1
328.778864,1,11611.469669,0,0,0,0,1
330.129458,1,11611.949512,0,0,1,0,0
337.800055,1,11612.123679,0,0,0,0,1
328.931002,1,11612.351809,0,0,0,0,1
-129.575722,4,11614.806704,0,0,1,0,0
274.451882,20,11617.203303,0,0,1,0,0
337.826743,1,11617.408193,0,0,0,0,1
355.288054,22,11620.489479,0,0,1,0,0
-154.522659,6,11623.371644,0,0,1,0,0
177.811443,19,11625.206965,0,0,1,0,0
328.99729,1,11625.475085,0,0,0,0,1
337.778863,1,11625.740891,0,0,0,0,1
337.778864,1,11625.964113,0,0,0,0,1
289.27008,14,11628.49932,0,0,1,0,0
337.931002,1,11628.661784,0,0,0,0,1
-130.420425,4,11631.121649,0,0,1,0,0
735.534762,43,11637.716241,0,0,1,0,0
328.888918,1,11637.892143,0,0,1,0,0
381.696268,17,11640.911434,0,0,1,0,0
328.778864,1,11641.074602,0,0,0,0,1
786.111202,34,11647.833237,0,0,1,0,0
139.936542,13,11657.375518,0,0,1,0,0
337.863408,1,11657.584422,0,0,0,0,1
328.773494,1,11658.072028,0,0,1,0,0
-135.522829,4,11660.958681,0,0,1,0,0
337.831124,1,11661.148491,0,0,0,0,1
328.826743,1,11661.360225,0,0,0,0,1
328.778864,1,11661.568172,0,0,0,0,1
328.974907,1,11661.854077,0,0,0,0,1
650.25996,34,11677.356159,0,0,1,0,0
328.800053,1,11677.53162,0,0,0,0,1
328.778864,1,11677.801775,0,0,0,0,1
328.93954,1,11678.060424,0,0,0,0,1
328.778864,1,11678.331841,0,0,0,0,1
265.314229,13,11680.042229,0,0,1,0,0
584.094384,28,11685.369323,0,0,1,0,0
5.458569,9,11687.478387,0,0,1,0,0
328.800053,1,11687.705111,0,0,0,0,1
-148.143009,6,11690.366096,0,0,1,0,0
711.352614,31,11696.32159,0,0,1,0,0
-207.0026,5,11698.034483,0,0,1,0,0
337.968284,1,11698.16661,0,0,0,0,1
337.826742,1,11698.501697,0,0,0,0,1
328.93954,1,11698.718999,0,0,0,0,1
750.900097,32,11704.042772,1,0,0,0,0
-126.20947,6,11704.763576,0,0,1,0,0
491.875779,23,11715.240561,0,0,1,0,0
328.968284,1,11715.390104,0,0,0,0,1
543.923285,33,11720.100044,0,0,1,0,0
328.93954,1,11720.335703,0,0,0,0,1
328.826743,1,11720.575223,0,0,0,0,1
708.772382,31,11723.045961,0,0,1,0,0
328.82862,1,11723.240447,0,0,0,0,1
337.800054,1,11723.49393,0,0,0,0,1
741.449667,32,11726.644306,0,0,1,0,0
460.098801,20,11729.992312,0,0,1,0,0
328.99729,1,11730.147997,0,0,0,0,1
-108.16604,2,11730.585102,1,0,0,0,0
799.497971,42,11737.096854,1,0,0,0,0
-127.211414,3,11738.954133,0,0,1,0,0
577.78281,32,11745.117825,0,0,1,0,0
941.073943,42,11761.700211,0,0,1,0,0
212.321515,13,11764.038345,0,0,1,0,0
337.931002,1,11764.200634,0,0,0,0,1
328.863408,1,11764.404535,0,0,0,0,1
328.826743,1,11764.655922,0,0,0,0,1
90.229422,12,11768.216354,0,0,1,0,0
328.931002,1,11768.444975,0,0,0,0,1
-158.61289,4,11772.161303,0,0,1,0,0
328.93954,1,11772.326663,0,0,0,0,1
11.793279,9,11775.063444,0,0,1,0,0
68.982871,11,11777.433394,0,0,1,0,0
292.774259,16,11780.479836,1,0,0,0,0
328.931002,1,11780.714293,0,0,0,0,1
328.991637,1,11781.180256,0,0,0,0,1
328.800053,1,11781.394473,0,0,0,0,1
328.968284,1,11781.610613,0,0,0,0,1
328.888918,1,11781.914539,0,0,1,0,0
330.129458,1,11782.367201,0,0,1,0,0
328.826743,1,11782.528758,0,0,0,0,1
328.859287,1,11782.777668,1,0,0,0,0
497.711045,26,11785.896309,0,0,1,0,0
328.826743,1,11786.115681,0,0,0,0,1
328.931002,1,11786.34386,0,0,0,0,1
205.065444,15,11788.372326,0,0,1,0,0
418.360206,16,11796.443824,0,0,1,0,0
337.931001,1,11796.680171,0,0,0,0,1
1077.93897,47,11805.471498,0,0,1,0,0
410.7211,25,11808.468671,0,0,1,0,0
337.863408,1,11808.685633,0,0,0,0,1
328.938687,1,11809.103633,0,0,0,0,1
337.200004,18,11819.822823,0,0,1,0,0
328.846564,1,11820.273409,0,0,1,0,0
417.362737,26,11824.589366,0,0,1,0,0
337.968283,1,11824.852772,0,0,0,0,1
418.1371,22,11827.17904,1,0,0,0,0
328.778864,1,11827.380473,0,0,0,0,1
854.882892,48,11835.582093,0,0,1,0,0
823.063576,34,11841.936392,0,0,1,0,0
192.886027,11,11844.086015,0,0,1,0,0
133.741025,13,11845.223553,0,0,1,0,0
411.906333,18,11849.557901,0,0,1,0,0
328.800053,1,11849.746331,0,0,0,0,1
340.260399,21,11852.616515,0,0,1,0,0
120.073309,12,11862.487741,0,0,1,0,0
624.637736,54,11873.311803,0,0,1,0,0
781.325037,34,11896.216155,0,0,1,0,0
1224.357972,57,11906.815213,0,0,1,0,0
337.800054,1,11906.98504,0,0,0,0,1
328.778864,1,11907.210727,0,0,0,0,1
328.93954,1,11907.454123,0,0,0,0,1
337.93954,1,11907.710814,0,0,0,0,1
328.93954,1,11907.979929,0,0,0,0,1
-153.527846,3,11911.618104,0,0,1,0,0
38.185683,10,11914.623597,0,0,1,0,0
328.800053,1,11914.835722,0,0,0,0,1
328.778864,1,11915.089524,0,0,0,0,1
574.178786,26,11918.823503,1,0,0,0,0
337.863407,1,11919.016422,0,0,0,0,1
-132.922976,1,11920.656629,0,0,1,0,0
252.187819,14,11928.220315,0,0,1,0,0
328.93954,1,11928.407646,0,0,0,0,1
473.584356,18,11934.208591,0,0,1,0,0
205.170103,12,11940.625168,0,0,1,0,0
399.357122,20,11949.701958,0,0,1,0,0
-108.16604,2,11950.054897,1,0,0,0,0
672.37823,39,11954.550571,0,0,1,0,0
328.778864,1,11954.79216,0,0,0,0,1
40.078601,13,11957.17254,0,0,1,0,0
328.938687,1,11957.652402,0,0,0,0,1
328.863408,1,11957.934231,0,0,0,0,1
1472.879677,56,11974.562376,1,0,0,0,0
328.800053,1,11974.828617,0,0,0,0,1
328.826743,1,11975.102103,0,0,0,0,1
328.800053,1,11975.307809,0,0,0,0,1
965.728134,40,11983.081328,0,0,1,0,0
239.974491,15,12331.121141,0,0,1,0,0
-198.663258,8,12331.614562,0,0,1,0,0
337.826742,1,12331.769721,0,0,0,0,1
38.882843,10,12334.034699,0,0,1,0,0
337.931002,1,12334.284964,0,0,0,0,1
328.778864,1,12334.502531,0,0,0,0,1
328.800053,1,12334.727395,0,0,0,0,1
328.99729,1,12334.981432,0,0,0,0,1
328.93954,1,12335.267637,0,0,0,0,1
712.782889,34,12338.544367,0,0,1,0,0
821.64348,34,12382.613168,0,0,1,0,0
337.800053,1,12382.877145,0,0,0,0,1
31.900968,10,12385.639445,0,0,1,0,0
93.962561,12,12387.964009,0,0,1,0,0
337.939541,1,12388.221512,0,0,0,0,1
328.99729,1,12388.449006,0,0,0,0,1
628.848258,32,12391.680736,1,0,0,0,0
305.413423,16,12393.030266,0,0,1,0,0
65.100089,14,12395.315996,0,0,1,0,0
337.778864,1,12395.579026,0,0,0,0,1
337.778863,1,12395.8197,0,0,0,0,1
816.287855,37,12409.903658,0,0,1,0,0
1627.026198,74,12428.598997,1,0,0,0,0
-126.391787,1,12428.858531,0,0,1,0,0
205.049762,13,12431.268995,0,0,1,0,0
119.761909,12,12433.081536,0,0,1,0,0
328.99729,1,12433.384553,0,0,0,0,1
-153.524206,3,12437.007932,0,0,1,0,0
16.13049,9,12437.758524,0,0,1,0,0
328.881733,1,12438.175688,0,0,1,0,0
509.295119,26,12439.843548,0,0,1,0,0
328.968284,1,12440.016138,0,0,0,0,1
269.582923,13,12443.5383,0,0,1,0,0
321.129458,1,12443.998992,0,0,1,0,0
404.593988,28,12448.335675,1,0,0,0,0
328.881733,1,12448.789525,0,0,1,0,0
337.852828,1,12449.023018,0,0,1,0,0
337.997289,1,12449.240043,0,0,0,0,1
215.279133,16,12451.109379,0,0,1,0,0
337.778863,1,12451.343531,0,0,0,0,1
-120.45897,5,12453.198102,0,0,1,0,0
-118.449532,5,12455.006437,0,0,1,0,0
32.943703,10,12457.568316,0,0,1,0,0
500.237411,26,12460.655736,0,0,1,0,0
337.828621,1,12460.86775,0,0,0,0,1
416.427281,21,12463.993992,0,0,1,0,0
328.778864,1,12464.223951,0,0,0,0,1
337.991637,1,12464.73603,0,0,0,0,1
357.078669,20,12467.113053,0,0,1,0,0
710.21461,35,12481.704836,0,0,1,0,0
328.931002,1,12481.975991,0,0,0,0,1
328.800053,1,12482.180482,0,0,0,0,1
773.309538,38,12486.350767,0,0,1,0,0
-134.001366,4,12489.17837,0,0,1,0,0
337.93954,1,12489.373258,0,0,0,0,1
328.826743,1,12489.626203,0,0,0,0,1
328.931002,1,12489.854639,0,0,0,0,1
-199.603445,5,12490.439226,0,0,1,0,0
384.837148,21,12492.793227,0,0,1,0,0
-155.890105,6,12495.547953,0,0,1,0,0
328.931002,1,12495.730175,0,0,0,0,1
179.830537,12,12839.772969,0,0,1,0,0
328.881733,1,12840.156321,0,0,1,0,0
-35.837954,4,12840.696967,0,0,1,0,0
328.93954,1,12840.849658,0,0,0,0,1
328.800053,1,12841.073116,0,0,0,0,1
226.158469,13,12843.483414,0,0,1,0,0
328.93954,1,12843.736728,0,0,0,0,1
328.852829,1,12844.032643,0,0,1,0,0
328.931002,1,12844.240279,0,0,0,0,1
60.812607,11,12846.491622,0,0,1,0,0
337.931,1,12846.756409,0,0,0,0,1
1227.435781,52,12855.84876,1,0,0,0,0
518.246379,24,12867.209823,1,0,0,0,0
-124.011808,1,12867.528644,0,0,1,0,0
328.82862,1,12867.703872,0,0,0,0,1
328.800053,1,12867.976143,0,0,0,0,1
813.742972,37,12875.755649,0,0,1,0,0
328.881733,1,12876.099792,0,0,1,0,0
328.831123,1,12876.269641,0,0,0,0,1
64.22921,11,12878.513584,0,0,1,0,0
369.394727,18,12880.17131,0,0,1,0,0
337.778865,1,12880.368075,0,0,0,0,1
328.826743,1,12880.604321,0,0,0,0,1
396.60926,22,12882.951779,0,0,1,0,0
25.246427,9,12883.570984,0,0,1,0,0
328.90969,1,12883.934708,0,0,1,0,0
323.110813,19,12885.877585,0,0,1,0,0
328.778864,1,12886.07758,0,0,0,0,1
156.188661,12,12887.643003,0,0,1,0,0
328.800053,1,12887.828385,0,0,0,0,1
618.262142,34,12893.591671,0,0,1,0,0
328.99729,1,12893.830052,0,0,0,0,1
337.800054,1,12894.092833,0,0,0,0,1
270.004521,18,12897.36305,0,0,1,0,0
177.608534,14,12900.020737,0,0,1,0,0
-132.922976,1,12901.597947,0,0,1,0,0
328.991637,1,12901.957649,0,0,0,0,1
1060.062709,46,12905.910118,0,0,1,0,0
328.968284,1,12906.105418,0,0,0,0,1
719.010543,39,12909.120287,0,0,1,0,0
872.639714,38,12932.632722,0,0,1,0,0
328.931002,1,12932.845838,0,0,0,0,1
581.158435,32,12944.111024,0,0,1,0,0
337.931002,1,12944.343463,0,0,0,0,1
-58.538644,4,12944.9166,0,0,1,0,0
337.778863,1,12945.117914,0,0,0,0,1
-42.18719,7,12946.468572,0,0,1,0,0
321.129458,1,12946.910255,0,0,1,0,0
321.129458,1,12947.289454,0,0,1,0,0
328.93954,1,12947.489999,0,0,0,0,1
-97.103247,2,12948.57846,0,0,1,0,0
337.931001,1,12948.732066,0,0,0,0,1
423.274785,22,12952.361735,0,0,1,0,0
-128.836639,4,12954.628204,0,0,1,0,0
1238.691801,63,12963.43391,0,0,1,0,0
330.129458,1,12963.96717,0,0,1,0,0
328.93954,1,12964.149597,0,0,0,0,1
46.024536,7,12965.651414,0,0,1,0,0
-124.011808,1,12965.936162,0,0,1,0,0
-125.63321,6,12966.529915,0,0,1,0,0
745.539798,42,12969.991212,0,0,1,0,0
14.165953,9,12970.802426,0,0,1,0,0
328.881733,1,12971.232589,0,0,1,0,0
944.998428,43,12980.162094,1,0,0,0,0
-129.071402,1,12987.947624,0,0,1,0,0
317.142079,17,12992.117902,0,0,1,0,0
417.893126,18,13004.967738,0,0,1,0,0
526.92808,24,13007.115648,0,0,1,0,0
-132.738533,1,13007.490896,0,0,1,0,0
321.129458,1,13007.979526,0,0,1,0,0
1198.517523,46,13014.66741,0,0,1,0,0
328.881733,1,13015.095074,0,0,1,0,0
328.800053,1,13015.30112,0,0,0,0,1
-124.492599,5,13017.116031,0,0,1,0,0
-154.561185,6,13019.724602,0,0,1,0,0
318.213157,19,13021.62137,0,0,1,0,0
-115.349083,2,13021.977473,0,0,1,0,0
328.872329,1,13022.284551,0,0,0,0,1
328.800053,1,13022.485402,0,0,0,0,1
328.846564,1,13022.825157,0,0,1,0,0
328.826743,1,13023.017439,0,0,0,0,1
328.881733,1,13023.451077,0,0,1,0,0
337.931002,1,13023.636276,0,0,0,0,1
328.93954,1,13023.866363,0,0,0,0,1
551.424103,25,13029.109586,0,0,1,0,0
328.82862,1,13029.429597,0,0,0,0,1
36.198548,10,13032.264006,0,0,1,0,0
328.978126,1,13032.619931,0,0,0,0,1
328.82862,1,13032.817198,0,0,0,0,1
328.881733,1,13033.238558,0,0,1,0,0
337.828621,1,13033.426655,0,0,0,0,1
176.284216,15,13036.053264,0,0,1,0,0
328.93954,1,13036.281117,0,0,0,0,1
328.863408,1,13036.500348,0,0,0,0,1
117.134422,11,13050.505676,0,0,1,0,0
337.99729,1,13050.714547,0,0,0,0,1
-132.922976,1,13052.408502,0,0,1,0,0
-127.141157,3,13054.20488,0,0,1,0,0
388.699694,43,13066.607162,0,0,1,0,0
328.778864,1,13066.805354,0,0,0,0,1
-14.803459,8,13069.175952,0,0,1,0,0
-126.388102,1,13069.435485,0,0,1,0,0
328.931002,1,13069.613282,0,0,0,0,1
989.513892,46,13078.746835,0,0,1,0,0
-140.972848,1,13081.446592,1,0,0,0,0
1376.552638,55,13460.103222,0,0,1,0,0
328.778864,1,13460.275579,0,0,0,0,1
266.480674,14,13463.179142,0,0,1,0,0
333.832969,24,13465.500033,0,0,1,0,0
328.931002,1,13465.722186,0,0,0,0,1
328.859287,1,13465.917479,1,0,0,0,0
393.474222,19,13478.31003,0,0,1,0,0
328.93954,1,13478.598928,0,0,0,0,1
267.097731,19,13480.297441,0,0,1,0,0
-140.433958,5,13482.300634,1,0,0,0,0
328.859288,1,13482.511876,1,0,0,0,0
328.778864,1,13482.764602,0,0,0,0,1
328.881733,1,13483.185681,0,0,1,0,0
626.972098,34,13489.319331,0,0,1,0,0
328.888918,1,13489.55251,0,0,1,0,0
647.597946,29,13493.829779,0,0,1,0,0
328.99729,1,13494.063539,0,0,0,0,1
-206.919091,5,13495.722626,0,0,1,0,0
-137.049548,5,13497.094329,0,0,1,0,0
328.773494,1,13497.500796,0,0,1,0,0
-132.202024,4,13500.2098,0,0,1,0,0
328.99729,1,13500.422015,0,0,0,0,1
328.99729,1,13500.648485,0,0,0,0,1
684.372889,29,13503.816841,1,0,0,0,0
328.881733,1,13504.247935,0,0,1,0,0
328.773494,1,13504.672391,0,0,1,0,0
328.82862,1,13504.858968,0,0,0,0,1
328.99729,1,13505.098844,0,0,0,0,1
328.82862,1,13505.355969,0,0,0,0,1
328.93954,1,13505.598224,0,0,0,0,1
337.931,1,13505.838705,0,0,0,0,1
337.93954,1,13506.089985,0,0,0,0,1
328.800053,1,13506.339928,0,0,0,0,1
407.807478,27,13511.657558,0,0,1,0,0
328.846564,1,13512.038692,0,0,1,0,0
683.132923,32,13526.075277,0,0,1,0,0
328.931002,1,13526.325441,0,0,0,0,1
328.846564,1,13526.681973,0,0,1,0,0
2.474456,9,13529.147006,0,0,1,0,0
797.561245,37,13536.057199,0,0,1,0,0
328.773494,1,13536.571385,0,0,1,0,0
828.813565,61,13544.673698,0,0,1,0,0
618.972947,28,13893.958331,0,0,1,0,0
328.931002,1,13894.102105,0,0,0,0,1
337.909529,1,13894.297183,0,0,0,0,1
328.846564,1,13894.663612,0,0,1,0,0
328.90969,1,13895.116739,0,0,1,0,0
333.796372,18,13897.709717,0,0,1,0,0
173.28709,10,13898.793021,0,0,1,0,0
479.408893,20,13902.94077,1,0,0,0,0
337.828619,1,13903.093575,0,0,0,0,1
167.415074,11,13904.939548,0,0,1,0,0
328.93954,1,13905.218136,0,0,0,0,1
8.696603,9,13906.124456,0,0,1,0,0
444.992531,21,13908.097833,0,0,1,0,0
328.846564,1,13908.406284,0,0,1,0,0
328.826743,1,13908.642763,0,0,0,0,1
-121.393646,6,13909.283165,0,0,1,0,0
-126.984327,3,13910.989489,0,0,1,0,0
196.693963,10,13915.552326,0,0,1,0,0
-126.996194,3,13916.446581,1,0,0,0,0
337.888919,1,13916.620356,0,0,1,0,0
322.771011,18,13927.374122,0,0,1,0,0
328.99729,1,13927.661911,0,0,0,0,1
321.129458,1,13928.19144,0,0,1,0,0
12.635165,9,13929.096552,0,0,1,0,0
-132.907052,1,13930.622214,0,0,1,0,0
328.863408,1,13930.779254,0,0,0,0,1
337.808928,1,13931.027923,0,0,0,0,1
1698.390006,77,13939.584789,1,0,0,0,0
328.931002,1,13939.743337,0,0,0,0,1
1149.143166,59,13951.947469,0,0,1,0,0
984.40329,45,13958.401555,0,0,1,0,0
337.826743,1,13958.702959,0,0,0,0,1
328.778864,1,13958.953249,0,0,0,0,1
328.93954,1,13959.207535,0,0,0,0,1
337.778866,1,13959.461899,0,0,0,0,1
457.304885,19,13969.399108,0,0,1,0,0
616.894756,30,13975.596424,0,0,1,0,0
337.831123,1,13975.873346,0,0,0,0,1
328.846564,1,13976.208057,0,0,1,0,0
111.589757,8,13982.217468,0,0,1,0,0
1181.765835,48,13988.154626,0,0,1,0,0
328.881733,1,13988.523603,0,0,1,0,0
-9.234221,8,13990.357053,0,0,1,0,0
-126.996194,3,13991.332361,1,0,0,0,0
143.324348,10,13992.677499,0,0,1,0,0
328.881733,1,13993.049284,0,0,1,0,0
328.968284,1,13993.197756,0,0,0,0,1
191.931306,12,14002.08095,0,0,1,0,0
238.050042,17,14003.98456,0,0,1,0,0
1012.68949,48,14011.505594,0,0,1,0,0
328.826743,1,14011.747627,0,0,0,0,1
74.83255,11,14013.220056,0,0,1,0,0
104.516589,9,14015.129491,0,0,1,0,0
166.597488,14,14017.338815,0,0,1,0,0
337.931003,1,14017.617139,0,0,0,0,1
-88.130785,2,14018.77932,0,0,1,0,0
542.767892,23,14023.125674,0,0,1,0,0
664.459003,16,14025.411544,0,0,0,0,1
337.931002,1,14025.685597,0,0,0,0,1
509.904349,35,14031.67735,0,0,1,0,0
-194.731317,8,14032.27323,0,0,1,0,0
-199.629452,8,14032.88636,0,0,1,0,0
321.129458,1,14033.224372,0,0,1,0,0
32.751284,10,14035.854212,0,0,1,0,0
454.338619,19,14038.664538,0,0,1,0,0
705.384736,33,14043.513967,0,0,1,0,0
841.594566,38,14059.219831,0,0,1,0,0
328.93954,1,14059.435816,0,0,0,0,1
328.99729,1,14059.701325,0,0,0,0,1
337.828619,1,14059.968371,0,0,0,0,1
337.800052,1,14060.187396,0,0,0,0,1
337.881734,1,14060.638593,0,0,1,0,0
337.85283,1,14060.880153,0,0,1,0,0
488.738238,22,14065.279032,0,0,1,0,0
-141.000732,1,14068.271044,1,0,0,0,0
328.773494,1,14068.757068,0,0,1,0,0
340.456454,17,14070.851002,0,0,1,0,0
328.99729,1,14071.083568,0,0,0,0,1
337.778863,1,14071.341197,0,0,0,0,1
280.933433,14,14074.562458,1,0,0,0,0
-124.89613,5,14076.324924,0,0,1,0,0
427.002811,21,14085.213517,0,0,1,0,0
328.846564,1,14085.48128,0,0,1,0,0
328.93954,1,14085.682395,0,0,0,0,1
328.778864,1,14086.006577,0,0,0,0,1
543.199482,41,14089.916203,0,0,1,0,0
-10.695474,8,14091.736745,0,0,1,0,0
1173.505779,53,14104.960259,0,0,1,0,0
524.642133,25,14127.294935,0,0,1,0,0
337.931,1,14127.460793,0,0,0,0,1
15.838762,9,14128.207858,0,0,1,0,0
-199.603445,5,14128.843129,0,0,1,0,0
453.594425,28,14133.576195,0,0,1,0,0
-189.102081,5,14135.010001,0,0,1,0,0
328.90969,1,14135.431584,0,0,1,0,0
-123.739206,1,14135.892573,0,0,1,0,0
328.991637,1,14136.357671,0,0,0,0,1
460.700449,20,14157.172885,0,0,1,0,0
328.920203,1,14157.650763,0,0,0,0,1
106.905011,10,14158.78819,0,0,1,0,0
289.909848,14,14162.634599,0,0,1,0,0
405.149356,23,14165.159934,0,0,1,0,0
255.362035,14,14167.828749,0,0,1,0,0
328.80893,1,14168.055931,0,0,0,0,1
-108.122235,2,14168.395146,0,0,1,0,0
-133.419669,4,14171.097201,0,0,1,0,0
328.800053,1,14171.269603,0,0,0,0,1
328.99729,1,14171.491054,0,0,0,0,1
328.846564,1,14171.877429,0,0,1,0,0
96.967991,11,14173.675899,0,0,1,0,0
708.071169,28,14179.704202,0,0,1,0,0
337.863408,1,14179.84898,0,0,0,0,1
328.931002,1,14180.099391,0,0,0,0,1
159.416949,11,14182.303964,0,0,1,0,0
798.058414,36,14188.497238,1,0,0,0,0
505.758843,27,14191.489582,1,0,0,0,0
328.931002,1,14191.682482,0,0,0,0,1
337.997289,1,14191.922257,0,0,0,0,1
328.859287,1,14192.205363,1,0,0,0,0
409.758503,19,14196.389863,0,0,1,0,0
669.091688,27,14208.591344,0,0,1,0,0
328.82862,1,14208.812186,0,0,0,0,1
-153.527846,3,14212.219171,0,0,1,0,0
-16.394204,6,14212.908253,0,0,1,0,0
347.575472,22,14215.042464,0,0,1,0,0
717.465402,28,14219.701994,0,0,1,0,0
1282.463648,55,14229.972481,0,0,1,0,0
-136.95023,5,14231.49245,0,0,1,0,0
337.82862,1,14231.641526,0,0,0,0,1
147.773915,9,14239.327003,0,0,1,0,0
328.881733,1,14239.736165,0,0,1,0,0
-137.606449,5,14241.133741,0,0,1,0,0
328.93954,1,14241.323884,0,0,0,0,1
-140.720289,5,14243.248204,1,0,0,0,0
337.778864,1,14243.468669,0,0,0,0,1
328.859287,1,14243.724639,1,0,0,0,0
328.826743,1,14243.996195,0,0,0,0,1
328.99729,1,14244.213883,0,0,0,0,1
337.778865,1,14244.476336,0,0,0,0,1
328.852829,1,14244.754915,0,0,1,0,0
-124.011808,1,14245.044103,0,0,1,0,0
202.504872,15,14247.349216,1,0,0,0,0
-124.059827,3,14250.08033,0,0,1,0,0
337.863407,1,14250.263705,0,0,0,0,1
328.90969,1,14250.729504,0,0,1,0,0
-128.801282,4,14253.377292,0,0,1,0,0
337.778864,1,14253.578058,0,0,0,0,1
487.130965,27,14257.029929,0,0,1,0,0
-9.129852,8,14265.287719,0,0,1,0,0
328.863408,1,14265.475729,0,0,0,0,1
-6.279626,8,14267.17169,0,0,1,0,0
-140.999267,1,14269.846641,1,0,0,0,0
548.544051,35,14277.822459,0,0,1,0,0
552.915286,32,14281.703841,0,0,1,0,0
-14.132197,8,14283.879504,0,0,1,0,0
-120.066804,1,14284.489163,0,0,1,0,0
337.939541,1,14284.738099,0,0,0,0,1
613.318574,27,14287.760034,1,0,0,0,0
613.188494,10,14288.935276,0,0,0,0,1
1080.96712,47,14294.696675,0,0,1,0,0
475.017483,21,14305.296437,0,0,1,0,0
65.100089,14,14307.504632,0,0,1,0,0
425.131308,20,14310.338594,0,0,1,0,0
328.778864,1,14310.563436,0,0,0,0,1
143.996381,16,14312.998072,0,0,1,0,0
328.931002,1,14313.232864,0,0,0,0,1
328.968284,1,14313.444408,0,0,0,0,1
-126.991088,3,14314.393121,1,0,0,0,0
195.526901,13,14658.0054,0,0,1,0,0
930.038588,41,14672.290028,0,0,1,0,0
621.09147,29,14677.923403,0,0,1,0,0
1121.694403,45,14683.239804,0,0,1,0,0
1007.167915,43,14688.12031,0,0,1,0,0
-135.731493,5,14689.580586,0,0,1,0,0
337.93954,1,14689.744738,0,0,0,0,1
328.93954,1,14690.018981,0,0,0,0,1
328.846564,1,14690.389222,0,0,1,0,0
328.859287,1,14690.604073,1,0,0,0,0
328.938687,1,14691.049409,0,0,0,0,1
221.866167,13,14693.923555,0,0,1,0,0
1263.069415,50,14701.097381,0,0,1,0,0
340.260399,21,14703.568316,0,0,1,0,0
-99.116265,2,14703.907839,0,0,1,0,0
328.859287,1,14704.123511,1,0,0,0,0
-141.517412,5,14705.910558,1,0,0,0,0
-126.996194,3,14706.744734,1,0,0,0,0
328.93954,1,14706.911387,0,0,0,0,1
337.931001,1,14707.151643,0,0,0,0,1
548.501146,24,14709.557169,1,0,0,0,0
328.863408,1,14709.762176,0,0,0,0,1
241.152697,12,14725.85757,0,0,1,0,0
328.800053,1,14726.101992,0,0,0,0,1
337.826742,1,14726.317459,0,0,0,0,1
528.721712,26,14730.705716,0,0,1,0,0
233.985251,12,14742.701283,0,0,1,0,0
22.432527,9,14743.279697,0,0,1,0,0
328.800053,1,14743.436776,0,0,0,0,1
328.826743,1,14743.648817,0,0,0,0,1
328.99729,1,14743.893075,0,0,0,0,1
-140.897522,5,14745.760078,1,0,0,0,0
476.991575,24,14749.259793,0,0,1,0,0
328.931002,1,14749.496677,0,0,0,0,1
321.129458,1,14749.933604,0,0,1,0,0
328.931002,1,14750.127121,0,0,0,0,1
445.145597,20,14754.441427,0,0,1,0,0
328.773494,1,14754.899135,0,0,1,0,0
24.119947,9,14755.509432,0,0,1,0,0
337.800053,1,14755.662472,0,0,0,0,1
328.99729,1,14755.886457,0,0,0,0,1
-140.952407,5,14758.100392,1,0,0,0,0
1299.931246,53,14764.527485,0,0,1,0,0
342.211133,16,14776.243662,0,0,1,0,0
-137.08519,5,14777.611095,0,0,1,0,0
328.931002,1,14777.768997,0,0,0,0,1
626.644445,30,14781.573839,0,0,1,0,0
328.99729,1,14781.804127,0,0,0,0,1
525.539486,25,14785.787379,1,0,0,0,0
-140.999267,1,14788.18574,1,0,0,0,0
328.90969,1,14788.62208,0,0,1,0,0
1733.681578,64,14812.018273,0,0,1,0,0
328.863408,1,14812.33129,0,0,0,0,1
-67.547427,4,14812.956647,0,0,1,0,0
328.888918,1,14813.152194,0,0,1,0,0
328.859287,1,14813.443781,1,0,0,0,0
-158.031614,5,14814.032063,0,0,1,0,0
337.939541,1,14814.176235,0,0,0,0,1
328.826743,1,14814.431498,0,0,0,0,1
357.866368,20,14816.68782,0,0,1,0,0
310.962984,15,14821.315338,0,0,1,0,0
1067.194,50,14837.448545,0,0,1,0,0
328.826743,1,14837.669003,0,0,0,0,1
328.93954,1,14837.873008,0,0,0,0,1
328.859287,1,14838.142578,1,0,0,0,0
905.754712,42,14842.156902,1,0,0,0,0
126.790426,12,14844.308576,0,0,1,0,0
-154.914418,6,14847.075385,0,0,1,0,0
127.924485,16,14849.691438,0,0,1,0,0
609.706334,28,14852.774277,0,0,1,0,0
328.778864,1,14853.09425,0,0,0,0,1
99.486936,15,14855.565829,0,0,1,0,0
222.282424,14,15198.056242,0,0,1,0,0
151.776944,9,15203.415475,0,0,1,0,0
471.503153,22,15205.119432,1,0,0,0,0
-232.805681,11,15206.508891,0,0,1,0,0
298.585277,15,15210.163358,0,0,1,0,0
328.881733,1,15210.768774,0,0,1,0,0
726.337137,32,15224.563459,0,0,1,0,0
90.536771,15,15227.267961,0,0,1,0,0
944.04367,41,15234.518916,0,0,1,0,0
835.56155,43,15241.117182,0,0,1,0,0
328.93954,1,15241.320149,0,0,0,0,1
1168.812184,40,15248.052223,0,0,1,0,0
95.82642,12,15250.355089,0,0,1,0,0
337.938686,1,15250.791545,0,0,0,0,1
413.321758,20,15254.670913,0,0,1,0,0
328.826743,1,15254.860537,0,0,0,0,1
328.778864,1,15255.121297,0,0,0,0,1
328.977188,1,15262.914509,0,0,0,0,1
823.938719,42,15269.620028,0,0,1,0,0
328.773494,1,15270.026604,0,0,1,0,0
-193.431187,9,15308.211603,0,0,1,0,0
195.755201,15,15311.07817,0,0,1,0,0
-154.260677,3,15314.838896,0,0,1,0,0
328.859287,1,15315.017172,1,0,0,0,0
47.456272,10,15316.403158,0,0,1,0,0
337.997289,1,15316.610599,0,0,0,0,1
438.541275,21,15319.654395,0,0,1,0,0
422.467758,21,15322.163369,0,0,1,0,0
650.468749,28,15333.813848,1,0,0,0,0
328.831123,1,15334.0226,0,0,0,0,1
-153.554542,3,15338.529119,0,0,1,0,0
328.881733,1,15338.939713,0,0,1,0,0
193.662175,15,15341.667647,0,0,1,0,0
108.185441,9,15342.692405,0,0,1,0,0
178.611925,14,15351.592421,0,0,1,0,0
128.456625,8,15354.924423,0,0,1,0,0
-132.896093,1,15356.57457,0,0,1,0,0
328.800053,1,15356.748215,0,0,0,0,1
328.909529,1,15356.983617,0,0,0,0,1
328.800053,1,15357.255796,0,0,0,0,1
-129.299702,4,15359.989906,0,0,1,0,0
-158.0243,4,15363.563787,0,0,1,0,0
632.324551,10,15372.004073,0,0,0,0,1
337.99729,1,15372.206779,0,0,0,0,1
5.982512,9,15373.983328,0,0,1,0,0
568.767767,28,15377.783484,0,0,1,0,0
1682.395398,63,15384.994339,0,0,1,0,0
328.93954,1,15385.242159,0,0,0,0,1
1069.086031,45,15389.104419,0,0,1,0,0
328.93954,1,15389.280869,0,0,0,0,1
371.784233,17,15400.62876,0,0,1,0,0
281.876968,16,15403.969831,0,0,1,0,0
328.846564,1,15404.482632,0,0,1,0,0
328.93954,1,15404.70517,0,0,0,0,1
337.939541,1,15404.950639,0,0,0,0,1
859.68455,39,15411.547858,0,0,1,0,0
328.881733,1,15411.959581,0,0,1,0,0
337.881733,1,15412.320398,0,0,1,0,0
932.691307,40,15416.870439,0,0,1,0,0
328.778864,1,15417.131959,0,0,0,0,1
184.828246,10,15423.452495,0,0,1,0,0
-123.569933,3,15426.11239,0,0,1,0,0
-36.840251,4,15426.812512,0,0,1,0,0
125.995853,13,15429.268745,0,0,1,0,0
337.881733,1,15429.6992,0,0,1,0,0
328.931002,1,15429.872064,0,0,0,0,1
328.778864,1,15430.09883,0,0,0,0,1
328.826743,1,15430.380885,0,0,0,0,1
-124.054848,3,15433.059057,0,0,1,0,0
-14.702942,8,15435.335361,0,0,1,0,0
340.260399,21,15438.130516,0,0,1,0,0
407.382835,19,15449.280744,1,0,0,0,0
-126.999021,3,15451.117072,0,0,1,0,0
360.877944,19,15454.795141,0,0,1,0,0
328.931002,1,15455.012112,0,0,0,0,1
853.635678,34,15460.837379,0,0,1,0,0
1443.262458,64,15470.975286,1,0,0,0,0
202.504872,15,15473.281901,1,0,0,0,0
337.888918,1,15473.48113,0,0,1,0,0
849.944403,38,15478.944865,1,0,0,0,0
896.954644,37,15484.860175,0,0,1,0,0
328.931002,1,15485.060546,0,0,0,0,1
328.846564,1,15485.388992,0,0,1,0,0
409.413385,22,15488.032746,0,0,1,0,0
721.241958,27,15493.234159,0,0,1,0,0
588.324546,27,15515.914568,0,0,1,0,0
328.90969,1,15516.298926,0,0,1,0,0
-140.999267,1,15518.736415,1,0,0,0,0
528.360793,31,15531.847626,0,0,1,0,0
337.99729,1,15532.034016,0,0,0,0,1
633.447355,10,15540.664061,0,0,0,0,1
-140.265589,5,15542.640882,1,0,0,0,0
328.800053,1,15542.833218,0,0,0,0,1
328.93954,1,15543.062055,0,0,0,0,1
630.733553,30,15546.258004,0,0,1,0,0
464.732495,23,15548.697619,0,0,1,0,0
65.100089,14,15551.01936,0,0,1,0,0
328.778864,1,15551.286562,0,0,0,0,1
328.826743,1,15551.516089,0,0,0,0,1
213.4823,14,15553.729548,0,0,1,0,0
328.859288,1,15553.933444,1,0,0,0,0
-36.840287,4,15554.562721,0,0,1,0,0
-141.102907,5,15556.516692,1,0,0,0,0
222.181336,34,15575.387904,0,0,1,0,0
842.063654,38,15581.545829,1,0,0,0,0
596.503828,26,15587.699118,0,0,1,0,0
328.80893,1,15587.93303,0,0,0,0,1
328.826743,1,15588.180377,0,0,0,0,1
350.206317,16,15590.644839,0,0,1,0,0
328.778864,1,15590.819142,0,0,0,0,1
328.976358,1,15591.160665,0,0,0,0,1
734.018133,34,15603.305174,0,0,1,0,0
-132.738533,1,15603.83557,0,0,1,0,0
-239.280235,12,15605.468608,0,0,1,0,0
1311.652291,56,15612.327339,0,0,1,0,0
56.433249,11,15615.012351,0,0,1,0,0
-124.434093,5,15616.677652,0,0,1,0,0
-60.30488,7,15620.420673,0,0,1,0,0
116.681169,13,15622.871702,0,0,1,0,0
606.078962,26,15625.914887,1,0,0,0,0
-140.897522,5,15627.731079,1,0,0,0,0
-6.846413,8,15629.405329,0,0,1,0,0
-108.177051,2,15629.859663,1,0,0,0,0
-157.854292,4,15633.471233,0,0,1,0,0
328.90969,1,15633.849088,0,0,1,0,0
337.881734,1,15634.289671,0,0,1,0,0
337.778864,1,15634.513422,0,0,0,0,1
328.99729,1,15634.757782,0,0,0,0,1
328.778864,1,15635.044445,0,0,0,0,1
280.354235,15,15637.372549,0,0,1,0,0
724.506671,34,15642.402704,0,0,1,0,0
165.169738,10,15644.533009,0,0,1,0,0
-138.298486,5,15645.893618,0,0,1,0,0
-16.398171,6,15653.85617,0,0,1,0,0
328.920203,1,15654.314787,0,0,0,0,1
328.944781,1,15654.669247,0,0,0,0,1
328.859287,1,15654.906165,1,0,0,0,0
772.185692,40,15658.667639,0,0,1,0,0
82.775314,14,15660.876096,0,0,1,0,0
-122.103929,6,15661.527012,0,0,1,0,0
1713.1095,66,15670.463252,0,0,1,0,0
328.931002,1,15670.622287,0,0,0,0,1
1114.402276,52,15679.170861,1,0,0,0,0
337.826743,1,15679.423077,0,0,0,0,1
-38.640096,7,15680.764015,0,0,1,0,0
1376.281266,55,15697.409744,0,0,1,0,0
328.931002,1,15697.674036,0,0,0,0,1
340.260399,21,15700.610211,0,0,1,0,0
606.922813,31,15703.628254,0,0,1,0,0
-132.922976,1,15705.358407,0,0,1,0,0
766.062427,33,15713.195867,0,0,1,0,0
1012.094349,43,15720.670379,0,0,1,0,0
328.99729,1,15720.893085,0,0,0,0,1
328.778864,1,15721.128218,0,0,0,0,1
909.124423,44,15728.435687,0,0,1,0,0
321.129458,1,15728.894688,0,0,1,0,0
337.931001,1,15736.557344,0,0,0,0,1
321.129458,1,15736.987376,0,0,1,0,0
-188.311341,5,15738.522019,0,0,1,0,0
679.811353,31,15741.284973,0,0,1,0,0
-58.429783,4,15741.789075,0,0,1,0,0
1234.366058,56,15749.382816,0,0,1,0,0
337.93954,1,15749.719135,0,0,0,0,1
328.968284,1,15749.961636,0,0,0,0,1
328.863408,1,15750.215842,0,0,0,0,1
140.919003,14,15752.717435,0,0,1,0,0
620.127354,26,15757.076066,0,0,1,0,0
328.93954,1,15757.323863,0,0,0,0,1
231.799346,15,15767.79565,0,0,1,0,0
641.478996,41,15771.765133,0,0,1,0,0
328.800053,1,15771.937107,0,0,0,0,1
328.778864,1,15772.227121,0,0,0,0,1
328.873836,1,15772.573384,0,0,0,0,1
321.129458,1,15773.025025,0,0,1,0,0
330.129458,1,15773.45971,0,0,1,0,0
194.359157,13,15780.876395,0,0,1,0,0
328.826743,1,15781.026906,0,0,0,0,1
333.17181,15,15793.739355,0,0,1,0,0
483.056884,21,15806.055428,0,0,1,0,0
-137.606449,5,15807.577613,0,0,1,0,0
480.604114,26,15810.620631,0,0,1,0,0
337.997291,1,15810.843933,0,0,0,0,1
328.800053,1,15811.121566,0,0,0,0,1
337.968285,1,15811.355633,0,0,0,0,1
328.863408,1,15811.642357,0,0,0,0,1
337.93954,1,15811.883201,0,0,0,0,1
-115.012561,1,15812.234488,0,0,1,0,0
328.826743,1,15812.413096,0,0,0,0,1
321.129458,1,15812.828242,0,0,1,0,0
328.99729,1,15813.002967,0,0,0,0,1
374.991004,25,15817.298584,0,0,1,0,0
337.93954,1,15817.613399,0,0,0,0,1
328.99729,1,15817.889817,0,0,0,0,1
386.016279,27,15821.77765,1,0,0,0,0
425.847265,22,15824.412697,0,0,1,0,0
202.504872,15,15826.656424,1,0,0,0,0
-132.906735,1,15828.290986,0,0,1,0,0
328.888918,1,15828.463693,0,0,1,0,0
274.177318,14,15831.271426,1,0,0,0,0
328.931002,1,15831.448131,0,0,0,0,1
328.800053,1,15831.627386,0,0,0,0,1
328.859288,1,15831.846258,1,0,0,0,0
1636.569793,54,15848.091178,1,0,0,0,0
640.821983,30,15855.636793,0,0,1,0,0
328.99729,1,15855.949975,0,0,0,0,1
205.902936,15,15858.378787,0,0,1,0,0
613.122494,30,15864.900399,0,0,1,0,0
-10.138553,8,15865.601883,0,0,1,0,0
328.863408,1,15865.818664,0,0,0,0,1
1318.144434,60,15883.412186,1,0,0,0,0
-123.735778,1,15883.813898,0,0,1,0,0
328.800053,1,15884.094484,0,0,0,0,1
328.931002,1,15884.349327,0,0,0,0,1
328.931002,1,15884.596699,0,0,0,0,1
328.93954,1,15884.828656,0,0,0,0,1
328.881733,1,15885.299826,0,0,1,0,0
328.93954,1,15885.504462,0,0,0,0,1
-119.092056,7,15887.618999,0,0,1,0,0
506.655765,29,15892.697546,0,0,1,0,0
65.100089,14,15895.127107,0,0,1,0,0
-126.388102,1,15895.443678,0,0,1,0,0
-221.773556,12,15897.021877,0,0,1,0,0
621.695605,10,15898.272455,0,0,0,0,1
337.968282,1,15898.512591,0,0,0,0,1
328.93954,1,15898.834161,0,0,0,0,1
62.065331,11,15900.957565,0,0,1,0,0
632.440956,10,15909.494753,0,0,0,0,1
545.322493,25,15911.940529,0,0,1,0,0
241.139894,14,15914.227094,0,0,1,0,0
633.293838,10,15922.929121,0,0,0,0,1
746.369413,34,15930.951151,0,0,1,0,0
-6.846413,8,15940.323406,0,0,1,0,0
573.521773,27,15943.302117,1,0,0,0,0
-108.122235,2,15943.607606,0,0,1,0,0
337.800053,1,15943.801518,0,0,0,0,1
328.873836,1,15944.141058,0,0,0,0,1
-137.656037,5,15945.579305,0,0,1,0,0
262.422584,15,15953.419327,0,0,1,0,0
358.351576,16,15963.838782,0,0,1,0,0
328.93954,1,15964.004366,0,0,0,0,1
328.800053,1,15964.236725,0,0,0,0,1
337.968286,1,15964.468115,0,0,0,0,1
328.826743,1,15964.769159,0,0,0,0,1
-153.527846,3,15968.170717,0,0,1,0,0
386.575383,21,15970.471389,0,0,1,0,0
328.800053,1,15970.664605,0,0,0,0,1
328.800053,1,15970.856705,0,0,0,0,1
917.895655,46,15977.341683,0,0,1,0,0
328.846564,1,15977.617045,0,0,1,0,0
328.90969,1,15978.046766,0,0,1,0,0
328.778864,1,15978.296818,0,0,0,0,1
337.93954,1,15978.547049,0,0,0,0,1
328.968284,1,15978.8005,0,0,0,0,1
-123.916791,3,15981.529046,0,0,1,0,0
337.778864,1,15981.74601,0,0,0,0,1
328.90969,1,15982.218133,0,0,1,0,0
337.778864,1,15982.431419,0,0,0,0,1
-26.825367,4,15983.137855,0,0,1,0,0
146.440342,10,15985.328964,0,0,1,0,0
328.859286,1,15985.537894,1,0,0,0,0
225.963198,19,15993.173703,0,0,1,0,0
328.931002,1,15993.316234,0,0,0,0,1
337.881734,1,15993.716301,0,0,1,0,0
1553.012149,66,16004.431247,0,0,1,0,0
337.881733,1,16004.90109,0,0,1,0,0
788.278377,41,16011.331357,0,0,1,0,0
328.846564,1,16011.71237,0,0,1,0,0
760.872308,46,16025.493054,0,0,1,0,0
328.800053,1,16025.664993,0,0,0,0,1
337.826743,1,16025.876473,0,0,0,0,1
-124.490604,5,16027.681915,0,0,1,0,0
328.826743,1,16027.851854,0,0,0,0,1
328.826743,1,16028.081008,0,0,0,0,1
1274.37594,59,16035.346366,0,0,1,0,0
-9.147123,8,16035.85398,0,0,1,0,0
381.701843,17,16040.099878,0,0,1,0,0
520.980427,24,16044.155506,1,0,0,0,0
328.80893,1,16044.335595,0,0,0,0,1
328.826743,1,16044.5612,0,0,0,0,1
328.82862,1,16044.756297,0,0,0,0,1
631.057467,10,16046.103097,0,0,0,0,1
-123.769447,3,16048.622688,0,0,1,0,0
206.077869,19,16051.447635,0,0,1,0,0
337.931001,1,16051.681223,0,0,0,0,1
213.242456,14,16053.967807,0,0,1,0,0
337.931001,1,16054.141017,0,0,0,0,1
328.778864,1,16054.384369,0,0,0,0,1
328.826743,1,16054.627592,0,0,0,0,1
334.180762,23,16057.806077,0,0,1,0,0
328.881733,1,16058.22092,0,0,1,0,0
442.267999,20,16060.097244,0,0,1,0,0
328.93954,1,16060.288092,0,0,0,0,1
194.438423,12,16067.017745,0,0,1,0,0
328.846564,1,16067.351953,0,0,1,0,0
328.863408,1,16067.551667,0,0,0,0,1
133.468282,10,16068.64538,0,0,1,0,0
51.606685,10,16069.874357,0,0,1,0,0
385.073453,18,16071.829963,0,0,1,0,0
328.888918,1,16072.046387,0,0,1,0,0
328.800053,1,16072.310918,0,0,0,0,1
444.735539,20,16082.574976,1,0,0,0,0
328.826743,1,16082.807745,0,0,0,0,1
15.215858,9,16083.61841,0,0,1,0,0
328.931002,1,16083.807139,0,0,0,0,1
328.931002,1,16084.029856,0,0,0,0,1
328.873836,1,16084.373071,0,0,0,0,1
328.863408,1,16084.587304,0,0,0,0,1
117.942052,12,16086.409177,0,0,1,0,0
167.887865,13,16088.353065,0,0,1,0,0
328.931002,1,16088.569476,0,0,0,0,1
212.100656,15,16091.324166,0,0,1,0,0
293.999296,14,16102.878712,0,0,1,0,0
344.228916,18,16106.775342,0,0,1,0,0
-153.527846,3,16110.42655,0,0,1,0,0
-132.922976,1,16112.169769,0,0,1,0,0
321.129458,1,16112.633654,0,0,1,0,0
328.888918,1,16112.856929,0,0,1,0,0
328.826743,1,16113.168133,0,0,0,0,1
328.90969,1,16113.588645,0,0,1,0,0
328.931002,1,16113.822334,0,0,0,0,1
328.846564,1,16114.167036,0,0,1,0,0
328.931002,1,16114.387333,0,0,0,0,1
328.863408,1,16114.602142,0,0,0,0,1
-17.183808,6,16115.350584,0,0,1,0,0
328.846564,1,16115.772596,0,0,1,0,0
207.865892,12,16116.863472,1,0,0,0,0
1121.138034,49,16122.519382,1,0,0,0,0
202.504872,15,16124.870142,1,0,0,0,0
328.93954,1,16125.092496,0,0,0,0,1
558.670204,33,16137.936686,0,0,1,0,0
-88.101354,2,16139.122412,0,0,1,0,0
-115.590126,2,16139.437993,0,0,1,0,0
32.101186,10,16142.306765,0,0,1,0,0
337.800054,1,16142.577288,0,0,0,0,1
315.000281,14,16145.245708,0,0,1,0,0
273.488799,15,16152.982031,0,0,1,0,0
328.93954,1,16153.193864,0,0,0,0,1
337.826743,1,16153.413101,0,0,0,0,1
337.863408,1,16153.591449,0,0,0,0,1
-131.044663,4,16156.186658,0,0,1,0,0
337.852829,1,16156.453318,0,0,1,0,0
321.129458,1,16156.878024,0,0,1,0,0
328.852829,1,16157.128608,0,0,1,0,0
714.649136,26,16161.431815,0,0,1,0,0
-193.695831,9,16162.120628,0,0,1,0,0
328.881733,1,16162.452857,0,0,1,0,0
293.499207,13,16174.021404,0,0,1,0,0
328.931002,1,16174.177606,0,0,0,0,1
337.778864,1,16174.399517,0,0,0,0,1
328.99729,1,16174.637564,0,0,0,0,1
1126.285635,50,16183.775356,0,0,1,0,0
328.99729,1,16184.045582,0,0,0,0,1
651.857804,28,16189.547693,0,0,1,0,0
-132.918082,1,16191.157405,0,0,1,0,0
337.997289,1,16191.315213,0,0,0,0,1
1240.610484,48,16197.089097,0,0,1,0,0
328.947109,1,16197.334792,0,0,0,0,1
-9.975305,8,16199.192699,0,0,1,0,0
337.93954,1,16199.403336,0,0,0,0,1
337.800053,1,16199.655659,0,0,0,0,1
337.931003,1,16199.873785,0,0,0,0,1
566.380138,32,16203.06246,0,0,1,0,0
724.398601,40,16214.518293,0,0,1,0,0
337.968283,1,16214.744389,0,0,0,0,1
853.17379,51,16218.705354,0,0,1,0,0
328.90969,1,16219.079923,0,0,1,0,0
328.881733,1,16219.490402,0,0,1,0,0
337.778864,1,16219.697251,0,0,0,0,1
217.512051,18,16221.469416,0,0,1,0,0
564.835334,36,16233.37822,0,0,1,0,0
325.246383,17,16235.062251,0,0,1,0,0
328.778864,1,16235.278964,0,0,0,0,1
-140.999267,1,16237.659375,1,0,0,0,0
-129.312562,4,16239.90118,0,0,1,0,0
129.102206,8,16242.990829,0,0,1,0,0
328.863408,1,16243.147591,0,0,0,0,1
337.93954,1,16243.418594,0,0,0,0,1
-154.401042,6,16246.053738,0,0,1,0,0
1026.398394,41,16275.47512,0,0,1,0,0
-126.996194,3,16276.366323,1,0,0,0,0
328.93954,1,16276.532261,0,0,0,0,1
337.997289,1,16276.743669,0,0,0,0,1
321.129458,1,16277.223674,0,0,1,0,0
337.831123,1,16277.404837,0,0,0,0,1
-115.011509,1,16277.741356,0,0,1,0,0
328.778864,1,16277.950232,0,0,0,0,1
-197.782665,9,16278.717233,0,0,1,0,0
337.931001,1,16278.878444,0,0,0,0,1
-71.815797,7,16282.50957,0,0,1,0,0
512.485647,23,16285.310447,0,0,1,0,0
337.99729,1,16285.484491,0,0,0,0,1
328.931002,1,16285.708593,0,0,0,0,1
328.90969,1,16286.166155,0,0,1,0,0
-99.078143,2,16286.556466,0,0,1,0,0
337.863408,1,16286.791068,0,0,0,0,1
809.37217,35,16295.07522,0,0,1,0,0
328.99729,1,16295.303868,0,0,0,0,1
328.90969,1,16295.855304,0,0,1,0,0
1096.932393,52,16310.652459,1,0,0,0,0
337.931002,1,16310.969873,0,0,0,0,1
328.931002,1,16311.234905,0,0,0,0,1
328.778864,1,16311.489439,0,0,0,0,1
924.515163,44,16314.970881,0,0,1,0,0
61.870235,11,16316.941785,0,0,1,0,0
1061.184343,45,16324.501229,0,0,1,0,0
870.184064,47,16331.831626,0,0,1,0,0
321.129458,1,16332.441935,0,0,1,0,0
337.826743,1,16332.626216,0,0,0,0,1
328.888918,1,16332.839524,0,0,1,0,0
393.891758,21,16335.392726,1,0,0,0,0
161.13945,15,16337.916185,0,0,1,0,0
337.939539,1,16338.08183,0,0,0,0,1
-225.433745,12,16339.826171,0,0,1,0,0
337.863407,1,16340.007125,0,0,0,0,1
321.129458,1,16340.483446,0,0,1,0,0
-127.02479,3,16341.31482,1,0,0,0,0
614.372651,34,16354.999787,0,0,1,0,0
439.414614,20,16356.897763,0,0,1,0,0
328.944146,1,16357.159215,0,0,0,0,1
-137.606449,5,16358.576542,0,0,1,0,0
328.826743,1,16358.774822,0,0,0,0,1
953.486512,41,16368.308534,0,0,1,0,0
1322.02848,60,16377.854269,0,0,1,0,0
172.727962,15,16380.265393,0,0,1,0,0
640.052173,10,16381.591208,0,0,0,0,1
808.200014,34,16386.280021,1,0,0,0,0
328.931002,1,16386.50893,0,0,0,0,1
253.302659,14,16387.752552,0,0,1,0,0
751.791568,35,16395.175966,0,0,1,0,0
22.432527,9,16395.771448,0,0,1,0,0
753.258307,36,16409.387357,0,0,1,0,0
328.93954,1,16409.589524,0,0,0,0,1
337.778864,1,16409.838421,0,0,0,0,1
-88.121104,2,16410.956366,0,0,1,0,0
328.93954,1,16411.150481,0,0,0,0,1
-191.469987,9,16411.879241,0,0,1,0,0
330.129458,1,16412.261685,0,0,1,0,0
350.831811,21,16414.551988,0,0,1,0,0
751.439555,40,16421.141902,1,0,0,0,0
-129.279921,4,16423.418795,0,0,1,0,0
328.800053,1,16423.59191,0,0,0,0,1
328.863408,1,16423.845359,0,0,0,0,1
87.534523,14,16425.922272,0,0,1,0,0
328.93954,1,16426.188973,0,0,0,0,1
995.570426,43,16438.620377,0,0,1,0,0
-129.101568,4,16440.880292,0,0,1,0,0
950.269729,39,16446.720697,1,0,0,0,0
-129.071402,1,16447.080906,0,0,1,0,0
827.750562,44,16450.830841,0,0,1,0,0
337.93954,1,16451.016723,0,0,0,0,1
646.407861,36,16463.939644,1,0,0,0,0
-99.126338,2,16464.319639,0,0,1,0,0
328.93954,1,16464.508533,0,0,0,0,1
-148.296399,6,16467.348938,0,0,1,0,0
-5.509071,8,16469.030235,0,0,1,0,0
328.99729,1,16469.331855,0,0,0,0,1
-151.800564,7,16473.091879,0,0,1,0,0
337.881734,1,16473.50272,0,0,1,0,0
126.645777,8,16476.703333,0,0,1,0,0
108.055014,9,16477.662189,0,0,1,0,0
337.831122,1,16477.847381,0,0,0,0,1
593.444243,26,16481.610973,0,0,1,0,0
918.611008,37,16484.851325,0,0,1,0,0
-152.30844,6,16487.710871,0,0,1,0,0
328.778864,1,16487.873019,0,0,0,0,1
352.821338,20,16490.189039,0,0,1,0,0
-125.805349,5,16492.037351,0,0,1,0,0
328.93954,1,16492.213513,0,0,0,0,1
-12.539449,8,16492.872964,0,0,1,0,0
328.826743,1,16493.099737,0,0,0,0,1
328.800053,1,16493.321896,0,0,0,0,1
328.800053,1,16493.554609,0,0,0,0,1
328.800053,1,16493.779051,0,0,0,0,1
1502.260806,63,16575.901196,0,0,1,0,0
36.01494,10,16578.58559,0,0,1,0,0
65.100089,14,16580.873981,0,0,1,0,0
328.931002,1,16581.155529,0,0,0,0,1
328.872834,1,16581.460338,0,0,0,0,1
330.129458,1,16581.851214,0,0,1,0,0
869.078929,49,16598.01138,0,0,1,0,0
730.878968,27,16601.91083,0,0,1,0,0
328.800053,1,16602.056536,0,0,0,0,1
-126.388102,1,16602.336123,0,0,1,0,0
337.99729,1,16602.504538,0,0,0,0,1
1512.316804,62,16611.392989,1,0,0,0,0
405.155669,32,16616.120396,1,0,0,0,0
328.800053,1,16616.287046,0,0,0,0,1
1371.365029,60,16627.117692,1,0,0,0,0
269.661209,16,16637.860328,0,0,1,0,0
337.800054,1,16638.263337,0,0,0,0,1
373.775205,17,16641.294714,0,0,1,0,0
328.99729,1,16641.489118,0,0,0,0,1
328.888918,1,16641.730464,0,0,1,0,0
328.859287,1,16641.978075,1,0,0,0,0
328.826743,1,16642.198223,0,0,0,0,1
328.82862,1,16642.383008,0,0,0,0,1
328.863408,1,16642.586421,0,0,0,0,1
9.238005,9,16645.082509,0,0,1,0,0
328.778864,1,16645.288132,0,0,0,0,1
337.828621,1,16645.522359,0,0,0,0,1
467.738611,29,16648.791754,0,0,1,0,0
310.92102,18,16659.340768,0,0,1,0,0
337.99729,1,16659.640027,0,0,0,0,1
65.100089,14,16661.819375,0,0,1,0,0
-79.069369,2,16663.05,0,0,1,0,0
-97.103247,2,16664.141258,0,0,1,0,0
180.314058,12,17005.284997,0,0,1,0,0
370.73377,17,17007.540229,0,0,1,0,0
-188.60813,5,17009.04969,0,0,1,0,0
786.533352,34,17016.253245,0,0,1,0,0
287.190925,14,17019.546093,0,0,1,0,0
328.93954,1,17019.908667,0,0,0,0,1
-46.798118,7,17021.358064,0,0,1,0,0
328.881733,1,17029.44798,0,0,1,0,0
2.27864,9,17031.951996,0,0,1,0,0
-126.962044,3,17033.623029,0,0,1,0,0
657.881375,36,17039.575749,0,0,1,0,0
328.931002,1,17039.80904,0,0,0,0,1
337.778862,1,17040.04917,0,0,0,0,1
10.135248,9,17042.620318,0,0,1,0,0
281.959,15,17050.785062,0,0,1,0,0
321.129458,1,17051.182676,0,0,1,0,0
21.456604,9,17051.775916,0,0,1,0,0
337.778865,1,17051.954064,0,0,0,0,1
337.931,1,17052.184387,0,0,0,0,1
328.826743,1,17052.432361,0,0,0,0,1
328.881733,1,17052.890078,0,0,1,0,0
661.876793,44,17059.162336,0,0,1,0,0
337.997289,1,17059.444892,0,0,0,0,1
328.778864,1,17059.669741,0,0,0,0,1
412.149043,20,17061.9512,0,0,1,0,0
-124.56405,5,17063.677769,0,0,1,0,0
298.059946,22,17065.766684,0,0,1,0,0
337.93954,1,17065.930032,0,0,0,0,1
328.93954,1,17066.164539,0,0,0,0,1
337.997291,1,17066.435256,0,0,0,0,1
-16.398171,6,17067.153126,0,0,1,0,0
-228.103064,16,17069.451317,0,0,1,0,0
328.909529,1,17069.610484,0,0,0,0,1
328.859288,1,17069.873738,1,0,0,0,0
547.186627,22,17082.801828,0,0,1,0,0
494.635955,24,17085.094778,0,0,1,0,0
337.881734,1,17085.502821,0,0,1,0,0
468.616582,22,17087.525094,0,0,1,0,0
337.778864,1,17087.718004,0,0,0,0,1
337.778864,1,17087.988601,0,0,0,0,1
1034.997253,55,17100.833176,0,0,1,0,0
328.931002,1,17101.003325,0,0,0,0,1
328.90969,1,17101.481179,0,0,1,0,0
-122.506057,7,17103.311667,0,0,1,0,0
328.826743,1,17103.470305,0,0,0,0,1
-200.498836,8,17104.011207,0,0,1,0,0
668.407127,30,17107.719952,0,0,1,0,0
388.049498,21,17110.480931,0,0,1,0,0
328.82862,1,17110.639094,0,0,0,0,1
328.778864,1,17110.889445,0,0,0,0,1
276.431795,15,17114.178735,0,0,1,0,0
328.888918,1,17114.443621,0,0,1,0,0
691.073743,27,17117.639436,0,0,1,0,0
328.881733,1,17118.108921,0,0,1,0,0
328.888918,1,17118.29445,0,0,1,0,0
328.800053,1,17118.596609,0,0,0,0,1
338.708243,17,17120.537776,0,0,1,0,0
835.786122,39,17124.969194,0,0,1,0,0
65.100089,14,17127.17814,0,0,1,0,0
852.990737,42,17139.410442,0,0,1,0,0
435.41593,23,17143.090518,0,0,1,0,0
48.612275,10,17144.447718,0,0,1,0,0
328.99729,1,17144.664543,0,0,0,0,1
195.272571,12,17147.022091,0,0,1,0,0
198.690013,11,17150.213363,0,0,1,0,0
-133.419669,4,17153.07285,0,0,1,0,0
1319.744478,60,17163.05038,1,0,0,0,0
337.881734,1,17163.486013,0,0,1,0,0
328.859287,1,17163.705608,1,0,0,0,0
471.753881,22,17167.195652,1,0,0,0,0
-126.386534,1,17167.486357,0,0,1,0,0
65.100089,14,17169.790277,0,0,1,0,0
672.820761,59,17185.823977,0,0,1,0,0
13.626241,9,17186.727085,0,0,1,0,0
328.863408,1,17186.949358,0,0,0,0,1
821.679397,34,17191.787385,1,0,0,0,0
165.337122,9,17194.442249,0,0,1,0,0
1080.219913,49,17202.479451,0,0,1,0,0
877.486666,63,17209.483892,0,0,1,0,0
446.597175,21,17211.956953,0,0,1,0,0
433.120896,21,17214.873625,0,0,1,0,0
328.859287,1,17215.119807,1,0,0,0,0
725.386412,27,17230.244625,0,0,1,0,0
91.923648,12,17232.422194,0,0,1,0,0
-128.83412,4,17234.870102,0,0,1,0,0
-125.836979,5,17236.734304,0,0,1,0,0
328.931002,1,17236.900684,0,0,0,0,1
-132.922976,1,17238.535588,0,0,1,0,0
288.674068,15,17242.131124,0,0,1,0,0
328.846564,1,17242.560001,0,0,1,0,0
1118.573545,28,17244.907436,0,0,0,0,1
334.810152,17,17254.173893,0,0,1,0,0
328.82862,1,17254.367841,0,0,0,0,1
328.800053,1,17254.618119,0,0,0,0,1
5.43402,9,17256.73554,0,0,1,0,0
-153.693025,3,17260.306423,0,0,1,0,0
633.141,28,17266.326807,0,0,1,0,0
337.991636,1,17266.776434,0,0,0,0,1
-126.391029,1,17267.015922,0,0,1,0,0
328.863408,1,17267.193711,0,0,0,0,1
672.550074,31,17270.395653,0,0,1,0,0
88.676953,12,17272.342375,0,0,1,0,0
328.991637,1,17272.755235,0,0,0,0,1
330.129458,1,17273.202714,0,0,1,0,0
312.529174,20,17275.393265,0,0,1,0,0
337.828618,1,17275.624693,0,0,0,0,1
1259.822213,53,17282.686836,0,0,1,0,0
14.686503,9,17283.689136,0,0,1,0,0
503.475848,22,17286.612259,0,0,1,0,0
-15.625544,8,17288.948709,0,0,1,0,0
863.21347,38,17306.048956,0,0,1,0,0
1100.777783,46,17316.958051,0,0,1,0,0
328.859287,1,17317.258595,1,0,0,0,0
321.129458,1,17317.70019,0,0,1,0,0
328.931002,1,17317.882269,0,0,0,0,1
328.846564,1,17318.213231,0,0,1,0,0
753.275698,42,17324.523098,0,0,1,0,0
328.773494,1,17325.065114,0,0,1,0,0
-126.98599,3,17325.985286,1,0,0,0,0
328.82862,1,17326.15607,0,0,0,0,1
270.824102,24,17329.275526,1,0,0,0,0
322.025487,19,17339.036876,0,0,1,0,0
337.931001,1,17339.262925,0,0,0,0,1
337.931001,1,17339.474878,0,0,0,0,1
489.18928,24,17361.918866,0,0,1,0,0
-141.406003,5,17363.935527,1,0,0,0,0
337.93954,1,17364.149847,0,0,0,0,1
432.725978,20,17366.536726,1,0,0,0,0
66.743435,11,17368.60006,0,0,1,0,0
337.99729,1,17368.821296,0,0,0,0,1
337.831124,1,17369.09169,0,0,0,0,1
197.991003,15,17371.788012,0,0,1,0,0
-129.071402,1,17372.155012,0,0,1,0,0
164.870713,14,17374.818475,0,0,1,0,0
328.778864,1,17375.086574,0,0,0,0,1
328.920203,1,17375.517498,0,0,0,0,1
328.947109,1,17375.777565,0,0,0,0,1
-115.936719,5,17376.431122,0,0,1,0,0
337.826744,1,17376.594912,0,0,0,0,1
432.574548,21,17378.991203,0,0,1,0,0
425.159957,21,17382.200754,1,0,0,0,0
277.095288,16,17730.276407,0,0,1,0,0
328.979769,1,17730.548488,0,0,0,0,1
445.613923,26,17745.688135,0,0,1,0,0
493.836783,26,17748.600234,0,0,1,0,0
337.778865,1,17748.791957,0,0,0,0,1
857.509713,37,17761.702534,0,0,1,0,0
337.997289,1,17761.902,0,0,0,0,1
-188.764995,5,17763.285923,0,0,1,0,0
423.569805,19,17766.35671,0,0,1,0,0
562.408023,30,17770.704765,0,0,1,0,0
-120.077148,1,17771.150262,0,0,1,0,0
511.565699,29,17775.405956,0,0,1,0,0
337.826742,1,17775.655972,0,0,0,0,1
328.800053,1,17775.881197,0,0,0,0,1
328.93954,1,17776.122321,0,0,0,0,1
328.99729,1,17776.364814,0,0,0,0,1
-199.599789,8,17776.986675,0,0,1,0,0
-148.517301,6,17779.625513,0,0,1,0,0
328.778864,1,17779.819467,0,0,0,0,1
328.991637,1,17780.2821,0,0,0,0,1
243.688765,19,17782.41691,0,0,1,0,0
321.129458,1,17782.877693,0,0,1,0,0
328.859287,1,17783.052601,1,0,0,0,0
328.859287,1,17783.29408,1,0,0,0,0
484.458488,27,17787.563764,1,0,0,0,0
328.931002,1,17787.783508,0,0,0,0,1
573.358894,26,17793.142874,1,0,0,0,0
98.057669,12,17802.95678,0,0,1,0,0
309.401728,17,17804.999545,0,0,1,0,0
328.93954,1,17805.222895,0,0,0,0,1
328.931002,1,17805.477595,0,0,0,0,1
545.780555,25,18157.071677,0,0,1,0,0
-16.300674,6,18157.659837,0,0,1,0,0
328.826743,1,18157.886797,0,0,0,0,1
328.778864,1,18158.097565,0,0,0,0,1
1308.617367,64,18169.89063,0,0,1,0,0
1125.338035,45,18179.085479,0,0,1,0,0
211.840862,14,18180.775283,0,0,1,0,0
328.846564,1,18181.164451,0,0,1,0,0
337.909527,1,18181.422938,0,0,0,0,1
417.884103,23,18191.449471,0,0,1,0,0
234.166628,12,18192.946012,0,0,1,0,0
-120.04711,7,18194.919797,0,0,1,0,0
328.93954,1,18195.09,0,0,0,0,1
328.931002,1,18195.353056,0,0,0,0,1
328.93954,1,18195.578548,0,0,0,0,1
-191.129417,9,18196.308071,0,0,1,0,0
-72.03449,7,18199.829873,0,0,1,0,0
-124.472267,5,18201.558794,0,0,1,0,0
328.778864,1,18201.748709,0,0,0,0,1
-132.738533,1,18202.21369,0,0,1,0,0
908.984749,40,18210.714171,0,0,1,0,0
328.931002,1,18210.94705,0,0,0,0,1
506.375795,24,18215.976009,1,0,0,0,0
337.881734,1,18216.522727,0,0,1,0,0
328.778864,1,18216.72249,0,0,0,0,1
706.215307,30,18222.387526,1,0,0,0,0
328.931002,1,18222.63285,0,0,0,0,1
95.389039,11,18224.660524,0,0,1,0,0
337.939541,1,18224.947259,0,0,0,0,1
-108.16604,2,18232.870978,1,0,0,0,0
41.222485,10,18233.73518,0,0,1,0,0
337.800053,1,18233.905422,0,0,0,0,1
351.842991,18,18245.22915,0,0,1,0,0
74.3535,11,18247.211868,0,0,1,0,0
518.689725,24,18251.341312,1,0,0,0,0
337.939541,1,18251.614515,0,0,0,0,1
402.843014,22,18254.210539,0,0,1,0,0
-196.294941,8,18254.741462,0,0,1,0,0
-137.832151,5,18256.040154,0,0,1,0,0
337.99729,1,18256.230443,0,0,0,0,1
337.881733,1,18256.733319,0,0,1,0,0
328.99729,1,18256.931084,0,0,0,0,1
328.863408,1,18257.180088,0,0,0,0,1
337.852829,1,18257.458735,0,0,1,0,0
337.931002,1,18257.652735,0,0,0,0,1
70.951511,6,18260.458718,0,0,1,0,0
160.177519,14,18262.711893,0,0,1,0,0
328.778864,1,18262.961161,0,0,0,0,1
390.172191,21,18265.449481,0,0,1,0,0
328.826743,1,18265.64982,0,0,0,0,1
-140.999267,1,18268.420072,1,0,0,0,0
-138.199272,5,18269.845007,0,0,1,0,0
-124.087411,3,18272.161862,0,0,1,0,0
1108.915094,47,18278.924418,0,0,1,0,0
41.76125,13,18281.090177,0,0,1,0,0
328.831123,1,18281.393298,0,0,0,0,1
84.977169,12,18283.678392,0,0,1,0,0
36.616513,10,18286.615764,0,0,1,0,0
110.051531,8,18294.240628,0,0,1,0,0
337.800053,1,18294.404342,0,0,0,0,1
578.443403,27,18296.98623,0,0,1,0,0
328.991637,1,18297.388734,0,0,0,0,1
610.215849,27,18310.561166,1,0,0,0,0
328.938687,1,18311.026398,0,0,0,0,1
382.184102,19,18314.965563,1,0,0,0,0
337.931004,1,18315.296102,0,0,0,0,1
313.746676,16,18316.978595,0,0,1,0,0
328.859287,1,18317.18889,1,0,0,0,0
132.141772,14,18319.012658,0,0,1,0,0
328.931002,1,18319.299116,0,0,0,0,1
620.955562,23,18324.169425,0,0,1,0,0
-125.245336,5,18325.846678,0,0,1,0,0
297.474903,15,18327.330122,0,0,1,0,0
328.800053,1,18327.517407,0,0,0,0,1
-124.011808,1,18327.842224,0,0,1,0,0
807.044068,16,18329.178809,0,0,0,0,1
-126.388102,1,18329.405639,0,0,1,0,0
328.93954,1,18329.612264,0,0,0,0,1
54.001284,10,18330.789619,0,0,1,0,0
337.997289,1,18331.025127,0,0,0,0,1
328.826743,1,18331.251617,0,0,0,0,1
328.800053,1,18331.452177,0,0,0,0,1
763.017322,28,18337.331541,0,0,1,0,0
776.688378,36,18342.92302,0,0,1,0,0
502.170722,24,18354.778023,0,0,1,0,0
836.443539,41,18362.224,0,0,1,0,0
489.37379,23,18364.283146,0,0,1,0,0
328.968284,1,18364.484477,0,0,0,0,1
14.051889,9,18365.277286,0,0,1,0,0
-199.603445,5,18365.841544,0,0,1,0,0
328.931002,1,18366.018215,0,0,0,0,1
328.881733,1,18366.423336,0,0,1,0,0
-115.143136,2,18366.753145,0,0,1,0,0
328.99729,1,18366.920402,0,0,0,0,1
337.939542,1,18367.190266,0,0,0,0,1
328.863408,1,18367.444194,0,0,0,0,1
328.99729,1,18367.683444,0,0,0,0,1
1824.169749,70,18390.901293,0,0,1,0,0
93.012756,14,18393.030649,0,0,1,0,0
-123.735775,1,18393.534239,0,0,1,0,0
337.939541,1,18393.825081,0,0,0,0,1
337.881734,1,18394.341583,0,0,1,0,0
321.129458,1,18394.750607,0,0,1,0,0
751.765335,38,18399.526843,0,0,1,0,0
1397.31233,33,18422.050538,0,0,0,0,1
337.997289,1,18429.840797,0,0,0,0,1
337.778863,1,18430.163575,0,0,0,0,1
470.919834,22,18432.186107,0,0,1,0,0
230.929641,11,18436.954261,0,0,1,0,0
-148.33074,6,18439.768039,0,0,1,0,0
328.931002,1,18439.92986,0,0,0,0,1
337.82862,1,18440.154885,0,0,0,0,1
-88.118592,2,18441.28339,0,0,1,0,0
762.633807,32,18444.966427,1,0,0,0,0
120.800648,13,18447.496575,0,0,1,0,0
498.929695,27,18452.08869,0,0,1,0,0
356.666561,21,18458.943262,0,0,1,0,0
220.79346,16,18461.773112,0,0,1,0,0
480.425298,28,18464.630632,0,0,1,0,0
347.193819,16,18476.931764,0,0,1,0,0
818.6538,36,18500.110371,0,0,1,0,0
328.846564,1,18500.384325,0,0,1,0,0
259.045514,17,18502.88663,0,0,1,0,0
-16.229578,6,18503.581177,0,0,1,0,0
99.931476,10,18504.930927,0,0,1,0,0
53.944549,10,18506.155463,0,0,1,0,0
124.751271,10,18507.330314,0,0,1,0,0
337.778864,1,18507.540328,0,0,0,0,1
328.93954,1,18507.777053,0,0,0,0,1
-129.312562,4,18510.305018,0,0,1,0,0
392.200292,24,18513.316643,0,0,1,0,0
337.82862,1,18513.487214,0,0,0,0,1
785.306606,40,18528.577708,0,0,1,0,0
337.997289,1,18528.810517,0,0,0,0,1
328.99729,1,18529.061242,0,0,0,0,1
328.931002,1,18529.367577,0,0,0,0,1
575.770716,27,18533.907589,1,0,0,0,0
184.27685,10,18537.793083,0,0,1,0,0
12.921027,9,18538.839273,0,0,1,0,0
-153.994151,6,18541.508639,0,0,1,0,0
91.299061,12,18543.324826,0,0,1,0,0
337.997289,1,18543.594901,0,0,0,0,1
-154.561185,6,18546.368392,0,0,1,0,0
337.831123,1,18546.540219,0,0,0,0,1
328.800053,1,18546.802801,0,0,0,0,1
1658.494722,77,18560.937507,0,0,1,0,0
631.339951,10,18562.287869,0,0,0,0,1
328.863408,1,18562.541912,0,0,0,0,1
923.31653,55,18578.73797,0,0,1,0,0
328.859287,1,18579.01304,1,0,0,0,0
844.986102,34,18585.063679,0,0,1,0,0
370.52566,18,18586.785712,0,0,1,0,0
-132.922976,1,18588.430091,0,0,1,0,0
328.863408,1,18588.585847,0,0,0,0,1
328.778864,1,18588.850512,0,0,0,0,1
274.778821,14,18598.730805,0,0,1,0,0
-115.362118,2,18599.093191,0,0,1,0,0
337.931,1,18599.32058,0,0,0,0,1
223.924732,13,18602.260638,0,0,1,0,0
337.826743,1,18602.538889,0,0,0,0,1
328.888918,1,18602.748286,0,0,1,0,0
-132.738533,1,18603.252651,0,0,1,0,0
577.095937,27,18608.766677,0,0,1,0,0
337.93954,1,18609.044099,0,0,0,0,1
897.309153,19,18610.641814,0,0,0,0,1
625.495676,29,18613.744313,0,0,1,0,0
337.968283,1,18613.935378,0,0,0,0,1
359.769297,19,18617.481489,1,0,0,0,0
328.859287,1,18617.731791,1,0,0,0,0
795.079017,37,18623.906236,0,0,1,0,0
-115.697977,2,18624.276622,0,0,1,0,0
328.978461,1,18624.575238,0,0,0,0,1
328.931002,1,18624.76539,0,0,0,0,1
-108.16604,2,18632.907899,1,0,0,0,0
328.82862,1,18633.162651,0,0,0,0,1
328.859287,1,18633.430022,1,0,0,0,0
-132.922976,1,18635.013772,0,0,1,0,0
383.716424,17,18637.972326,0,0,1,0,0
337.881733,1,18638.376059,0,0,1,0,0
328.859287,1,18638.573692,1,0,0,0,0
708.213165,42,18642.21506,0,0,1,0,0
-108.122235,2,18642.534463,0,0,1,0,0
328.826743,1,18642.772377,0,0,0,0,1
622.494957,27,18645.864337,1,0,0,0,0
337.997289,1,18646.070971,0,0,0,0,1
328.826743,1,18646.304435,0,0,0,0,1
337.931001,1,18646.525923,0,0,0,0,1
328.99729,1,18646.740437,0,0,0,0,1
328.99729,1,18646.999089,0,0,0,0,1
24.289212,9,18647.653589,0,0,1,0,0
328.99729,1,18647.818388,0,0,0,0,1
328.881733,1,18648.306687,0,0,1,0,0
337.931001,1,18648.520388,0,0,0,0,1
733.362479,13,18655.217766,0,0,0,0,1
-154.561185,6,18657.999448,0,0,1,0,0
-146.319681,6,18660.803607,0,0,1,0,0
97.845513,9,18661.846579,0,0,1,0,0
-208.127866,5,18663.808647,0,0,1,0,0
328.93954,1,18663.957964,0,0,0,0,1
337.931003,1,18664.220181,0,0,0,0,1
366.917928,20,18668.954169,0,0,1,0,0
337.931002,1,18669.208903,0,0,0,0,1
337.778865,1,18669.439762,0,0,0,0,1
328.931002,1,18669.683204,0,0,0,0,1
564.935348,28,18674.117402,1,0,0,0,0
308.10345,18,18676.281406,0,0,1,0,0
328.846564,1,18676.596381,0,0,1,0,0
-151.800564,7,18680.422588,0,0,1,0,0
407.820955,20,18684.229195,0,0,1,0,0
227.578192,13,18687.165859,0,0,1,0,0
328.947109,1,18695.448856,0,0,0,0,1
316.437836,16,18704.700383,0,0,1,0,0
984.569667,43,18711.336692,0,0,1,0,0
328.778864,1,18711.656969,0,0,0,0,1
328.82862,1,18711.93725,0,0,0,0,1
328.800053,1,18712.176937,0,0,0,0,1
-187.942161,9,18712.9936,0,0,1,0,0
164.169551,15,18715.349335,0,0,1,0,0
499.550601,32,18717.903491,0,0,1,0,0
328.778864,1,18718.109256,0,0,0,0,1
548.753576,27,18721.185167,0,0,1,0,0
637.885508,25,18724.597708,0,0,1,0,0
337.931001,1,18724.749496,0,0,0,0,1
328.947109,1,18725.05201,0,0,0,0,1
328.800053,1,18725.255611,0,0,0,0,1
330.129458,1,18725.702287,0,0,1,0,0
337.826743,1,18725.893134,0,0,0,0,1
321.129458,1,18726.34691,0,0,1,0,0
328.859285,1,18726.531447,1,0,0,0,0
328.931002,1,18726.739449,0,0,0,0,1
328.968284,1,18726.92798,0,0,0,0,1
-155.396366,6,18729.777297,0,0,1,0,0
761.797979,14,18736.266901,0,0,0,0,1
618.304546,28,18742.369394,0,0,1,0,0
1212.550642,50,18760.648603,0,0,1,0,0
328.863408,1,18760.894011,0,0,0,0,1
232.683998,20,18762.759609,0,0,1,0,0
337.778864,1,18763.032962,0,0,0,0,1
189.693949,34,18772.660082,0,0,1,0,0
92.828711,12,18774.619057,0,0,1,0,0
328.800053,1,18774.806171,0,0,0,0,1
-131.197843,4,18800.315869,0,0,1,0,0
337.888919,1,18800.549487,0,0,1,0,0
78.519993,14,18801.923928,0,0,1,0,0
691.708811,32,18806.965444,1,0,0,0,0
273.983544,16,18823.477211,0,0,1,0,0
330.129458,1,18823.821501,0,0,1,0,0
328.778864,1,18824.025012,0,0,0,0,1
594.281226,29,18827.358078,0,0,1,0,0
328.93954,1,18827.582955,0,0,0,0,1
655.788134,36,18837.769718,0,0,1,0,0
771.904035,46,18843.865265,0,0,1,0,0
112.416601,13,18845.537895,0,0,1,0,0
328.826743,1,18845.793301,0,0,0,0,1
-127.01394,3,18847.449959,0,0,1,0,0
337.800054,1,18847.587438,0,0,0,0,1
337.931002,1,18847.824578,0,0,0,0,1
337.778864,1,18848.046441,0,0,0,0,1
328.99729,1,18848.273467,0,0,0,0,1
337.778863,1,18848.496451,0,0,0,0,1
328.873836,1,18848.804811,0,0,0,0,1
328.93954,1,18849.038702,0,0,0,0,1
337.828619,1,18849.286057,0,0,0,0,1
328.863408,1,18849.504851,0,0,0,0,1
714.309178,31,18855.18702,0,0,1,0,0
-124.087411,3,18857.73712,0,0,1,0,0
328.800053,1,18857.906732,0,0,0,0,1
421.265628,24,18860.814834,0,0,1,0,0
328.826743,1,18861.101299,0,0,0,0,1
-132.738533,1,18861.58146,0,0,1,0,0
328.800053,1,18861.86983,0,0,0,0,1
1003.936537,44,18866.668856,0,0,1,0,0
328.800053,1,18866.866679,0,0,0,0,1
328.778864,1,18867.127169,0,0,0,0,1
328.852829,1,18867.456975,0,0,1,0,0
328.800053,1,18867.726966,0,0,0,0,1
328.881733,1,18868.218451,0,0,1,0,0
337.997289,1,18868.413154,0,0,0,0,1
735.890705,34,18880.650276,0,0,1,0,0
637.26749,29,18885.512675,0,0,1,0,0
182.547692,16,18893.877303,0,0,1,0,0
773.360265,34,18898.539791,1,0,0,0,0
328.90969,1,18898.960445,0,0,1,0,0
165.007829,13,18900.403313,0,0,1,0,0
-124.011808,1,18900.726979,0,0,1,0,0
291.03676,15,18909.63341,0,0,1,0,0
328.778864,1,18909.84606,0,0,0,0,1
735.110232,38,18912.254679,0,0,1,0,0
-124.416429,6,18912.80995,0,0,1,0,0
328.99729,1,18912.961968,0,0,0,0,1
870.159985,42,18920.186707,1,0,0,0,0
328.99729,1,18920.396138,0,0,0,0,1
-88.104531,2,18921.638733,0,0,1,0,0
337.826743,1,18921.819904,0,0,0,0,1
328.826743,1,18922.059563,0,0,0,0,1
328.778864,1,18922.304307,0,0,0,0,1
620.523075,25,18927.553324,1,0,0,0,0
337.931002,1,18927.806537,0,0,0,0,1
-151.800564,7,18931.591933,0,0,1,0,0
328.947109,1,18931.823576,0,0,0,0,1
481.893306,23,18937.043364,0,0,1,0,0
328.991637,1,18937.440012,0,0,0,0,1
-154.384161,6,18940.179804,0,0,1,0,0
328.82862,1,18940.354635,0,0,0,0,1
607.159051,25,18958.832882,0,0,1,0,0
328.82862,1,18959.0536,0,0,0,0,1
328.863408,1,18967.007976,0,0,0,0,1
895.128006,38,18970.119805,0,0,1,0,0
-125.89263,6,18970.692757,0,0,1,0,0
337.778865,1,18970.85568,0,0,0,0,1
337.931001,1,18971.087875,0,0,0,0,1
577.95852,25,18975.633933,0,0,1,0,0
142.420788,11,18977.968318,0,0,1,0,0
630.587411,10,18986.587141,0,0,0,0,1
328.778864,1,18986.838887,0,0,0,0,1
-115.485634,2,18987.228349,0,0,1,0,0
328.778864,1,18987.448541,0,0,0,0,1
-120.854051,7,18989.405526,0,0,1,0,0
328.778864,1,18989.600279,0,0,0,0,1
328.859287,1,18989.897447,1,0,0,0,0
714.235912,31,18996.477899,0,0,1,0,0
-11.449154,8,18997.264222,0,0,1,0,0
328.931002,1,18997.464198,0,0,0,0,1
-27.119049,4,18998.097094,0,0,1,0,0
337.931001,1,18998.318187,0,0,0,0,1
337.828619,1,18998.552785,0,0,0,0,1
328.93954,1,18998.813644,0,0,0,0,1
425.780134,21,19000.714781,0,0,1,0,0
664.016971,16,19003.173858,0,0,0,0,1
328.800053,1,19003.409712,0,0,0,0,1
1285.837261,53,19036.556654,1,0,0,0,0
328.93954,1,19036.777105,0,0,0,0,1
337.997289,1,19037.026601,0,0,0,0,1
-124.011808,1,19037.420988,0,0,1,0,0
-124.470943,5,19039.312482,0,0,1,0,0
-97.103247,2,19040.378176,0,0,1,0,0
85.826338,7,19042.414393,0,0,1,0,0
730.197321,41,19048.24244,0,0,1,0,0
328.947109,1,19048.5825,0,0,0,0,1
193.539024,14,19058.062519,1,0,0,0,0
37.23385,10,19060.985257,0,0,1,0,0
630.823604,29,19066.315366,0,0,1,0,0
763.599517,35,19071.889507,0,0,1,0,0
328.93954,1,19072.222374,0,0,0,0,1
337.939542,1,19072.471797,0,0,0,0,1
-71.43355,7,19076.381546,0,0,1,0,0
574.413523,27,19081.948584,0,0,1,0,0
-148.296399,6,19084.62281,0,0,1,0,0
905.832814,38,19088.726488,1,0,0,0,0
723.234957,33,19094.334228,0,0,1,0,0
-208.014142,5,19095.928359,0,0,1,0,0
-153.501883,3,19099.575465,0,0,1,0,0
328.826743,1,19099.758536,0,0,0,0,1
67.96573,13,19101.829423,0,0,1,0,0
328.778864,1,19102.120169,0,0,0,0,1
328.859287,1,19102.380525,1,0,0,0,0
328.778864,1,19102.628749,0,0,0,0,1
337.826743,1,19102.889115,0,0,0,0,1
-46.538917,7,19104.124377,0,0,1,0,0
328.99729,1,19104.338577,0,0,0,0,1
540.746605,27,19107.001882,0,0,1,0,0
-190.228699,9,19107.711053,0,0,1,0,0
337.778863,1,19107.885173,0,0,0,0,1
611.304507,26,19120.725807,1,0,0,0,0
328.931002,1,19120.929316,0,0,0,0,1
337.778864,1,19121.189233,0,0,0,0,1
138.767967,11,19130.38187,0,0,1,0,0
328.93954,1,19130.604395,0,0,0,0,1
-158.281316,4,19134.258182,0,0,1,0,0
-140.999267,1,19136.749911,1,0,0,0,0
-152.030307,6,19139.586729,0,0,1,0,0
328.931002,1,19139.758881,0,0,0,0,1
633.679009,10,19148.528956,0,0,0,0,1
-132.922976,1,19150.231037,0,0,1,0,0
328.826743,1,19150.378412,0,0,0,0,1
-124.011808,1,19150.662441,0,0,1,0,0
248.247516,17,19153.25833,0,0,1,0,0
383.144817,17,19155.694624,0,0,1,0,0
-151.800564,7,19159.618278,0,0,1,0,0
392.434342,18,19172.703707,0,0,1,0,0
337.826743,1,19172.909031,0,0,0,0,1
328.778864,1,19173.138854,0,0,0,0,1
516.203231,23,19177.313359,1,0,0,0,0
-115.01144,1,19177.65382,0,0,1,0,0
543.85216,35,19183.163132,0,0,1,0,0
36.154613,10,19186.031438,0,0,1,0,0
-17.220715,6,19186.732805,0,0,1,0,0
328.881733,1,19187.143852,0,0,1,0,0
337.826742,1,19187.304115,0,0,0,0,1
328.852829,1,19187.549666,0,0,1,0,0
337.828619,1,19187.75428,0,0,0,0,1
195.204305,12,19190.352559,0,0,1,0,0
328.846564,1,19190.751699,0,0,1,0,0
328.931002,1,19190.955153,0,0,0,0,1
976.761989,41,19202.945132,1,0,0,0,0
-72.050397,7,19206.778614,0,0,1,0,0
-225.923075,11,19208.228831,0,0,1,0,0
-115.035282,2,19208.55293,0,0,1,0,0
633.672985,10,19217.181002,0,0,0,0,1
875.726115,37,19224.017348,0,0,1,0,0
337.931002,1,19224.210066,0,0,0,0,1
321.129458,1,19224.674448,0,0,1,0,0
1008.383057,50,19236.547614,0,0,1,0,0
337.909528,1,19236.688051,0,0,0,0,1
1061.8468,50,19245.40055,0,0,1,0,0
328.859287,1,19245.558184,1,0,0,0,0
337.800054,1,19245.801183,0,0,0,0,1
337.931,1,19246.044288,0,0,0,0,1
337.93954,1,19246.27914,0,0,0,0,1
328.93954,1,19246.516711,0,0,0,0,1
398.434978,21,19249.031519,0,0,1,0,0
328.778864,1,19249.269974,0,0,0,0,1
-67.427562,4,19249.930266,0,0,1,0,0
328.90969,1,19250.423152,0,0,1,0,0
328.852829,1,19250.748695,0,0,1,0,0
337.881733,1,19251.1702,0,0,1,0,0
328.93954,1,19251.358877,0,0,0,0,1
218.942047,13,19254.363743,0,0,1,0,0
328.826743,1,19254.532614,0,0,0,0,1
337.997289,1,19254.732716,0,0,0,0,1
-192.114939,5,19256.27601,0,0,1,0,0
328.778864,1,19256.48122,0,0,0,0,1
328.931002,1,19256.722718,0,0,0,0,1
266.687632,13,19268.076977,0,0,1,0,0
328.947109,1,19268.319525,0,0,0,0,1
804.680367,30,19276.578391,0,0,1,0,0
337.931002,1,19276.811234,0,0,0,0,1
-154.561185,6,19279.632567,0,0,1,0,0
328.873836,1,19279.88618,0,0,0,0,1
328.93954,1,19280.117875,0,0,0,0,1
328.846564,1,19280.527006,0,0,1,0,0
230.200967,13,19283.025622,0,0,1,0,0
337.778863,1,19283.371503,0,0,0,0,1
328.826743,1,19283.60507,0,0,0,0,1
429.720953,21,19285.726753,0,0,1,0,0
443.237054,20,19288.953856,0,0,1,0,0
330.129458,1,19289.411791,0,0,1,0,0
328.93954,1,19289.586365,0,0,0,0,1
337.778864,1,19289.904335,0,0,0,0,1
581.029631,36,19304.814068,0,0,1,0,0
337.800053,1,19304.983388,0,0,0,0,1
-137.606449,5,19306.409405,0,0,1,0,0
328.93954,1,19306.638387,0,0,0,0,1
328.826743,1,19306.890221,0,0,0,0,1
-153.527846,3,19310.666418,0,0,1,0,0
337.931002,1,19310.819932,0,0,0,0,1
-108.187096,2,19311.207734,1,0,0,0,0
328.99729,1,19311.466221,0,0,0,0,1
337.881733,1,19311.996693,0,0,1,0,0
391.170491,21,19314.442021,1,0,0,0,0
-206.565173,5,19316.215233,0,0,1,0,0
328.888918,1,19316.362918,0,0,1,0,0
484.660293,23,19321.708058,0,0,1,0,0
328.778864,1,19321.924549,0,0,0,0,1
235.271288,15,19323.787605,0,0,1,0,0
-133.419669,4,19326.633195,0,0,1,0,0
346.242091,17,19329.404562,0,0,1,0,0
330.129458,1,19329.85466,0,0,1,0,0
328.93954,1,19330.050847,0,0,0,0,1
538.823156,27,19335.877001,0,0,1,0,0
-126.389555,1,19336.227465,0,0,1,0,0
328.826743,1,19336.410268,0,0,0,0,1
224.563083,14,19338.8116,0,0,1,0,0
328.778864,1,19338.997715,0,0,0,0,1
328.852829,1,19339.267931,0,0,1,0,0
147.15032,9,19345.337349,0,0,1,0,0
-124.191243,3,19347.881078,0,0,1,0,0
41.241757,10,19350.219294,0,0,1,0,0
328.826743,1,19350.477077,0,0,0,0,1
343.099001,17,19359.864081,0,0,1,0,0
328.846564,1,19360.151532,0,0,1,0,0
-136.865037,5,19361.677798,0,0,1,0,0
328.93954,1,19361.852988,0,0,0,0,1
-191.414824,7,19362.502781,0,0,1,0,0
309.542686,18,19373.115689,0,0,1,0,0
202.504872,15,19375.545479,1,0,0,0,0
337.997291,1,19375.756954,0,0,0,0,1
337.778864,1,19376.021466,0,0,0,0,1
328.826743,1,19376.254159,0,0,0,0,1
1117.901618,48,19394.114982,0,0,1,0,0
328.881733,1,19394.453633,0,0,1,0,0
328.881733,1,19394.813206,0,0,1,0,0
330.129458,1,19395.213629,0,0,1,0,0
249.25801,15,19402.94379,0,0,1,0,0
1011.80205,43,19410.487775,1,0,0,0,0
202.504872,15,19412.783508,1,0,0,0,0
52.299107,10,19414.050756,0,0,1,0,0
328.931002,1,19414.263918,0,0,0,0,1
820.575764,31,19421.087128,0,0,1,0,0
-132.738533,1,19421.465562,0,0,1,0,0
328.826743,1,19421.717785,0,0,0,0,1
328.90969,1,19422.157663,0,0,1,0,0
1047.642673,45,19427.477053,0,0,1,0,0
328.859287,1,19427.676103,1,0,0,0,0
286.305639,17,19438.088207,0,0,1,0,0
945.350952,42,19448.359451,0,0,1,0,0
258.113066,15,19451.276161,1,0,0,0,0
337.93954,1,19451.544618,0,0,0,0,1
328.968284,1,19451.780447,0,0,0,0,1
-148.296399,6,19454.539824,0,0,1,0,0
994.171195,23,19456.341119,0,0,0,0,1
68.587037,13,19458.334325,0,0,1,0,0
328.99729,1,19458.554157,0,0,0,0,1
328.800053,1,19458.819715,0,0,0,0,1
328.778864,1,19459.093685,0,0,0,0,1
580.350678,26,19464.650765,0,0,1,0,0
225.761484,13,19473.536362,0,0,1,0,0
328.778864,1,19473.737609,0,0,0,0,1
328.99729,1,19473.97385,0,0,0,0,1
-7.653527,8,19474.62427,0,0,1,0,0
328.90969,1,19475.033679,0,0,1,0,0
337.931002,1,19475.25195,0,0,0,0,1
645.399896,31,19481.617199,0,0,1,0,0
337.931002,1,19481.861092,0,0,0,0,1
590.11732,26,19486.111223,0,0,1,0,0
1065.377289,44,19490.868999,0,0,1,0,0
66.262355,11,19492.809798,0,0,1,0,0
524.271183,25,19496.427325,0,0,1,0,0
328.800053,1,19496.657351,0,0,0,0,1
348.935603,19,19498.118192,0,0,1,0,0
202.504872,15,19507.605936,1,0,0,0,0
85.343745,12,19509.753428,0,0,1,0,0
249.677532,15,19861.166432,0,0,1,0,0
-140.999267,1,19863.707221,1,0,0,0,0
579.701033,27,19867.970571,0,0,1,0,0
328.979932,1,19868.284309,0,0,0,0,1
221.987614,29,19871.970666,0,0,1,0,0
234.432114,14,19873.203845,0,0,1,0,0
328.826743,1,19873.416582,0,0,0,0,1
328.863408,1,19873.646477,0,0,0,0,1
996.529768,46,19877.702098,0,0,1,0,0
717.479126,34,19881.992855,0,0,1,0,0
328.99729,1,19882.151187,0,0,0,0,1
328.93954,1,19882.391833,0,0,0,0,1
337.931002,1,19882.622988,0,0,0,0,1
886.878588,33,19897.855811,0,0,1,0,0
337.826743,1,19898.034544,0,0,0,0,1
176.160885,11,19899.878708,0,0,1,0,0
328.90969,1,19900.381969,0,0,1,0,0
707.440521,33,19911.736693,0,0,1,0,0
599.842611,27,19915.498473,1,0,0,0,0
1177.899816,55,19923.682888,0,0,1,0,0
13.674419,9,19924.448468,0,0,1,0,0
328.859286,1,19924.725077,1,0,0,0,0
-26.682792,4,19925.406859,0,0,1,0,0
832.21082,42,19931.642219,0,0,1,0,0
337.826741,1,19931.891066,0,0,0,0,1
328.80893,1,19932.088341,0,0,0,0,1
1304.591482,54,19939.494253,1,0,0,0,0
813.043025,37,19943.033505,0,0,1,0,0
326.485101,23,19945.404528,0,0,1,0,0
328.93954,1,19945.645787,0,0,0,0,1
142.438324,14,19948.205301,0,0,1,0,0
328.99729,1,19948.44862,0,0,0,0,1
337.881733,1,19948.881272,0,0,1,0,0
328.800053,1,19949.047279,0,0,0,0,1
328.93954,1,19956.793236,0,0,0,0,1
328.93954,1,19957.079976,0,0,0,0,1
328.778864,1,19957.346596,0,0,0,0,1
282.030056,14,19967.345953,0,0,1,0,0
373.446788,19,19969.684752,0,0,1,0,0
195.938024,15,19972.443936,0,0,1,0,0
337.931002,1,19972.712543,0,0,0,0,1
-132.917783,1,19974.412365,0,0,1,0,0
249.941414,13,19978.113611,0,0,1,0,0
979.266676,44,19982.643368,0,0,1,0,0
698.759607,32,19985.789451,0,0,1,0,0
328.90969,1,19986.159972,0,0,1,0,0
-7.423957,8,19988.00533,0,0,1,0,0
337.82862,1,19988.263172,0,0,0,0,1
328.93954,1,19988.514898,0,0,0,0,1
328.863408,1,19988.754171,0,0,0,0,1
328.778864,1,19989.026593,0,0,0,0,1
328.99729,1,19989.291903,0,0,0,0,1
140.029156,14,19993.575019,0,0,1,0,0
448.580172,19,20006.543262,0,0,1,0,0
972.284511,44,20012.120696,0,0,1,0,0
88.036527,12,20014.180593,0,0,1,0,0
694.581533,31,20017.034915,0,0,1,0,0
328.93954,1,20017.277025,0,0,0,0,1
120.231587,13,20019.549787,0,0,1,0,0
-126.388102,1,20019.805767,0,0,1,0,0
-108.16604,2,20020.145681,1,0,0,0,0
240.454547,16,20030.145244,0,0,1,0,0
644.534301,28,20032.733254,0,0,1,0,0
337.997289,1,20032.936909,0,0,0,0,1
1332.507863,60,20042.924837,0,0,1,0,0
255.513622,14,20045.696814,0,0,1,0,0
328.863408,1,20045.933077,0,0,0,0,1
328.852829,1,20046.21339,0,0,1,0,0
25.145095,9,20046.840358,0,0,1,0,0
555.335286,26,20053.308922,0,0,1,0,0
202.504872,15,20055.721159,1,0,0,0,0
360.499948,26,20066.813758,0,0,1,0,0
46.423921,13,20069.031614,0,0,1,0,0
328.82862,1,20069.314272,0,0,0,0,1
242.331956,13,20072.279621,0,0,1,0,0
328.931002,1,20072.600887,0,0,0,0,1
328.99729,1,20072.831525,0,0,0,0,1
1040.270189,46,20079.604584,0,0,1,0,0
328.800053,1,20079.858659,0,0,0,0,1
95.329171,14,20081.840783,0,0,1,0,0
-40.034169,7,20083.214132,0,0,1,0,0
469.892701,23,20085.577973,0,0,1,0,0
328.778864,1,20085.790226,0,0,0,0,1
1589.536535,61,20125.9298,0,0,1,0,0
602.640676,24,20128.382488,0,0,1,0,0
-124.011808,1,20128.733057,0,0,1,0,0
-99.095883,2,20129.060414,0,0,1,0,0
465.821873,22,20131.170527,0,0,1,0,0
328.920203,1,20131.584615,0,0,0,0,1
328.778864,1,20131.812152,0,0,0,0,1
337.826743,1,20132.045472,0,0,0,0,1
-10.516616,8,20132.714895,0,0,1,0,0
337.99729,1,20132.915458,0,0,0,0,1
-199.603445,5,20133.528364,0,0,1,0,0
-184.980088,9,20141.683748,0,0,1,0,0
163.587323,10,20143.973493,0,0,1,0,0
189.484202,16,20146.589334,0,0,1,0,0
196.367889,16,20154.820506,0,0,1,0,0
328.93954,1,20155.06087,0,0,0,0,1
1237.695915,60,20164.489593,1,0,0,0,0
999.306717,43,20171.544066,1,0,0,0,0
328.881733,1,20171.953019,0,0,1,0,0
-153.527846,3,20175.385597,0,0,1,0,0
337.997291,1,20175.548044,0,0,0,0,1
258.565475,18,20183.338092,0,0,1,0,0
337.991637,1,20183.721033,0,0,0,0,1
328.778864,1,20183.909741,0,0,0,0,1
328.931002,1,20184.12015,0,0,0,0,1
337.826744,1,20184.332999,0,0,0,0,1
328.99729,1,20184.550711,0,0,0,0,1
323.292073,35,20190.019662,0,0,1,0,0
337.997292,1,20190.179895,0,0,0,0,1
776.532162,33,20196.219931,0,0,1,0,0
337.691654,16,20208.937789,0,0,1,0,0
199.147048,18,20210.755864,0,0,1,0,0
1016.379289,43,20226.501316,0,0,1,0,0
12.424879,9,20227.355326,0,0,1,0,0
328.888918,1,20227.631188,0,0,1,0,0
381.419892,21,20230.186499,1,0,0,0,0
-16.398171,6,20230.84553,0,0,1,0,0
954.023017,46,20236.359787,0,0,1,0,0
337.997289,1,20236.520325,0,0,0,0,1
328.931002,1,20236.795527,0,0,0,0,1
-115.318766,2,20237.122747,0,0,1,0,0
-148.296399,6,20239.748117,0,0,1,0,0
552.131226,28,20242.588068,0,0,1,0,0
-120.077172,1,20242.973167,0,0,1,0,0
328.826743,1,20243.218404,0,0,0,0,1
581.306628,33,20248.453382,0,0,1,0,0
328.863408,1,20248.737494,0,0,0,0,1
328.846564,1,20249.144761,0,0,1,0,0
737.879033,13,20255.751671,0,0,0,0,1
328.859287,1,20255.984459,1,0,0,0,0
328.90969,1,20256.464374,0,0,1,0,0
-132.922976,1,20257.957688,0,0,1,0,0
313.58752,16,20261.019286,0,0,1,0,0
34.962125,10,20264.010863,0,0,1,0,0
328.931002,1,20264.274733,0,0,0,0,1
136.569533,15,20271.421617,0,0,1,0,0
337.800053,1,20271.618829,0,0,0,0,1
1156.62061,55,20276.470565,0,0,1,0,0
330.129458,1,20276.84128,0,0,1,0,0
328.873836,1,20277.116448,0,0,0,0,1
1515.115332,59,20292.000149,0,0,1,0,0
87.534523,14,20293.969297,0,0,1,0,0
616.896127,34,20300.325884,0,0,1,0,0
-155.526503,6,20303.008577,0,0,1,0,0
-125.762863,6,20303.606266,0,0,1,0,0
339.822903,16,20304.801772,0,0,1,0,0
328.859287,1,20305.011336,1,0,0,0,0
337.99729,1,20305.238509,0,0,0,0,1
546.893809,25,20309.239869,1,0,0,0,0
978.310733,43,20337.58414,0,0,1,0,0
864.472723,38,20341.668139,0,0,1,0,0
751.377179,32,20346.172402,0,0,1,0,0
631.165839,10,20354.611887,0,0,0,0,1
328.846564,1,20354.999331,0,0,1,0,0
455.053453,31,20366.931348,1,0,0,0,0
3.708241,9,20369.321841,0,0,1,0,0
328.778864,1,20369.51727,0,0,0,0,1
150.465315,9,20374.998711,0,0,1,0,0
226.262397,13,20377.790923,0,0,1,0,0
-141.203554,5,20379.91381,1,0,0,0,0
-108.16604,2,20380.277226,1,0,0,0,0
337.99729,1,20380.536727,0,0,0,0,1
581.943071,28,20384.52933,0,0,1,0,0
84.977169,12,20386.749401,0,0,1,0,0
227.709653,14,20394.522828,0,0,1,0,0
-140.999267,1,20397.048679,1,0,0,0,0
421.339274,19,20406.086239,0,0,1,0,0
-126.996194,3,20406.908069,1,0,0,0,0
-97.103247,2,20407.970752,0,0,1,0,0
328.93954,1,20408.164058,0,0,0,0,1
854.675538,43,20455.393331,1,0,0,0,0
381.714476,22,20458.357993,0,0,1,0,0
1155.573721,43,20463.866331,1,0,0,0,0
337.778864,1,20464.048928,0,0,0,0,1
-12.831351,8,20465.807927,0,0,1,0,0
67.524976,11,20467.92051,0,0,1,0,0
705.622565,18,20470.250076,0,0,0,0,1
-123.737282,1,20470.704154,0,0,1,0,0
-6.846413,8,20472.399071,0,0,1,0,0
337.931002,1,20472.694969,0,0,0,0,1
328.881733,1,20473.132775,0,0,1,0,0
770.341654,36,20486.882642,0,0,1,0,0
328.99729,1,20487.187814,0,0,0,0,1
328.931002,1,20487.48758,0,0,0,0,1
328.846564,1,20487.865503,0,0,1,0,0
151.50329,11,20489.266167,0,0,1,0,0
325.176311,16,20492.009801,1,0,0,0,0
876.417338,39,20497.51052,0,0,1,0,0
808.295395,37,20516.594131,0,0,1,0,0
337.997291,1,20516.75213,0,0,0,0,1
328.82862,1,20516.990452,0,0,0,0,1
328.99729,1,20517.19773,0,0,0,0,1
328.82862,1,20517.429454,0,0,0,0,1
337.991637,1,20517.827795,0,0,0,0,1
1007.011871,42,20526.46182,0,0,1,0,0
85.951811,12,20528.718006,0,0,1,0,0
297.590806,16,20530.048313,1,0,0,0,0
321.129458,1,20530.432129,0,0,1,0,0
328.800053,1,20530.602724,0,0,0,0,1
321.129458,1,20531.041903,0,0,1,0,0
1215.09825,57,20535.971498,0,0,1,0,0
799.959626,36,20559.631684,0,0,1,0,0
-97.103247,2,20560.731235,0,0,1,0,0
-121.876109,6,20561.30013,0,0,1,0,0
629.807811,10,20562.555269,0,0,0,0,1
-129.305741,4,20564.906091,0,0,1,0,0
30.059758,10,20567.647667,0,0,1,0,0
609.659056,27,20571.122498,0,0,1,0,0
-199.179898,5,20571.66236,0,0,1,0,0
328.931002,1,20571.813357,0,0,0,0,1
5.537792,9,20581.286618,0,0,1,0,0
-124.514859,5,20583.132358,0,0,1,0,0
-153.54407,3,20586.726423,0,0,1,0,0
-126.388102,1,20586.91731,0,0,1,0,0
337.931001,1,20587.093681,0,0,0,0,1
328.859287,1,20587.345779,1,0,0,0,0
-148.221252,6,20590.21664,0,0,1,0,0
351.597862,17,20592.620019,0,0,1,0,0
328.90969,1,20593.081314,0,0,1,0,0
328.846564,1,20593.424445,0,0,1,0,0
337.888919,1,20593.644419,0,0,1,0,0
454.059729,21,20598.691595,0,0,1,0,0
328.881733,1,20599.255473,0,0,1,0,0
574.004384,27,20602.27519,0,0,1,0,0
181.828631,13,20603.581236,0,0,1,0,0
858.376071,36,20607.758046,1,0,0,0,0
328.846564,1,20608.084739,0,0,1,0,0
328.99729,1,20608.306635,0,0,0,0,1
328.778864,1,20608.583117,0,0,0,0,1
328.931002,1,20608.872664,0,0,0,0,1
928.047628,36,20614.289784,0,0,1,0,0
328.778864,1,20614.481905,0,0,0,0,1
-10.587863,8,20615.167597,0,0,1,0,0
337.778864,1,20615.397723,0,0,0,0,1
1165.520527,47,20649.29062,0,0,1,0,0
337.826743,1,20649.486294,0,0,0,0,1
302.412972,16,20652.648267,0,0,1,0,0
-124.011808,1,20652.975537,0,0,1,0,0
-16.599407,8,20655.407481,0,0,1,0,0
328.846564,1,20655.717777,0,0,1,0,0
328.863408,1,20655.929118,0,0,0,0,1
337.800053,1,20656.173482,0,0,0,0,1
330.129458,1,20656.634567,0,0,1,0,0
580.094058,27,20662.280905,0,0,1,0,0
-6.846413,8,20663.9733,0,0,1,0,0
-124.188656,3,20666.556418,0,0,1,0,0
-115.548639,2,20666.942546,0,0,1,0,0
-122.103929,6,20667.558217,0,0,1,0,0
1052.482985,45,20673.498127,0,0,1,0,0
337.888917,1,20673.715605,0,0,1,0,0
328.93954,1,20673.975414,0,0,0,0,1
328.931002,1,20674.232745,0,0,0,0,1
202.504872,15,20676.550214,1,0,0,0,0
-126.999021,3,20678.352203,0,0,1,0,0
738.318698,13,20684.770319,0,0,0,0,1
490.436411,39,20698.509597,0,0,1,0,0
328.93954,1,20698.746311,0,0,0,0,1
328.778864,1,20699.002701,0,0,0,0,1
-58.564165,4,20699.568668,0,0,1,0,0
328.826743,1,20699.760886,0,0,0,0,1
337.968283,1,20699.958286,0,0,0,0,1
-226.531605,14,20701.307925,0,0,1,0,0
34.238385,10,20704.146391,0,0,1,0,0
328.93954,1,20704.379408,0,0,0,0,1
337.99729,1,20704.622256,0,0,0,0,1
60.879194,11,20706.762385,0,0,1,0,0
337.800053,1,20706.937905,0,0,0,0,1
853.431896,36,20715.11215,0,0,1,0,0
328.947109,1,20715.442254,0,0,0,0,1
457.369788,21,20718.532523,0,0,1,0,0
283.274365,15,20721.991741,0,0,1,0,0
328.800053,1,20722.30853,0,0,0,0,1
87.534523,14,20724.399771,0,0,1,0,0
63.391038,11,20726.625056,0,0,1,0,0
206.042242,12,20729.458573,0,0,1,0,0
328.800053,1,20729.659231,0,0,0,0,1
1038.876886,48,20739.389807,0,0,1,0,0
-153.410916,3,20743.062685,0,0,1,0,0
729.300492,35,20748.462248,0,0,1,0,0
374.334053,20,20750.374618,0,0,1,0,0
658.640274,29,20752.883774,0,0,1,0,0
357.677082,20,20755.067666,0,0,1,0,0
328.93954,1,20755.27934,0,0,0,0,1
328.778864,1,20755.57155,0,0,0,0,1
328.931002,1,20755.813093,0,0,0,0,1
-198.663258,8,20764.188382,0,0,1,0,0
328.778864,1,20764.357656,0,0,0,0,1
1140.467165,47,20782.904217,0,0,1,0,0
328.93954,1,20783.116142,0,0,0,0,1
798.466119,36,20787.951146,0,0,1,0,0
405.9157,23,20790.534998,0,0,1,0,0
328.800053,1,20790.758186,0,0,0,0,1
337.99729,1,20790.990389,0,0,0,0,1
328.846564,1,20791.34462,0,0,1,0,0
328.931002,1,20791.551387,0,0,0,0,1
-71.394975,7,20795.254582,0,0,1,0,0
337.997289,1,20795.507532,0,0,0,0,1
328.93954,1,20795.796804,0,0,0,0,1
-133.423008,4,20798.646162,0,0,1,0,0
328.859287,1,20798.821472,1,0,0,0,0
328.931002,1,20799.052046,0,0,0,0,1
747.380969,43,20806.489586,0,0,1,0,0
900.340276,48,20813.643008,0,0,1,0,0
1020.617187,42,20818.414479,0,0,1,0,0
337.828619,1,20818.599683,0,0,0,0,1
330.088422,18,20829.765017,0,0,1,0,0
1349.955049,59,20838.488851,0,0,1,0,0
-61.55182,7,20842.23946,0,0,1,0,0
562.533147,44,20848.210581,1,0,0,0,0
-194.397299,8,20849.011172,0,0,1,0,0
337.931002,1,20849.187807,0,0,0,0,1
443.804719,22,20851.456522,0,0,1,0,0
411.621039,20,20855.615309,0,0,1,0,0
-200.032241,8,20856.278584,0,0,1,0,0
156.12416,18,20858.191146,0,0,1,0,0
508.270992,24,20863.335403,0,0,1,0,0
328.968284,1,20863.589352,0,0,0,0,1
328.881733,1,20864.12954,0,0,1,0,0
428.290979,18,20884.781813,0,0,1,0,0
337.939541,1,20885.0023,0,0,0,0,1
-108.16604,2,20885.418707,1,0,0,0,0
-126.388102,1,20885.709906,0,0,1,0,0
328.931002,1,20885.880268,0,0,0,0,1
328.778864,1,20886.094686,0,0,0,0,1
328.931002,1,20886.294209,0,0,0,0,1
337.826743,1,20886.517222,0,0,0,0,1
328.863408,1,20886.721963,0,0,0,0,1
418.283618,28,20890.711891,0,0,1,0,0
328.991637,1,20891.15608,0,0,0,0,1
104.057076,9,20893.037637,0,0,1,0,0
328.852829,1,20893.389176,0,0,1,0,0
-18.587176,6,20894.219029,0,0,1,0,0
734.288661,29,20898.265383,0,0,1,0,0
328.93954,1,20898.420791,0,0,0,0,1
328.778864,1,20898.67551,0,0,0,0,1
328.968284,1,20898.921417,0,0,0,0,1
-120.065661,1,20899.355928,0,0,1,0,0
328.90969,1,20899.846828,0,0,1,0,0
985.03277,53,20907.489006,1,0,0,0,0
488.017576,24,20912.284768,0,0,1,0,0
328.931002,1,20912.618548,0,0,0,0,1
337.93954,1,20912.815585,0,0,0,0,1
328.931002,1,20913.04771,0,0,0,0,1
328.881733,1,20913.447859,0,0,1,0,0
53.648816,13,20915.308068,0,0,1,0,0
328.881733,1,20923.41347,0,0,1,0,0
337.939541,1,20923.592364,0,0,0,0,1
601.020035,27,20926.937674,0,0,1,0,0
569.256492,32,20932.246272,0,0,1,0,0
28.203771,9,20932.978522,0,0,1,0,0
164.557273,14,20935.012908,0,0,1,0,0
72.431689,11,20936.488553,0,0,1,0,0
87.534523,14,20938.463727,0,0,1,0,0
-125.594758,5,20940.373782,0,0,1,0,0
337.800053,1,20940.53126,0,0,0,0,1
328.99729,1,20940.784734,0,0,0,0,1
337.881733,1,20941.269775,0,0,1,0,0
2375.693562,89,20949.83215,0,0,1,0,0
328.93954,1,20949.986537,0,0,0,0,1
715.599994,51,20955.96615,0,0,1,0,0
337.93954,1,20956.280033,0,0,0,0,1
-35.837535,4,20957.017234,0,0,1,0,0
328.826743,1,20957.18122,0,0,0,0,1
-206.565173,5,20958.951246,0,0,1,0,0
328.93954,1,20959.107491,0,0,0,0,1
337.881733,1,20959.547845,0,0,1,0,0
337.800053,1,20959.709169,0,0,0,0,1
169.839499,11,20962.174067,0,0,1,0,0
337.939539,1,20962.494788,0,0,0,0,1
337.881733,1,20970.612374,0,0,1,0,0
328.99729,1,20970.788853,0,0,0,0,1
328.859287,1,20971.086439,1,0,0,0,0
-13.834736,8,20971.773565,0,0,1,0,0
690.78233,25,20978.662641,0,0,1,0,0
389.157836,18,20987.448372,0,0,1,0,0
1034.865627,47,20994.477436,0,0,1,0,0
328.931002,1,20994.74121,0,0,0,0,1
328.93954,1,20994.945107,0,0,0,0,1
-128.99124,6,20997.069256,0,0,1,0,0
337.931002,1,20997.218328,0,0,0,0,1
337.881732,1,20997.614182,0,0,1,0,0
837.892707,37,21012.08826,0,0,1,0,0
337.931002,1,21012.317904,0,0,0,0,1
337.931,1,21012.56345,0,0,0,0,1
328.931002,1,21012.779097,0,0,0,0,1
328.778864,1,21013.022345,0,0,0,0,1
328.82862,1,21013.267884,0,0,0,0,1
474.33641,21,21017.965922,0,0,1,0,0
-41.46229,7,21019.238318,0,0,1,0,0
-140.999267,1,21021.937183,1,0,0,0,0
174.985351,15,21024.785819,0,0,1,0,0
-127.022604,3,21026.552803,0,0,1,0,0
-153.527846,3,21030.171791,0,0,1,0,0
561.558413,37,21036.088487,0,0,1,0,0
337.800054,1,21036.316357,0,0,0,0,1
328.846564,1,21036.662578,0,0,1,0,0
-121.341446,6,21037.297048,0,0,1,0,0
328.90969,1,21037.648234,0,0,1,0,0
339.957582,17,21039.196802,0,0,1,0,0
545.003526,22,21054.747734,0,0,1,0,0
112.333878,12,21064.250298,0,0,1,0,0
-140.897522,5,21066.199251,1,0,0,0,0
-122.506057,7,21068.020589,0,0,1,0,0
337.931002,1,21068.18457,0,0,0,0,1
658.283211,33,21073.311819,0,0,1,0,0
328.93954,1,21073.494078,0,0,0,0,1
630.56861,10,21081.936153,0,0,0,0,1
-152.104364,7,21085.797148,0,0,1,0,0
328.773494,1,21086.213292,0,0,1,0,0
321.129458,1,21086.620855,0,0,1,0,0
328.82862,1,21086.775727,0,0,0,0,1
679.09009,26,21091.028347,0,0,1,0,0
328.778864,1,21091.238108,0,0,0,0,1
328.909529,1,21091.484878,0,0,0,0,1
337.831123,1,21091.715892,0,0,0,0,1
711.275969,33,21097.32712,1,0,0,0,0
-126.351242,3,21098.29613,1,0,0,0,0
-158.034737,4,21101.730012,0,0,1,0,0
328.846564,1,21102.013299,0,0,1,0,0
1426.306283,55,21111.886565,0,0,1,0,0
330.129458,1,21112.351675,0,0,1,0,0
1709.721264,65,21130.317269,0,0,1,0,0
214.09234,12,21131.71034,0,0,1,0,0
328.778864,1,21131.929504,0,0,0,0,1
414.613567,21,21134.393501,0,0,1,0,0
843.146545,45,21141.166324,0,0,1,0,0
328.800053,1,21141.424293,0,0,0,0,1
328.99729,1,21141.661686,0,0,0,0,1
-126.999021,3,21143.485662,0,0,1,0,0
328.800053,1,21143.63509,0,0,0,0,1
844.636349,35,21150.000037,0,0,1,0,0
328.800053,1,21150.148897,0,0,0,0,1
328.947109,1,21150.48787,0,0,0,0,1
398.480875,22,21152.885784,0,0,1,0,0
328.909529,1,21153.085519,0,0,0,0,1
337.778863,1,21153.348833,0,0,0,0,1
337.863407,1,21153.579537,0,0,0,0,1
287.227052,16,21491.058015,0,0,1,0,0
328.931002,1,21491.276103,0,0,0,0,1
-9.626156,8,21491.890032,0,0,1,0,0
337.778863,1,21492.098838,0,0,0,0,1
328.778864,1,21492.327487,0,0,0,0,1
-116.077324,6,21494.212143,0,0,1,0,0
73.291404,11,21495.464577,0,0,1,0,0
328.93954,1,21495.678376,0,0,0,0,1
689.346084,29,21499.813398,1,0,0,0,0
378.037917,17,21509.005983,0,0,1,0,0
-129.873444,6,21510.668216,0,0,1,0,0
-108.16604,2,21511.002265,1,0,0,0,0
-115.273477,2,21511.357431,0,0,1,0,0
328.846564,1,21511.652717,0,0,1,0,0
328.800053,1,21511.856132,0,0,0,0,1
337.778865,1,21512.124832,0,0,0,0,1
328.93954,1,21512.384497,0,0,0,0,1
328.82862,1,21512.600275,0,0,0,0,1
328.826743,1,21512.850912,0,0,0,0,1
328.82862,1,21513.093636,0,0,0,0,1
328.93954,1,21513.358927,0,0,0,0,1
321.129458,1,21513.825036,0,0,1,0,0
328.968284,1,21514.015687,0,0,0,0,1
328.778864,1,21514.299976,0,0,0,0,1
551.300679,26,21528.213205,0,0,1,0,0
328.90969,1,21528.757825,0,0,1,0,0
328.859287,1,21528.981959,1,0,0,0,0
328.859287,1,21529.185686,1,0,0,0,0
328.979437,1,21529.481814,0,0,0,0,1
328.99729,1,21529.685217,0,0,0,0,1
337.909529,1,21529.947352,0,0,0,0,1
337.800053,1,21530.181815,0,0,0,0,1
833.914032,35,21878.81045,0,0,1,0,0
1222.902335,52,21888.602559,0,0,1,0,0
337.778864,1,21888.76091,0,0,0,0,1
151.686799,12,21895.520047,0,0,1,0,0
330.129458,1,21895.982488,0,0,1,0,0
106.198643,9,21897.549654,0,0,1,0,0
308.105464,16,21906.587415,0,0,1,0,0
217.663489,15,21908.4164,0,0,1,0,0
328.800053,1,21908.643691,0,0,0,0,1
647.185918,28,21911.248213,1,0,0,0,0
328.968284,1,21911.441225,0,0,0,0,1
328.82862,1,21911.729999,0,0,0,0,1
-14.827717,8,21913.912151,0,0,1,0,0
202.504872,15,21916.353809,1,0,0,0,0
1113.122043,54,21931.567919,0,0,1,0,0
328.778864,1,21931.781435,0,0,0,0,1
337.931002,1,21931.996207,0,0,0,0,1
-129.071402,1,21932.334547,0,0,1,0,0
328.93954,1,21932.591676,0,0,0,0,1
328.931002,1,21932.846335,0,0,0,0,1
822.910285,37,21941.719234,0,0,1,0,0
498.78804,23,21943.387645,1,0,0,0,0
328.778864,1,21943.581559,0,0,0,0,1
328.99729,1,21943.839375,0,0,0,0,1
328.991637,1,21944.32287,0,0,0,0,1
328.99729,1,21944.524217,0,0,0,0,1
334.229735,17,21954.666852,0,0,1,0,0
328.99729,1,21954.866432,0,0,0,0,1
328.846564,1,21955.201891,0,0,1,0,0
528.774676,21,21960.396032,0,0,1,0,0
-122.103929,6,21961.069092,0,0,1,0,0
328.881733,1,21961.469987,0,0,1,0,0
289.360834,14,21970.240309,0,0,1,0,0
656.071136,39,21977.6009,0,0,1,0,0
328.800053,1,21977.743927,0,0,0,0,1
328.800053,1,21977.939173,0,0,0,0,1
328.931002,1,21978.135459,0,0,0,0,1
3.298251,9,21980.568498,0,0,1,0,0
602.473172,26,21983.884489,0,0,1,0,0
328.846564,1,21984.18209,0,0,1,0,0
328.93954,1,21984.410054,0,0,0,0,1
328.93954,1,21984.688133,0,0,0,0,1
-129.174133,4,21987.080679,0,0,1,0,0
256.997248,14,21989.902666,1,0,0,0,0
256.977351,13,21992.186359,0,0,1,0,0
636.328558,29,21994.768621,0,0,1,0,0
780.574916,34,22001.743656,0,0,1,0,0
1228.654024,52,22018.33727,1,0,0,0,0
927.299468,41,22024.603764,0,0,1,0,0
337.931001,1,22024.791826,0,0,0,0,1
-132.738533,1,22025.243057,0,0,1,0,0
705.948346,32,22033.350534,0,0,1,0,0
328.931002,1,22033.6755,0,0,0,0,1
443.8955,22,22038.702983,0,0,1,0,0
337.82862,1,22038.952295,0,0,0,0,1
775.153718,33,22044.232328,0,0,1,0,0
569.336106,23,22049.53373,0,0,1,0,0
328.859287,1,22049.947183,1,0,0,0,0
369.252236,22,22059.932539,0,0,1,0,0
-158.319009,4,22063.494828,0,0,1,0,0
328.800053,1,22063.638624,0,0,0,0,1
328.826743,1,22063.884003,0,0,0,0,1
-125.805349,5,22065.630846,0,0,1,0,0
328.800053,1,22065.790195,0,0,0,0,1
337.863409,1,22066.026395,0,0,0,0,1
115.882388,10,22067.193504,0,0,1,0,0
1062.06254,44,22076.690192,0,0,1,0,0
333.686965,16,22078.118844,1,0,0,0,0
337.939541,1,22078.288625,0,0,0,0,1
268.414891,13,22087.206334,0,0,1,0,0
10.955514,9,22089.039905,0,0,1,0,0
-199.698178,5,22089.573933,0,0,1,0,0
328.778864,1,22089.761651,0,0,0,0,1
328.931002,1,22090.018947,0,0,0,0,1
14.215101,9,22090.81723,0,0,1,0,0
760.27017,35,22096.433405,1,0,0,0,0
-132.922976,1,22098.139144,0,0,1,0,0
-132.922976,1,22099.838239,0,0,1,0,0
87.180576,11,22102.049653,0,0,1,0,0
202.504872,15,22104.495495,1,0,0,0,0
328.93954,1,22104.709647,0,0,0,0,1
-63.2622,7,22108.447147,0,0,1,0,0
337.826743,1,22108.661999,0,0,0,0,1
328.99729,1,22108.85947,0,0,0,0,1
328.90969,1,22109.307748,0,0,1,0,0
1010.209626,50,22124.023695,1,0,0,0,0
337.938687,1,22124.460352,0,0,0,0,1
328.82862,1,22124.761284,0,0,0,0,1
328.93954,1,22124.992936,0,0,0,0,1
-195.398651,9,22125.705383,0,0,1,0,0
328.881733,1,22126.052547,0,0,1,0,0
-6.846413,8,22127.667133,0,0,1,0,0
330.129458,1,22128.155879,0,0,1,0,0
1222.39444,48,22134.809155,0,0,1,0,0
337.863408,1,22135.044574,0,0,0,0,1
328.859287,1,22135.343064,1,0,0,0,0
337.968284,1,22135.594443,0,0,0,0,1
328.931002,1,22135.895746,0,0,0,0,1
328.846564,1,22136.269779,0,0,1,0,0
89.906339,12,22138.280298,0,0,1,0,0
337.968284,1,22138.460714,0,0,0,0,1
448.719619,21,22149.915177,0,0,1,0,0
855.620961,37,22152.725056,0,0,1,0,0
864.496173,36,22160.556959,0,0,1,0,0
380.571419,22,22163.118257,0,0,1,0,0
328.778864,1,22163.380843,0,0,0,0,1
328.888918,1,22163.674213,0,0,1,0,0
571.750131,26,22169.435246,0,0,1,0,0
67.703212,11,22171.646556,0,0,1,0,0
328.968284,1,22171.847892,0,0,0,0,1
328.863408,1,22172.130598,0,0,0,0,1
-115.362118,2,22172.477673,0,0,1,0,0
337.800055,1,22172.669739,0,0,0,0,1
337.826743,1,22172.919901,0,0,0,0,1
-124.515087,5,22174.760283,0,0,1,0,0
337.997288,1,22174.925473,0,0,0,0,1
328.800053,1,22182.776387,0,0,0,0,1
328.778864,1,22183.031275,0,0,0,0,1
355.641744,17,22187.048096,0,0,1,0,0
328.859287,1,22187.857278,1,0,0,0,0
337.93954,1,22188.055862,0,0,0,0,1
350.236996,20,22190.341288,0,0,1,0,0
337.863408,1,22190.53747,0,0,0,0,1
337.800054,1,22190.770479,0,0,0,0,1
328.99729,1,22191.011806,0,0,0,0,1
328.90969,1,22191.504763,0,0,1,0,0
1151.881178,50,22199.925669,1,0,0,0,0
337.826743,1,22200.08751,0,0,0,0,1
-235.763524,12,22201.612743,0,0,1,0,0
-142.825651,5,22203.485471,1,0,0,0,0
337.997288,1,22203.713275,0,0,0,0,1
-194.402146,8,22204.501349,0,0,1,0,0
811.716016,42,22212.501102,0,0,1,0,0
110.14205,13,22214.328562,0,0,1,0,0
408.758528,17,22215.546316,0,0,1,0,0
1019.729287,43,22220.532191,0,0,1,0,0
337.826743,1,22220.768524,0,0,0,0,1
337.939541,1,22220.966317,0,0,0,0,1
328.909529,1,22221.170033,0,0,0,0,1
328.968284,1,22221.379333,0,0,0,0,1
1052.531091,55,22226.261929,0,0,1,0,0
337.968285,1,22226.412085,0,0,0,0,1
798.551203,36,22238.308659,0,0,1,0,0
781.387143,40,22241.950928,0,0,1,0,0
625.96546,30,22245.17936,0,0,1,0,0
328.859287,1,22245.42129,1,0,0,0,0
778.132705,51,22249.696451,0,0,1,0,0
379.084609,18,22251.612266,0,0,1,0,0
328.859287,1,22251.855465,1,0,0,0,0
337.828618,1,22252.09971,0,0,0,0,1
316.84484,16,22255.866905,0,0,1,0,0
328.931002,1,22256.168949,0,0,0,0,1
304.61144,19,22258.529255,0,0,1,0,0
328.800053,1,22258.761686,0,0,0,0,1
-153.522088,3,22262.308078,0,0,1,0,0
328.881733,1,22262.65893,0,0,1,0,0
328.800053,1,22262.840627,0,0,0,0,1
337.778863,1,22263.077566,0,0,0,0,1
247.552044,14,22284.682849,0,0,1,0,0
-36.845659,4,22285.232502,0,0,1,0,0
328.800053,1,22285.371908,0,0,0,0,1
375.19221,19,22288.518168,1,0,0,0,0
328.931002,1,22288.779484,0,0,0,0,1
-9.626156,8,22289.395265,0,0,1,0,0
157.365712,13,22291.871955,0,0,1,0,0
-140.98844,1,22294.447686,1,0,0,0,0
1154.108469,47,22312.603402,0,0,1,0,0
328.93954,1,22312.882741,0,0,0,0,1
-206.565173,5,22357.355389,0,0,1,0,0
582.674235,27,22360.665704,0,0,1,0,0
328.863408,1,22360.847974,0,0,0,0,1
391.640598,27,22372.311611,0,0,1,0,0
54.314592,13,22374.297782,0,0,1,0,0
-67.489283,4,22374.954399,0,0,1,0,0
360.221229,24,22377.726103,0,0,1,0,0
-32.912267,7,22379.05549,0,0,1,0,0
729.538911,40,22382.721938,0,0,1,0,0
545.900727,32,22388.438368,0,0,1,0,0
729.497614,31,22392.311134,0,0,1,0,0
222.871914,14,22394.555846,0,0,1,0,0
-115.011984,1,22394.818938,0,0,1,0,0
328.846564,1,22395.115232,0,0,1,0,0
328.99729,1,22395.304096,0,0,0,0,1
328.800053,1,22395.525536,0,0,0,0,1
328.846564,1,22395.888702,0,0,1,0,0
337.800054,1,22396.124349,0,0,0,0,1
328.800053,1,22396.371987,0,0,0,0,1
