#{"t_start": 1771234582.754759, "env_id": "commonroad-v1-safe"}
r,l,t,is_collision,is_time_out,is_off_road,is_friction_violation,is_goal_reached
65.100089,14,50.653505,0,0,1,0,0
-140.701892,5,130.958565,1,0,0,0,0
15.105766,9,134.463788,0,0,1,0,0
-140.999267,1,138.995353,1,0,0,0,0
28.826743,1,139.87683,0,0,0,0,1
740.164301,33,168.87211,0,0,1,0,0
34.637882,2,170.544855,0,0,1,0,0
37.909529,1,170.972706,0,0,0,0,1
471.129458,1,171.602681,0,0,1,0,0
471.129458,1,172.409967,0,0,1,0,0
291.121827,19,175.882443,0,0,1,0,0
28.93954,1,176.846212,0,0,0,0,1
37.826742,1,177.45774,0,0,0,0,1
1051.100668,49,198.173591,0,0,1,0,0
465.728887,27,208.173518,0,0,1,0,0
299.432343,18,211.692451,0,0,1,0,0
471.129458,1,212.041835,0,0,1,0,0
281.939445,16,226.460169,0,0,1,0,0
127.655316,10,231.810761,0,0,1,0,0
28.826743,1,232.254422,0,0,0,0,1
37.931002,1,233.105466,0,0,0,0,1
37.931003,1,233.633026,0,0,0,0,1
873.976773,38,256.642537,0,0,1,0,0
-194.998379,9,258.427565,0,0,1,0,0
61.927319,2,260.486074,0,0,1,0,0
28.931002,1,260.931129,0,0,0,0,1
28.826743,1,261.450661,0,0,0,0,1
-199.825534,5,262.909855,0,0,1,0,0
-133.384667,4,267.424332,0,0,1,0,0
1452.741838,58,303.757876,0,0,1,0,0
37.800053,1,304.24518,0,0,0,0,1
707.238748,31,321.048839,0,0,1,0,0
-140.999267,1,323.971336,1,0,0,0,0
28.931002,1,329.046885,0,0,0,0,1
1074.191514,42,362.454013,1,0,0,0,0
1099.495919,49,390.212832,0,0,1,0,0
672.519993,38,399.986678,0,0,1,0,0
28.826743,1,400.579306,0,0,0,0,1
235.622595,12,406.275783,0,0,1,0,0
394.737479,26,438.258862,0,0,1,0,0
37.997289,1,439.166733,0,0,0,0,1
28.82862,1,439.772428,0,0,0,0,1
811.563891,32,451.556881,0,0,1,0,0
825.9355,32,469.402886,0,0,1,0,0
-140.999267,1,472.29303,1,0,0,0,0
158.024694,14,475.976248,0,0,1,0,0
37.931001,1,476.347714,0,0,0,0,1
28.800053,1,476.773701,0,0,0,0,1
613.254612,10,479.082952,0,0,0,0,1
177.76212,11,483.789263,1,0,0,0,0
-140.999267,1,486.650871,1,0,0,0,0
87.534523,14,489.311665,0,0,1,0,0
644.29425,15,492.802811,0,0,0,0,1
115.86129,15,494.975654,0,0,1,0,0
28.800053,1,495.497885,0,0,0,0,1
28.826743,1,495.969266,0,0,0,0,1
258.334681,16,503.229372,0,0,1,0,0
28.99729,1,503.577435,0,0,0,0,1
478.881733,1,504.159369,0,0,1,0,0
28.826743,1,504.457675,0,0,0,0,1
809.698046,34,530.443696,1,0,0,0,0
28.938687,1,531.093189,0,0,0,0,1
28.863408,1,531.618278,0,0,0,0,1
-34.559503,7,533.483793,0,0,1,0,0
480.129458,1,534.165062,0,0,1,0,0
28.82862,1,534.443044,0,0,0,0,1
-122.94804,6,536.594748,0,0,1,0,0
826.493711,44,547.976587,0,0,1,0,0
631.19538,24,558.376777,0,0,1,0,0
1334.389114,52,615.619826,0,0,1,0,0
63.140658,13,617.900721,0,0,1,0,0
28.99729,1,618.534924,0,0,0,0,1
28.931002,1,619.17838,0,0,0,0,1
359.691891,19,626.613511,0,0,1,0,0
-140.999267,1,629.649118,1,0,0,0,0
416.058743,22,633.844694,1,0,0,0,0
652.627781,30,639.616631,0,0,1,0,0
609.661054,28,655.260322,0,0,1,0,0
667.85683,32,661.938154,0,0,1,0,0
478.888918,1,662.501994,0,0,1,0,0
28.778864,1,663.52665,0,0,0,0,1
28.931002,1,664.235044,0,0,0,0,1
37.778865,1,664.828099,0,0,0,0,1
-67.496796,4,665.978383,0,0,1,0,0
28.99729,1,670.905097,0,0,0,0,1
634.071729,30,692.521701,0,0,1,0,0
37.82862,1,692.968834,0,0,0,0,1
317.788508,17,703.372288,0,0,1,0,0
23.60752,1,703.795404,0,0,1,0,0
-121.689017,7,706.840356,0,0,1,0,0
37.99729,1,707.109457,0,0,0,0,1
28.99729,1,707.666531,0,0,0,0,1
470.832352,22,715.272168,1,0,0,0,0
90.21489,14,717.349709,0,0,1,0,0
28.931002,1,717.95656,0,0,0,0,1
37.826743,1,718.756596,0,0,0,0,1
-7.431467,8,720.905222,0,0,1,0,0
52.896753,2,722.743299,0,0,1,0,0
80.980869,17,734.019404,0,0,1,0,0
37.991638,1,734.58498,0,0,0,0,1
546.227794,25,741.211394,1,0,0,0,0
28.99729,1,741.670543,0,0,0,0,1
28.947109,1,742.324109,0,0,0,0,1
-192.271134,5,744.851514,0,0,1,0,0
28.920203,1,745.491868,0,0,0,0,1
16.189244,9,751.128429,0,0,1,0,0
471.129458,1,751.532641,0,0,1,0,0
-136.222637,5,753.807158,0,0,1,0,0
1229.040343,47,782.817696,0,0,1,0,0
-126.661597,6,786.359415,0,0,1,0,0
28.778864,1,786.842495,0,0,0,0,1
28.778864,1,787.417859,0,0,0,0,1
-192.955959,9,788.610503,0,0,1,0,0
28.800053,1,788.879411,0,0,0,0,1
603.270791,33,798.634722,0,0,1,0,0
28.931002,1,799.32158,0,0,0,0,1
17.077024,1,801.643725,0,0,1,0,0
87.534523,14,803.781323,0,0,1,0,0
-62.228372,7,809.158109,0,0,1,0,0
127.710985,11,811.379104,0,0,1,0,0
28.968284,1,812.362111,0,0,0,0,1
28.800053,1,817.860386,0,0,0,0,1
28.778864,1,818.266289,0,0,0,0,1
50.867459,2,819.089303,0,0,1,0,0
53.406003,10,821.334958,0,0,1,0,0
716.77489,29,831.537603,0,0,1,0,0
988.467738,33,849.627596,0,0,1,0,0
487.852828,1,850.056885,0,0,1,0,0
28.863408,1,850.517492,0,0,0,0,1
37.931001,1,850.863249,0,0,0,0,1
29.924185,1,851.93406,0,0,1,0,0
888.636271,39,877.695676,0,0,1,0,0
300.037742,17,891.078648,0,0,1,0,0
808.375692,35,899.86911,0,0,1,0,0
1195.047651,31,905.801699,0,0,0,0,1
742.388791,39,914.972369,0,0,1,0,0
28.968284,1,915.264703,0,0,0,0,1
28.99729,1,920.547698,0,0,0,0,1
28.93954,1,921.182614,0,0,0,0,1
37.778864,1,921.573276,0,0,0,0,1
487.881734,1,922.333798,0,0,1,0,0
652.883288,36,929.083248,0,0,1,0,0
-182.176006,9,930.330637,0,0,1,0,0
28.99729,1,930.767645,0,0,0,0,1
28.968284,1,931.133037,0,0,0,0,1
565.606257,25,936.192722,0,0,1,0,0
37.931002,1,936.563275,0,0,0,0,1
-127.145903,3,938.125238,1,0,0,0,0
28.826743,1,938.417402,0,0,0,0,1
632.919751,10,950.251702,0,0,0,0,1
28.93954,1,950.596561,0,0,0,0,1
37.93954,1,951.282561,0,0,0,0,1
28.826743,1,951.634852,0,0,0,0,1
841.355236,40,962.069589,0,0,1,0,0
37.82862,1,962.63709,0,0,0,0,1
1538.60051,65,986.891481,0,0,1,0,0
-13.205686,8,990.413642,0,0,1,0,0
28.920203,1,990.789795,0,0,0,0,1
219.479291,13,994.918553,0,0,1,0,0
495.439244,31,1006.070738,0,0,1,0,0
28.800053,1,1006.628446,0,0,0,0,1
-158.197488,4,1011.192117,0,0,1,0,0
227.237933,15,1014.138398,0,0,1,0,0
28.93954,1,1014.865272,0,0,0,0,1
814.460171,36,1023.561272,0,0,1,0,0
266.273996,14,1037.186818,0,0,1,0,0
37.778863,1,1037.755268,0,0,0,0,1
694.557486,30,1048.397021,1,0,0,0,0
478.881733,1,1048.944205,0,0,1,0,0
73.741935,14,1051.207376,0,0,1,0,0
28.968284,1,1051.679896,0,0,0,0,1
478.881733,1,1052.369623,0,0,1,0,0
352.430701,18,1060.623172,0,0,1,0,0
28.99729,1,1060.948711,0,0,0,0,1
564.328401,28,1066.514191,0,0,1,0,0
141.752841,14,1069.776606,0,0,1,0,0
384.640888,19,1073.331235,0,0,1,0,0
225.805293,13,1075.798582,1,0,0,0,0
424.41682,20,1086.430971,0,0,1,0,0
28.826743,1,1086.990628,0,0,0,0,1
28.826743,1,1087.296225,0,0,0,0,1
487.881734,1,1087.696639,0,0,1,0,0
28.968284,1,1088.012356,0,0,0,0,1
487.852829,1,1088.336051,0,0,1,0,0
28.859287,1,1089.060671,1,0,0,0,0
28.931002,1,1089.596758,0,0,0,0,1
37.863408,1,1090.11365,0,0,0,0,1
37.863408,1,1090.472244,0,0,0,0,1
28.800053,1,1090.942868,0,0,0,0,1
-141.881503,5,1093.673967,1,0,0,0,0
296.654785,15,1096.548342,0,0,1,0,0
379.731404,27,1112.847261,0,0,1,0,0
20.928598,1,1113.291452,0,0,1,0,0
37.831122,1,1113.864757,0,0,0,0,1
28.863408,1,1114.310361,0,0,0,0,1
37.99729,1,1114.653992,0,0,0,0,1
28.826743,1,1115.02151,0,0,0,0,1
28.99729,1,1115.535153,0,0,0,0,1
-108.16604,2,1116.275483,1,0,0,0,0
20.928598,1,1116.863693,0,0,1,0,0
-70.269589,7,1121.944924,0,0,1,0,0
26.265209,1,1122.740814,0,0,1,0,0
-126.17611,7,1125.536259,0,0,1,0,0
28.778864,1,1126.105918,0,0,0,0,1
28.778864,1,1126.537822,0,0,0,0,1
-42.942711,7,1133.391992,0,0,1,0,0
50.414111,6,1140.488557,0,0,1,0,0
107.04401,9,1142.705924,0,0,1,0,0
34.72522,2,1143.219217,0,0,1,0,0
406.544706,21,1147.593099,0,0,1,0,0
28.831123,1,1147.901462,0,0,0,0,1
37.826743,1,1148.251289,0,0,0,0,1
495.517921,25,1153.16434,1,0,0,0,0
37.939541,1,1153.551232,0,0,0,0,1
28.800053,1,1154.052212,0,0,0,0,1
721.734387,27,1164.650696,0,0,1,0,0
28.826743,1,1164.901575,0,0,0,0,1
5.342465,9,1167.66642,0,0,1,0,0
-190.53587,8,1169.184983,0,0,1,0,0
478.90969,1,1169.668509,0,0,1,0,0
50.878675,2,1170.191,0,0,1,0,0
28.778864,1,1170.525437,0,0,0,0,1
794.687797,44,1183.998444,0,0,1,0,0
909.811318,39,1193.829131,1,0,0,0,0
1072.994447,42,1209.018515,0,0,1,0,0
478.90969,1,1209.439519,0,0,1,0,0
28.800053,1,1209.85849,0,0,0,0,1
907.170199,39,1221.417589,1,0,0,0,0
588.265733,29,1225.892115,0,0,1,0,0
28.826743,1,1226.407568,0,0,0,0,1
-198.663258,8,1227.254334,0,0,1,0,0
853.625882,44,1237.235831,0,0,1,0,0
28.93954,1,1237.927353,0,0,0,0,1
37.82862,1,1238.284966,0,0,0,0,1
143.378009,9,1251.250889,0,0,1,0,0
483.275279,20,1258.063558,0,0,1,0,0
28.920203,1,1258.458733,0,0,0,0,1
1283.14229,62,1281.113129,1,0,0,0,0
-122.506057,7,1283.641112,0,0,1,0,0
420.920392,26,1288.991456,0,0,1,0,0
150.646059,13,1302.795586,0,0,1,0,0
-223.793572,12,1305.110739,0,0,1,0,0
37.997289,1,1305.412269,0,0,0,0,1
728.651611,31,1314.141806,1,0,0,0,0
-108.16604,2,1314.58746,1,0,0,0,0
833.682116,34,1322.995118,0,0,1,0,0
253.214612,14,1332.220944,0,0,1,0,0
28.931002,1,1332.643615,0,0,0,0,1
-192.379456,7,1333.575848,0,0,1,0,0
28.977188,1,1334.076009,0,0,0,0,1
975.015887,43,1348.17925,0,0,1,0,0
474.624778,22,1354.74774,1,0,0,0,0
290.677456,13,1373.575166,0,0,1,0,0
710.383749,32,1379.307396,0,0,1,0,0
96.683363,12,1382.470688,0,0,1,0,0
715.783547,37,1415.156361,0,0,1,0,0
52.896753,2,1416.984293,0,0,1,0,0
12.689471,9,1419.799975,0,0,1,0,0
384.059891,18,1440.000451,0,0,1,0,0
-157.906027,4,1444.344037,0,0,1,0,0
72.882388,11,1446.152081,0,0,1,0,0
28.931002,1,1446.567415,0,0,0,0,1
580.50951,26,1454.213702,1,0,0,0,0
422.771291,20,1466.82764,0,0,1,0,0
235.403991,12,1484.06865,0,0,1,0,0
-121.826233,7,1486.732991,0,0,1,0,0
994.740828,46,1495.90268,0,0,1,0,0
487.881733,1,1496.286139,0,0,1,0,0
478.846564,1,1496.792645,0,0,1,0,0
487.881734,1,1497.181667,0,0,1,0,0
1364.769775,55,1508.330443,0,0,1,0,0
383.627857,20,1528.912813,0,0,1,0,0
37.826742,1,1529.253291,0,0,0,0,1
355.701242,19,1534.745574,1,0,0,0,0
-74.24228,7,1539.705242,0,0,1,0,0
-148.296399,6,1543.990128,0,0,1,0,0
647.921331,11,1546.312915,0,0,0,0,1
1332.611969,54,1575.339272,0,0,1,0,0
28.99729,1,1575.87043,0,0,0,0,1
881.743132,35,1593.538826,0,0,1,0,0
-133.139828,4,1596.746048,0,0,1,0,0
37.939541,1,1597.336887,0,0,0,0,1
478.846564,1,1597.874379,0,0,1,0,0
37.800053,1,1598.381006,0,0,0,0,1
538.518901,25,1610.682952,0,0,1,0,0
28.931002,1,1611.243219,0,0,0,0,1
-196.401778,8,1612.169093,0,0,1,0,0
478.881733,1,1612.557189,0,0,1,0,0
820.22279,40,1619.990423,0,0,1,0,0
945.915121,36,1650.490229,0,0,1,0,0
486.562196,23,1659.650012,0,0,1,0,0
960.312794,22,1663.825562,0,0,0,0,1
37.93954,1,1664.172703,0,0,0,0,1
37.93954,1,1664.616852,0,0,0,0,1
28.826743,1,1665.022927,0,0,0,0,1
774.364605,37,1677.099392,0,0,1,0,0
584.607619,32,1685.422056,1,0,0,0,0
28.931002,1,1685.832917,0,0,0,0,1
28.863408,1,1686.186862,0,0,0,0,1
23.611898,1,1686.603419,0,0,1,0,0
28.800053,1,1686.90738,0,0,0,0,1
37.863408,1,1687.211452,0,0,0,0,1
487.881733,1,1687.61927,0,0,1,0,0
1413.026822,67,1703.604235,0,0,1,0,0
471.129458,1,1704.444352,0,0,1,0,0
-154.395065,3,1708.917351,0,0,1,0,0
37.939541,1,1709.478355,0,0,0,0,1
28.99729,1,1715.021269,0,0,0,0,1
37.931,1,1715.481087,0,0,0,0,1
642.754144,27,1725.235222,1,0,0,0,0
28.859287,1,1725.977954,1,0,0,0,0
28.826743,1,1726.329843,0,0,0,0,1
28.82862,1,1726.673508,0,0,0,0,1
-108.16604,2,1727.159464,1,0,0,0,0
981.139959,47,1738.049208,0,0,1,0,0
-76.559346,4,1739.08343,0,0,1,0,0
86.666469,12,1743.112982,0,0,1,0,0
579.441503,28,1748.533391,0,0,1,0,0
-70.507589,7,1753.428855,0,0,1,0,0
167.31096,14,1756.521348,0,0,1,0,0
6.742612,9,1759.577065,0,0,1,0,0
-129.312562,4,1763.159026,0,0,1,0,0
13.626241,9,1764.151781,0,0,1,0,0
237.236472,17,1772.795775,0,0,1,0,0
28.778864,1,1773.448376,0,0,0,0,1
28.82862,1,1773.802079,0,0,0,0,1
478.881733,1,1774.390322,0,0,1,0,0
13.626241,9,1775.405512,0,0,1,0,0
487.881734,1,1775.844609,0,0,1,0,0
478.90969,1,1776.230705,0,0,1,0,0
271.090916,18,1779.555337,0,0,1,0,0
1.483019,9,1782.930305,0,0,1,0,0
646.83638,31,1789.51651,0,0,1,0,0
487.85283,1,1789.77149,0,0,1,0,0
478.90969,1,1790.359104,0,0,1,0,0
37.997288,1,1790.93763,0,0,0,0,1
171.952665,13,1793.561666,0,0,1,0,0
37.80893,1,1794.068945,0,0,0,0,1
37.826742,1,1794.413564,0,0,0,0,1
640.635746,35,1802.964557,0,0,1,0,0
37.800053,1,1803.360314,0,0,0,0,1
-72.272584,7,1808.66252,0,0,1,0,0
859.944131,48,1817.079175,0,0,1,0,0
28.99729,1,1817.365067,0,0,0,0,1
487.852828,1,1817.652459,0,0,1,0,0
28.778864,1,1818.195931,0,0,0,0,1
28.931002,1,1818.581848,0,0,0,0,1
-141.024506,1,1821.732699,1,0,0,0,0
-190.53875,5,1824.036223,0,0,1,0,0
28.99729,1,1824.373806,0,0,0,0,1
949.118537,51,1846.043773,1,0,0,0,0
639.714973,10,1848.403929,0,0,0,0,1
1008.026078,48,1870.67589,0,0,1,0,0
37.826743,1,1871.030399,0,0,0,0,1
37.968284,1,1871.721262,0,0,0,0,1
194.873547,12,1877.764897,1,0,0,0,0
15.456946,9,1878.919814,0,0,1,0,0
9.458707,9,1880.051938,0,0,1,0,0
28.873836,1,1880.644983,0,0,0,0,1
37.800053,1,1880.978615,0,0,0,0,1
597.285617,27,1911.471043,1,0,0,0,0
37.800054,1,1911.792545,0,0,0,0,1
28.931002,1,1912.150391,0,0,0,0,1
974.547291,44,1924.143777,0,0,1,0,0
37.800052,1,1924.487344,0,0,0,0,1
-36.845898,4,1925.711597,0,0,1,0,0
250.560662,14,1932.646623,0,0,1,0,0
28.800053,1,1932.961997,0,0,0,0,1
1419.012117,56,1950.769614,0,0,1,0,0
487.881734,1,1951.49155,0,0,1,0,0
937.751834,49,1961.542112,1,0,0,0,0
471.129458,1,1962.013499,0,0,1,0,0
37.826743,1,1962.318926,0,0,0,0,1
37.800053,1,1962.695389,0,0,0,0,1
28.99729,1,1963.065945,0,0,0,0,1
218.877356,12,1975.904368,0,0,1,0,0
142.531359,13,1979.704376,0,0,1,0,0
93.205436,12,1983.166786,0,0,1,0,0
-127.423984,3,1985.862179,0,0,1,0,0
-147.92406,6,1989.504068,0,0,1,0,0
-121.841956,6,1990.94788,0,0,1,0,0
28.991637,1,1991.315944,0,0,0,0,1
28.859287,1,1991.625502,1,0,0,0,0
321.782,20,2000.608053,0,0,1,0,0
478.868043,23,2005.045103,0,0,1,0,0
37.931,1,2005.416393,0,0,0,0,1
-40.17164,7,2007.033621,0,0,1,0,0
903.757782,34,2017.449448,0,0,1,0,0
50.879535,2,2018.057093,0,0,1,0,0
37.931,1,2018.404221,0,0,0,0,1
244.612047,24,2023.262374,0,0,1,0,0
28.778864,1,2023.801545,0,0,0,0,1
28.93954,1,2024.163702,0,0,0,0,1
-141.023674,1,2027.256809,1,0,0,0,0
52.85937,10,2028.912436,0,0,1,0,0
28.800053,1,2029.188196,0,0,0,0,1
13.626241,9,2030.2475,0,0,1,0,0
28.826743,1,2030.617254,0,0,0,0,1
28.931002,1,2030.967085,0,0,0,0,1
28.800053,1,2036.729571,0,0,0,0,1
285.637064,16,2387.151889,0,0,1,0,0
-14.370582,8,2390.357425,0,0,1,0,0
28.859287,1,2390.698458,1,0,0,0,0
28.778864,1,2391.303242,0,0,0,0,1
660.634921,30,2397.4874,0,0,1,0,0
478.852829,1,2397.730419,0,0,1,0,0
28.800053,1,2398.084541,0,0,0,0,1
28.800053,1,2398.44075,0,0,0,0,1
245.343247,14,2406.861713,0,0,1,0,0
20.928598,1,2407.303356,0,0,1,0,0
-123.222073,7,2409.871518,0,0,1,0,0
340.136199,21,2413.529719,0,0,1,0,0
461.59879,21,2422.740602,0,0,1,0,0
675.092366,11,2424.93825,0,0,0,0,1
324.953203,15,2441.350527,0,0,1,0,0
28.931002,1,2441.81903,0,0,0,0,1
37.968284,1,2442.139168,0,0,0,0,1
28.99729,1,2442.573334,0,0,0,0,1
737.507855,13,2453.790989,0,0,0,0,1
558.450196,35,2461.394015,0,0,1,0,0
619.367209,30,2473.409688,0,0,1,0,0
819.977426,42,2488.066252,0,0,1,0,0
28.826743,1,2488.391934,0,0,0,0,1
-195.602557,8,2489.333513,0,0,1,0,0
661.568041,39,2499.045161,0,0,1,0,0
28.831123,1,2499.415462,0,0,0,0,1
277.144312,16,2504.662443,0,0,1,0,0
-153.196258,6,2508.500047,0,0,1,0,0
185.997607,12,2514.601573,0,0,1,0,0
28.863408,1,2514.887569,0,0,0,0,1
28.938687,1,2515.251666,0,0,0,0,1
-140.654264,5,2518.013733,1,0,0,0,0
478.881733,1,2518.421025,0,0,1,0,0
478.90969,1,2518.799891,0,0,1,0,0
28.968284,1,2519.156124,0,0,0,0,1
-6.932232,8,2520.697412,0,0,1,0,0
28.931002,1,2521.011293,0,0,0,0,1
478.846564,1,2521.589735,0,0,1,0,0
28.800053,1,2521.927867,0,0,0,0,1
603.79791,31,2533.722336,1,0,0,0,0
66.401836,11,2537.167912,0,0,1,0,0
28.920203,1,2537.674899,0,0,0,0,1
244.406189,16,2541.028502,0,0,1,0,0
28.93954,1,2541.419687,0,0,0,0,1
226.819307,16,2545.3155,0,0,1,0,0
478.888918,1,2545.703073,0,0,1,0,0
607.882638,35,2742.500647,0,0,1,0,0
28.82862,1,2742.835312,0,0,0,0,1
-124.380939,7,2745.656442,0,0,1,0,0
28.931002,1,2745.954343,0,0,0,0,1
37.826742,1,2746.283124,0,0,0,0,1
28.863408,1,2746.59519,0,0,0,0,1
478.881733,1,2747.17025,0,0,1,0,0
28.800053,1,2747.495003,0,0,0,0,1
554.196952,23,2758.510088,0,0,1,0,0
540.478527,25,2788.252945,1,0,0,0,0
471.129458,1,2788.713432,0,0,1,0,0
753.937899,32,2808.664423,0,0,1,0,0
480.129458,1,2809.138144,0,0,1,0,0
478.881733,1,2809.485303,0,0,1,0,0
517.308464,24,2814.825109,0,0,1,0,0
28.931002,1,2815.1676,0,0,0,0,1
28.93954,1,2815.765171,0,0,0,0,1
28.859287,1,2816.478605,1,0,0,0,0
28.778864,1,2816.82956,0,0,0,0,1
486.494108,29,2831.081536,0,0,1,0,0
-140.999267,1,2834.109362,1,0,0,0,0
947.597714,43,2843.680878,0,0,1,0,0
28.859287,1,2843.970183,1,0,0,0,0
192.188665,12,2849.455064,1,0,0,0,0
37.800053,1,2849.933252,0,0,0,0,1
28.931002,1,2850.30717,0,0,0,0,1
28.778864,1,2850.685215,0,0,0,0,1
22.074588,9,2851.866054,0,0,1,0,0
-122.110741,6,2853.287073,0,0,1,0,0
353.500805,17,2856.685246,0,0,1,0,0
84.82061,7,2860.522932,0,0,1,0,0
37.939541,1,2860.867422,0,0,0,0,1
478.846564,1,2861.227927,0,0,1,0,0
-76.559346,4,2862.215837,0,0,1,0,0
540.130345,32,2868.264484,0,0,1,0,0
662.576148,28,2878.432387,1,0,0,0,0
28.931002,1,2878.794748,0,0,0,0,1
37.807147,10,2889.051235,0,0,1,0,0
896.772691,46,2898.899398,0,0,1,0,0
1007.613573,46,2915.630204,0,0,1,0,0
-42.18719,7,2917.295357,0,0,1,0,0
920.985612,41,2930.150077,0,0,1,0,0
478.846564,1,2930.521807,0,0,1,0,0
28.931002,1,2930.866455,0,0,0,0,1
37.826743,1,2931.222349,0,0,0,0,1
29.93591,1,2931.694098,0,0,1,0,0
37.93954,1,2932.443127,0,0,0,0,1
1239.300972,44,2967.267525,0,0,1,0,0
28.778864,1,2967.618283,0,0,0,0,1
28.778864,1,2967.980603,0,0,0,0,1
1272.154601,48,2989.195231,1,0,0,0,0
240.276914,12,3004.420099,0,0,1,0,0
487.881734,1,3004.785017,0,0,1,0,0
28.831123,1,3005.067111,0,0,0,0,1
28.826743,1,3005.411577,0,0,0,0,1
37.931002,1,3005.748891,0,0,0,0,1
-155.188582,6,3009.689807,0,0,1,0,0
-140.999267,1,3012.666615,1,0,0,0,0
-153.843842,3,3017.225014,0,0,1,0,0
478.90969,1,3017.604829,0,0,1,0,0
49.721833,10,3018.70098,0,0,1,0,0
607.599313,36,3025.199719,0,0,1,0,0
37.778864,1,3025.571957,0,0,0,0,1
-15.506102,6,3027.831373,0,0,1,0,0
873.557661,39,3053.323741,0,0,1,0,0
28.826743,1,3053.630161,0,0,0,0,1
324.553009,17,3056.52553,1,0,0,0,0
28.82862,1,3057.088055,0,0,0,0,1
1156.879887,56,3065.795832,0,0,1,0,0
37.939541,1,3066.327302,0,0,0,0,1
28.931002,1,3066.853617,0,0,0,0,1
28.93954,1,3067.20633,0,0,0,0,1
575.333475,28,3071.612487,0,0,1,0,0
37.800054,1,3071.871671,0,0,0,0,1
711.991955,33,3087.460775,0,0,1,0,0
430.858827,19,3100.952645,0,0,1,0,0
37.997289,1,3101.719006,0,0,0,0,1
-192.703828,9,3102.979796,0,0,1,0,0
366.792961,18,3111.745184,0,0,1,0,0
432.156854,22,3117.16497,1,0,0,0,0
478.881733,1,3117.59313,0,0,1,0,0
28.826743,1,3117.886218,0,0,0,0,1
28.800053,1,3118.259607,0,0,0,0,1
28.778864,1,3118.638958,0,0,0,0,1
28.778864,1,3118.97994,0,0,0,0,1
182.728491,13,3121.612477,0,0,1,0,0
327.635079,21,3127.222243,0,0,1,0,0
36.416776,10,3131.44092,0,0,1,0,0
28.826743,1,3131.789639,0,0,0,0,1
37.800053,1,3132.103005,0,0,0,0,1
28.93954,1,3132.468247,0,0,0,0,1
969.920676,39,3144.238041,1,0,0,0,0
28.947109,1,3144.612504,0,0,0,0,1
37.931002,1,3144.961501,0,0,0,0,1
96.663934,12,3153.695404,0,0,1,0,0
28.920203,1,3154.14994,0,0,0,0,1
37.800052,1,3154.4653,0,0,0,0,1
515.805338,23,3158.934906,1,0,0,0,0
28.977188,1,3159.351015,0,0,0,0,1
487.881734,1,3159.750699,0,0,1,0,0
28.778864,1,3160.265923,0,0,0,0,1
563.046008,26,3165.711883,0,0,1,0,0
478.846564,1,3166.054313,0,0,1,0,0
1587.653924,68,3185.710151,0,0,1,0,0
28.82862,1,3186.174606,0,0,0,0,1
760.953826,33,3197.241975,0,0,1,0,0
30.181177,10,3201.691335,0,0,1,0,0
478.90969,1,3202.118653,0,0,1,0,0
272.662625,34,3229.393621,0,0,1,0,0
980.442584,41,3250.22846,0,0,1,0,0
28.968284,1,3250.526438,0,0,0,0,1
28.863408,1,3250.939564,0,0,0,0,1
28.800053,1,3251.316608,0,0,0,0,1
37.778864,1,3251.72104,0,0,0,0,1
28.93954,1,3252.07769,0,0,0,0,1
298.385975,15,3254.580964,0,0,1,0,0
195.665499,16,3257.363683,0,0,1,0,0
-12.2423,8,3259.996456,0,0,1,0,0
-153.343962,3,3263.967138,0,0,1,0,0
28.826743,1,3264.284577,0,0,0,0,1
28.800053,1,3264.679828,0,0,0,0,1
28.931002,1,3265.073557,0,0,0,0,1
70.908168,2,3266.95725,0,0,1,0,0
588.855485,38,3289.653975,0,0,1,0,0
-117.681248,5,3292.764622,0,0,1,0,0
458.906688,27,3297.851874,0,0,1,0,0
471.129458,1,3298.257773,0,0,1,0,0
1221.876016,47,3320.200151,0,0,1,0,0
28.931002,1,3320.602486,0,0,0,0,1
-72.362975,7,3325.692586,0,0,1,0,0
28.826743,1,3326.029557,0,0,0,0,1
-129.274801,4,3329.420464,0,0,1,0,0
478.846564,1,3329.709898,0,0,1,0,0
28.80893,1,3330.042932,0,0,0,0,1
211.915941,14,3675.111414,0,0,1,0,0
-126.867936,3,3677.340127,0,0,1,0,0
37.931002,1,3677.657335,0,0,0,0,1
28.800053,1,3683.908489,0,0,0,0,1
-108.16604,2,3684.392299,1,0,0,0,0
1036.728933,38,3707.715375,0,0,1,0,0
28.99729,1,3708.042729,0,0,0,0,1
967.871455,40,3718.245981,0,0,1,0,0
-124.358622,3,3721.985589,0,0,1,0,0
28.931002,1,3722.316892,0,0,0,0,1
22.432527,9,3723.278831,0,0,1,0,0
28.909529,1,3723.5833,0,0,0,0,1
487.888918,1,3724.121278,0,0,1,0,0
17.261467,1,3724.762542,0,0,1,0,0
28.800053,1,3725.156517,0,0,0,0,1
37.93954,1,3725.466123,0,0,0,0,1
28.93954,1,3725.840554,0,0,0,0,1
471.129458,1,3726.301292,0,0,1,0,0
290.675058,15,3743.265797,0,0,1,0,0
37.778864,1,3743.577505,0,0,0,0,1
478.90969,1,3744.028115,0,0,1,0,0
28.931002,1,3744.374778,0,0,0,0,1
487.881733,1,3744.794795,0,0,1,0,0
41.877765,2,3745.296772,0,0,1,0,0
586.80265,23,3754.639835,0,0,1,0,0
284.621308,19,3757.952956,0,0,1,0,0
28.826743,1,3758.284156,0,0,0,0,1
642.89263,40,3764.316488,0,0,1,0,0
478.846564,1,3764.628652,0,0,1,0,0
-6.846413,8,3766.372086,0,0,1,0,0
482.332536,21,3774.484951,0,0,1,0,0
28.931002,1,3774.764196,0,0,0,0,1
28.920203,1,3775.188986,0,0,0,0,1
37.931003,1,3775.572204,0,0,0,0,1
37.997289,1,3775.917154,0,0,0,0,1
37.997289,1,3776.305592,0,0,0,0,1
28.99729,1,3776.686219,0,0,0,0,1
501.239828,22,3780.739292,0,0,1,0,0
28.931002,1,3781.072864,0,0,0,0,1
519.637795,21,3791.51125,0,0,1,0,0
28.931002,1,3791.83095,0,0,0,0,1
28.800053,1,3792.196354,0,0,0,0,1
88.168618,14,3794.702155,0,0,1,0,0
-71.827405,7,3799.578974,0,0,1,0,0
37.93954,1,3800.061454,0,0,0,0,1
37.997289,1,3800.428135,0,0,0,0,1
1290.042723,48,3839.30889,0,0,1,0,0
28.859287,1,3840.06118,1,0,0,0,0
404.548884,18,3856.36237,0,0,1,0,0
28.863408,1,3856.669322,0,0,0,0,1
-124.248651,5,3859.780727,0,0,1,0,0
573.922669,26,3864.516212,0,0,1,0,0
670.879072,30,3881.706,0,0,1,0,0
57.245128,11,3886.018405,0,0,1,0,0
37.826742,1,3886.401756,0,0,0,0,1
543.466292,23,3891.63167,0,0,1,0,0
353.577657,18,3902.701624,0,0,1,0,0
646.6646,28,3912.777742,0,0,1,0,0
478.90969,1,3913.180021,0,0,1,0,0
478.773494,1,3913.966199,0,0,1,0,0
28.95015,1,3914.381187,0,0,0,0,1
-126.017269,6,3915.731965,0,0,1,0,0
20.928598,1,3916.184787,0,0,1,0,0
37.93954,1,3916.576122,0,0,0,0,1
17.304246,9,3917.672701,0,0,1,0,0
394.360976,18,3923.772617,0,0,1,0,0
28.82862,1,3924.081651,0,0,0,0,1
559.534629,31,3931.718971,0,0,1,0,0
202.504872,15,3940.613869,1,0,0,0,0
474.410652,24,3946.35272,0,0,1,0,0
-6.846413,8,3948.041179,0,0,1,0,0
292.969101,18,3951.273816,0,0,1,0,0
157.677915,19,3957.293113,0,0,1,0,0
692.335162,28,3966.57707,0,0,1,0,0
37.939541,1,3967.06113,0,0,0,0,1
-133.39185,4,3970.449265,0,0,1,0,0
28.859287,1,3970.758169,1,0,0,0,0
37.778863,1,3971.132363,0,0,0,0,1
-71.507553,7,3975.935161,0,0,1,0,0
37.99729,1,3976.271834,0,0,0,0,1
815.072423,46,3988.258943,0,0,1,0,0
28.938687,1,3988.636178,0,0,0,0,1
37.931001,1,3989.015357,0,0,0,0,1
28.80893,1,3989.388317,0,0,0,0,1
478.90969,1,3989.888519,0,0,1,0,0
874.490805,51,3999.239524,0,0,1,0,0
673.655634,34,4004.718184,0,0,1,0,0
514.317683,24,4010.118103,1,0,0,0,0
37.778864,1,4016.344731,0,0,0,0,1
37.800053,1,4016.714929,0,0,0,0,1
28.931002,1,4017.085603,0,0,0,0,1
581.016448,25,4373.207849,0,0,1,0,0
775.163333,37,4381.615511,0,0,1,0,0
28.831123,1,4381.958417,0,0,0,0,1
407.320839,21,4385.840216,0,0,1,0,0
28.826743,1,4386.174791,0,0,0,0,1
348.233025,21,4389.917757,0,0,1,0,0
433.290936,20,4400.152586,0,0,1,0,0
216.196987,13,4406.362386,0,0,1,0,0
28.968284,1,4406.661588,0,0,0,0,1
-199.603445,5,4407.496045,0,0,1,0,0
559.112855,27,4412.686457,1,0,0,0,0
403.252278,28,4417.691599,0,0,1,0,0
181.717029,10,4430.292791,0,0,1,0,0
760.824521,37,4458.962561,0,0,1,0,0
487.881734,1,4459.319435,0,0,1,0,0
37.968284,1,4459.975861,0,0,0,0,1
28.991637,1,4460.475192,0,0,0,0,1
692.935441,30,4476.911913,1,0,0,0,0
37.93954,1,4477.601123,0,0,0,0,1
122.018343,13,4480.547269,0,0,1,0,0
28.99729,1,4480.928802,0,0,0,0,1
471.129458,1,4481.402884,0,0,1,0,0
37.997289,1,4481.769521,0,0,0,0,1
17.077024,1,4483.813994,0,0,1,0,0
370.425418,17,4500.94829,0,0,1,0,0
37.80893,1,4501.234544,0,0,0,0,1
991.982188,49,4513.921808,0,0,1,0,0
28.778864,1,4514.365009,0,0,0,0,1
85.537957,7,4520.9125,0,0,1,0,0
478.881733,1,4521.312122,0,0,1,0,0
697.649631,26,4541.691737,0,0,1,0,0
28.947109,1,4542.037539,0,0,0,0,1
28.778864,1,4542.403574,0,0,0,0,1
37.800053,1,4542.768803,0,0,0,0,1
36.01494,10,4546.812913,0,0,1,0,0
471.129458,1,4547.153903,0,0,1,0,0
480.129458,1,4547.579827,0,0,1,0,0
37.997289,1,4547.909652,0,0,0,0,1
157.63108,10,4551.47524,0,0,1,0,0
1026.583838,53,4563.275325,0,0,1,0,0
-16.768415,6,4565.10803,0,0,1,0,0
28.93954,1,4565.466791,0,0,0,0,1
37.778863,1,4565.853151,0,0,0,0,1
478.773494,1,4572.342341,0,0,1,0,0
-41.546261,7,4573.958704,0,0,1,0,0
1725.865098,67,4596.053176,0,0,1,0,0
480.129458,1,4596.515821,0,0,1,0,0
202.504872,15,4598.822661,1,0,0,0,0
253.596498,32,4610.474285,0,0,1,0,0
537.114932,37,4615.825654,0,0,1,0,0
28.859287,1,4616.121893,1,0,0,0,0
28.931002,1,4616.505877,0,0,0,0,1
-122.103929,6,4618.031671,0,0,1,0,0
89.282627,9,4619.94302,0,0,1,0,0
75.17063,7,4628.518343,0,0,1,0,0
284.687626,14,4637.214901,0,0,1,0,0
445.160156,21,4643.451843,1,0,0,0,0
37.931002,1,4643.787807,0,0,0,0,1
687.482635,26,4672.344626,0,0,1,0,0
611.958417,28,4687.326528,1,0,0,0,0
189.97577,16,4705.246096,0,0,1,0,0
-122.422926,6,4706.89124,0,0,1,0,0
17.261467,1,4707.486803,0,0,1,0,0
37.939539,1,4707.90289,0,0,0,0,1
154.809252,11,4713.881151,0,0,1,0,0
28.800053,1,4714.182541,0,0,0,0,1
736.919453,13,4725.757477,0,0,0,0,1
28.968284,1,4726.144021,0,0,0,0,1
471.129458,1,4726.943531,0,0,1,0,0
37.931002,1,4727.271481,0,0,0,0,1
708.852356,12,4738.291185,0,0,0,0,1
37.931001,1,4738.626195,0,0,0,0,1
478.881733,1,4739.039963,0,0,1,0,0
77.709786,11,4740.683519,0,0,1,0,0
481.466987,20,4748.218476,0,0,1,0,0
225.322763,19,4762.189485,0,0,1,0,0
28.99729,1,4762.478718,0,0,0,0,1
28.826743,1,4762.829389,0,0,0,0,1
806.895194,32,4775.047877,1,0,0,0,0
370.564176,19,4779.874547,1,0,0,0,0
37.931001,1,4780.246396,0,0,0,0,1
37.80893,1,4780.594801,0,0,0,0,1
733.879902,13,4792.221042,0,0,0,0,1
28.859287,1,4792.597904,1,0,0,0,0
28.800053,1,4792.99415,0,0,0,0,1
471.129458,1,4793.417112,0,0,1,0,0
37.93954,1,4793.711327,0,0,0,0,1
28.991637,1,4794.1982,0,0,0,0,1
37.778863,1,4794.533463,0,0,0,0,1
37.931001,1,4800.78835,0,0,0,0,1
28.931002,1,4801.124795,0,0,0,0,1
-183.605224,9,4802.351202,0,0,1,0,0
193.016873,11,4807.75997,0,0,1,0,0
162.975282,16,4820.082795,0,0,1,0,0
-9.896737,8,4821.236715,0,0,1,0,0
-125.856024,5,4824.006433,0,0,1,0,0
28.93954,1,4824.294184,0,0,0,0,1
676.734087,39,4833.854289,0,0,1,0,0
218.335746,16,4837.290297,0,0,1,0,0
34.642897,2,4837.79617,0,0,1,0,0
486.881734,1,4838.180851,0,0,1,0,0
478.90969,1,4838.571959,0,0,1,0,0
-137.676975,5,4840.473711,0,0,1,0,0
121.680074,12,4842.764313,0,0,1,0,0
37.778864,1,4843.189314,0,0,0,0,1
28.99729,1,4843.606777,0,0,0,0,1
28.99729,1,4844.040679,0,0,0,0,1
484.679225,29,4848.456917,0,0,1,0,0
884.812241,41,4881.290185,0,0,1,0,0
851.069745,39,4891.695407,0,0,1,0,0
28.99729,1,4892.006069,0,0,0,0,1
771.169704,43,4903.201825,0,0,1,0,0
73.053537,11,4906.49865,0,0,1,0,0
487.881733,1,4906.883787,0,0,1,0,0
759.982317,33,4932.98052,0,0,1,0,0
37.968286,1,4933.301925,0,0,0,0,1
28.93954,1,4933.783955,0,0,0,0,1
-126.645976,3,4935.27332,1,0,0,0,0
41.877765,2,4935.78587,0,0,1,0,0
1.71572,7,4937.888575,0,0,1,0,0
-158.034737,4,4942.448209,0,0,1,0,0
139.310358,13,4945.866127,0,0,1,0,0
-122.506057,7,4948.427258,0,0,1,0,0
478.846564,1,4948.722787,0,0,1,0,0
17.081231,1,4950.789283,0,0,1,0,0
-126.745016,3,4952.119228,1,0,0,0,0
28.800053,1,4952.428203,0,0,0,0,1
160.224223,11,4957.211688,1,0,0,0,0
360.735347,21,4960.023991,0,0,1,0,0
1593.78452,63,4974.409346,1,0,0,0,0
670.441611,29,4987.8649,0,0,1,0,0
28.99729,1,4988.235445,0,0,0,0,1
23.611898,1,4988.65832,0,0,1,0,0
28.859288,1,4988.996757,1,0,0,0,0
37.82862,1,4989.371062,0,0,0,0,1
37.800053,1,4989.716786,0,0,0,0,1
478.90969,1,4990.155216,0,0,1,0,0
28.778864,1,4990.523399,0,0,0,0,1
37.939539,1,4990.955742,0,0,0,0,1
37.800052,1,4991.338093,0,0,0,0,1
37.968284,1,4991.689477,0,0,0,0,1
244.885197,13,5004.705817,0,0,1,0,0
478.90969,1,5005.088524,0,0,1,0,0
371.809964,17,5023.829855,0,0,1,0,0
424.953788,21,5028.000319,0,0,1,0,0
-125.805349,5,5030.70245,0,0,1,0,0
28.863408,1,5031.1865,0,0,0,0,1
37.826743,1,5031.57361,0,0,0,0,1
-76.559346,4,5032.533324,0,0,1,0,0
37.778864,1,5032.849905,0,0,0,0,1
37.015741,10,5043.086314,0,0,1,0,0
37.99729,1,5043.41336,0,0,0,0,1
404.960888,17,5062.677904,0,0,1,0,0
28.826743,1,5063.058964,0,0,0,0,1
607.788867,32,5068.985045,0,0,1,0,0
37.931002,1,5069.356789,0,0,0,0,1
478.846564,1,5069.672249,0,0,1,0,0
28.93954,1,5070.083153,0,0,0,0,1
512.106323,25,5429.076891,0,0,1,0,0
632.633973,10,5441.451277,0,0,0,0,1
804.701029,36,5450.848135,0,0,1,0,0
37.778864,1,5451.271545,0,0,0,0,1
615.694882,38,5465.752227,0,0,1,0,0
28.991637,1,5466.229855,0,0,0,0,1
466.991761,20,5474.02417,0,0,1,0,0
28.99729,1,5474.296903,0,0,0,0,1
77.144537,11,5475.983004,0,0,1,0,0
146.705556,13,5479.523535,0,0,1,0,0
689.149391,33,5509.903707,0,0,1,0,0
-153.527846,3,5514.42372,0,0,1,0,0
-154.561185,6,5517.979766,0,0,1,0,0
28.863408,1,5518.235834,0,0,0,0,1
37.939539,1,5518.646541,0,0,0,0,1
228.186391,12,5524.721689,0,0,1,0,0
28.945126,1,5525.164901,0,0,0,0,1
-151.800564,7,5529.618623,0,0,1,0,0
37.968283,1,5529.939827,0,0,0,0,1
28.93954,1,5530.351346,0,0,0,0,1
37.800054,1,5530.737848,0,0,0,0,1
37.931003,1,5531.404986,0,0,0,0,1
37.826742,1,5531.72592,0,0,0,0,1
28.778864,1,5532.080866,0,0,0,0,1
37.778864,1,5532.456998,0,0,0,0,1
141.112296,9,5542.288421,0,0,1,0,0
594.646176,26,5549.422306,1,0,0,0,0
28.93954,1,5549.758538,0,0,0,0,1
-16.668562,8,5553.30516,0,0,1,0,0
237.338964,15,5556.514852,0,0,1,0,0
434.045579,21,5561.516086,1,0,0,0,0
28.873836,1,5561.982999,0,0,0,0,1
28.968284,1,5562.294224,0,0,0,0,1
37.828621,1,5562.721463,0,0,0,0,1
37.93954,1,5563.089949,0,0,0,0,1
199.234519,15,5566.901788,0,0,1,0,0
28.931002,1,5567.322183,0,0,0,0,1
28.826743,1,5567.660555,0,0,0,0,1
587.696544,35,5579.920372,0,0,1,0,0
37.931002,1,5580.261976,0,0,0,0,1
382.953762,26,5588.674531,0,0,1,0,0
-125.975511,5,5591.322179,0,0,1,0,0
28.778864,1,5591.62526,0,0,0,0,1
561.124693,21,5614.601085,0,0,1,0,0
37.931002,1,5614.958269,0,0,0,0,1
28.82862,1,5615.30021,0,0,0,0,1
35.423858,10,5619.519363,0,0,1,0,0
28.931002,1,5619.868455,0,0,0,0,1
28.931002,1,5620.19153,0,0,0,0,1
75.580079,8,5622.915862,0,0,1,0,0
37.991637,1,5623.324393,0,0,0,0,1
603.303884,29,5632.604226,0,0,1,0,0
-145.179177,6,5636.600209,0,0,1,0,0
28.826743,1,5636.89718,0,0,0,0,1
606.27966,29,5666.902823,0,0,1,0,0
28.931002,1,5667.205876,0,0,0,0,1
662.747079,28,6023.848268,0,0,1,0,0
28.800053,1,6024.216434,0,0,0,0,1
28.778864,1,6024.657357,0,0,0,0,1
28.93954,1,6025.080916,0,0,0,0,1
359.259155,17,6029.978555,0,0,1,0,0
-14.600421,8,6033.363001,0,0,1,0,0
28.778864,1,6033.758329,0,0,0,0,1
28.859288,1,6034.155758,1,0,0,0,0
37.93954,1,6034.559153,0,0,0,0,1
506.082084,21,6048.472848,1,0,0,0,0
28.99729,1,6048.852902,0,0,0,0,1
-155.535328,6,6052.555945,0,0,1,0,0
630.677684,10,6064.86925,0,0,0,0,1
37.931002,1,6065.262368,0,0,0,0,1
28.93954,1,6065.700672,0,0,0,0,1
37.968284,1,6066.090398,0,0,0,0,1
20.928598,1,6066.691102,0,0,1,0,0
28.947109,1,6067.167021,0,0,0,0,1
28.931002,1,6067.484392,0,0,0,0,1
386.672481,18,6083.844418,0,0,1,0,0
28.931002,1,6084.148223,0,0,0,0,1
521.689755,31,6089.03275,0,0,1,0,0
22.401344,9,6090.049695,0,0,1,0,0
173.950277,15,6092.813828,0,0,1,0,0
28.778864,1,6093.178735,0,0,0,0,1
28.800053,1,6093.577631,0,0,0,0,1
37.826743,1,6093.976103,0,0,0,0,1
28.859287,1,6094.3177,1,0,0,0,0
-154.665191,6,6098.027338,0,0,1,0,0
-35.730492,4,6098.939266,0,0,1,0,0
846.321019,42,6110.718929,0,0,1,0,0
37.778864,1,6111.152061,0,0,0,0,1
28.863408,1,6111.499395,0,0,0,0,1
37.82862,1,6111.844045,0,0,0,0,1
37.939542,1,6112.208837,0,0,0,0,1
538.591586,23,6123.121896,0,0,1,0,0
37.931001,1,6123.461037,0,0,0,0,1
28.778864,1,6123.838773,0,0,0,0,1
28.831123,1,6124.232609,0,0,0,0,1
37.939539,1,6124.603439,0,0,0,0,1
333.107227,16,6141.782332,0,0,1,0,0
436.890567,23,6151.477385,0,0,1,0,0
182.144,10,6164.157423,0,0,1,0,0
-193.695831,9,6165.293814,0,0,1,0,0
28.82862,1,6165.569921,0,0,0,0,1
618.134707,30,6173.108524,1,0,0,0,0
28.99729,1,6173.534859,0,0,0,0,1
37.826743,1,6173.906495,0,0,0,0,1
28.826743,1,6174.256948,0,0,0,0,1
0.166141,8,6175.158088,0,0,1,0,0
662.076667,36,6182.030726,0,0,1,0,0
-195.707021,9,6183.232774,0,0,1,0,0
28.931002,1,6183.551845,0,0,0,0,1
28.82862,1,6183.895207,0,0,0,0,1
23.984596,9,6185.792503,0,0,1,0,0
28.859287,1,6186.159235,1,0,0,0,0
-132.704621,4,6189.777703,0,0,1,0,0
28.93954,1,6190.105787,0,0,0,0,1
20.928598,1,6190.696209,0,0,1,0,0
28.968284,1,6191.107585,0,0,0,0,1
28.826743,1,6191.570241,0,0,0,0,1
164.301568,11,6194.921003,0,0,1,0,0
28.99729,1,6195.288258,0,0,0,0,1
37.831123,1,6195.668753,0,0,0,0,1
278.759295,43,6208.671177,1,0,0,0,0
37.93954,1,6209.021115,0,0,0,0,1
478.881733,1,6209.535016,0,0,1,0,0
28.800053,1,6209.892549,0,0,0,0,1
-127.00822,3,6211.326475,1,0,0,0,0
28.863408,1,6211.625674,0,0,0,0,1
480.129458,1,6212.051089,0,0,1,0,0
202.504872,15,6214.328416,1,0,0,0,0
28.826743,1,6214.71967,0,0,0,0,1
28.80893,1,6215.060739,0,0,0,0,1
-35.841561,4,6216.11114,0,0,1,0,0
165.140649,10,6222.176745,0,0,1,0,0
28.93954,1,6222.475837,0,0,0,0,1
1744.455924,69,6308.657046,0,0,1,0,0
92.394331,12,6311.885155,0,0,1,0,0
37.93954,1,6312.330266,0,0,0,0,1
-58.581894,4,6313.369241,0,0,1,0,0
167.02483,15,6316.409678,0,0,1,0,0
28.800053,1,6316.7525,0,0,0,0,1
1367.18146,57,6337.922511,1,0,0,0,0
462.593623,20,6349.443647,0,0,1,0,0
28.968284,1,6349.868879,0,0,0,0,1
55.159423,11,6354.094808,0,0,1,0,0
629.99144,28,6363.874059,0,0,1,0,0
238.778749,13,6378.501668,0,0,1,0,0
177.070138,12,6384.75634,0,0,1,0,0
77.617941,11,6386.665057,0,0,1,0,0
449.175908,24,6391.40954,0,0,1,0,0
478.846564,1,6391.720921,0,0,1,0,0
34.657986,2,6392.266879,0,0,1,0,0
1105.636393,48,6403.465084,0,0,1,0,0
28.920203,1,6403.838151,0,0,0,0,1
28.931002,1,6404.201941,0,0,0,0,1
37.826743,1,6404.576562,0,0,0,0,1
398.379565,20,6412.184183,1,0,0,0,0
28.826743,1,6412.591662,0,0,0,0,1
1239.875356,56,6431.778309,0,0,1,0,0
480.129458,1,6432.278691,0,0,1,0,0
517.193794,24,6438.161789,1,0,0,0,0
1161.35245,48,6453.873643,0,0,1,0,0
688.708038,40,6459.408656,0,0,1,0,0
718.693166,33,6466.08053,0,0,1,0,0
-158.034737,4,6470.470972,0,0,1,0,0
28.800053,1,6470.766215,0,0,0,0,1
478.846564,1,6471.166369,0,0,1,0,0
478.852829,1,6471.468502,0,0,1,0,0
37.93954,1,6471.880949,0,0,0,0,1
274.438622,15,6486.537683,0,0,1,0,0
718.305457,29,6500.965008,0,0,1,0,0
28.991637,1,6501.45769,0,0,0,0,1
1583.214758,65,6517.372528,0,0,1,0,0
491.464599,22,6520.420753,0,0,1,0,0
490.651063,25,6526.083694,0,0,1,0,0
36.594126,10,6530.174088,0,0,1,0,0
-140.999267,1,6533.020495,1,0,0,0,0
28.826743,1,6533.366591,0,0,0,0,1
914.087543,39,6542.955697,1,0,0,0,0
28.826743,1,6543.273813,0,0,0,0,1
310.501262,15,6550.195435,1,0,0,0,0
285.239154,15,6560.986862,0,0,1,0,0
28.920203,1,6561.581056,0,0,0,0,1
-6.846413,8,6563.376417,0,0,1,0,0
-140.43695,5,6566.192456,1,0,0,0,0
5.982512,9,6569.190219,0,0,1,0,0
28.99729,1,6569.600511,0,0,0,0,1
-8.216132,8,6570.830115,0,0,1,0,0
91.174646,11,6573.774062,0,0,1,0,0
187.827559,11,6579.382235,0,0,1,0,0
-67.776915,4,6580.319062,0,0,1,0,0
37.863408,1,6580.672974,0,0,0,0,1
244.465273,13,6583.228505,0,0,1,0,0
578.494392,33,6588.414815,0,0,1,0,0
28.93954,1,6588.844393,0,0,0,0,1
28.931002,1,6589.244212,0,0,0,0,1
685.637549,17,6592.944484,0,0,0,0,1
-126.930945,3,6595.146863,0,0,1,0,0
28.991637,1,6595.545968,0,0,0,0,1
28.859287,1,6595.934622,1,0,0,0,0
28.859287,1,6596.298239,1,0,0,0,0
-120.336765,7,6599.029005,0,0,1,0,0
-126.053773,5,6601.815823,0,0,1,0,0
28.99729,1,6602.136635,0,0,0,0,1
734.873281,33,6608.896655,0,0,1,0,0
37.939539,1,6609.232145,0,0,0,0,1
28.931002,1,6609.651952,0,0,0,0,1
28.80893,1,6610.016137,0,0,0,0,1
28.800053,1,6610.375228,0,0,0,0,1
28.800053,1,6610.708657,0,0,0,0,1
28.931002,1,6611.14329,0,0,0,0,1
760.180509,34,6624.466702,1,0,0,0,0
263.368032,25,6628.952448,0,0,1,0,0
84.977169,12,6632.580856,0,0,1,0,0
203.596209,13,6640.027741,0,0,1,0,0
28.99729,1,6640.337213,0,0,0,0,1
-126.656689,3,6641.843855,1,0,0,0,0
506.370714,23,6651.487364,0,0,1,0,0
28.800053,1,6651.834936,0,0,0,0,1
-140.999267,1,6654.783425,1,0,0,0,0
37.93954,1,6655.142878,0,0,0,0,1
70.884588,2,6657.199384,0,0,1,0,0
17.261467,1,6657.838002,0,0,1,0,0
28.826743,1,6658.283331,0,0,0,0,1
546.456263,23,6678.123002,0,0,1,0,0
37.863408,1,6678.395454,0,0,0,0,1
552.958986,27,6686.124893,0,0,1,0,0
275.469732,19,6690.28283,0,0,1,0,0
478.888918,1,6690.679925,0,0,1,0,0
-140.999267,1,6693.627638,1,0,0,0,0
290.144223,14,6700.475913,0,0,1,0,0
28.93954,1,6700.7692,0,0,0,0,1
28.826743,1,6701.111443,0,0,0,0,1
37.93954,1,6701.435088,0,0,0,0,1
478.888918,1,6701.782839,0,0,1,0,0
28.800053,1,6702.155401,0,0,0,0,1
37.939539,1,6702.599782,0,0,0,0,1
-18.436816,8,6706.350968,0,0,1,0,0
202.504872,15,6715.232069,1,0,0,0,0
38.756493,10,6716.604752,0,0,1,0,0
28.93954,1,6716.966437,0,0,0,0,1
28.93954,1,6717.393981,0,0,0,0,1
983.650432,42,6731.189132,0,0,1,0,0
25.312116,9,6732.786651,0,0,1,0,0
37.778863,1,6733.146292,0,0,0,0,1
219.48007,11,6750.987632,0,0,1,0,0
37.826743,1,6751.293972,0,0,0,0,1
1047.957631,54,6762.303462,0,0,1,0,0
37.968284,1,6762.645159,0,0,0,0,1
28.99729,1,6763.076682,0,0,0,0,1
-120.483198,7,6765.792454,0,0,1,0,0
28.800053,1,6766.133929,0,0,0,0,1
28.99729,1,6766.524337,0,0,0,0,1
37.800053,1,6766.877399,0,0,0,0,1
28.800053,1,6767.24441,0,0,0,0,1
431.541102,21,6771.408892,0,0,1,0,0
168.45562,14,6775.023179,0,0,1,0,0
28.863408,1,6775.308022,0,0,0,0,1
336.055268,19,6778.601591,0,0,1,0,0
37.997289,1,6778.942157,0,0,0,0,1
-151.800564,7,6782.932311,0,0,1,0,0
37.931002,1,6783.202203,0,0,0,0,1
631.763063,27,6796.602063,0,0,1,0,0
273.411331,16,6810.320631,0,0,1,0,0
28.931002,1,6810.674988,0,0,0,0,1
28.93954,1,6811.073465,0,0,0,0,1
-108.16604,2,6811.554603,1,0,0,0,0
852.391896,37,6846.763391,0,0,1,0,0
142.966329,11,7195.458606,0,0,1,0,0
-14.044603,6,7197.449467,0,0,1,0,0
232.064571,14,7204.382594,0,0,1,0,0
37.778864,1,7204.710644,0,0,0,0,1
76.492091,8,7206.972372,0,0,1,0,0
362.961462,18,7212.879191,0,0,1,0,0
615.864013,28,7240.605612,0,0,1,0,0
-206.033413,5,7243.362505,0,0,1,0,0
864.263097,36,7262.397778,0,0,1,0,0
-125.806885,5,7265.11964,0,0,1,0,0
666.196377,11,7267.369193,0,0,0,0,1
323.960353,19,7270.575729,0,0,1,0,0
28.800053,1,7270.952276,0,0,0,0,1
573.581087,34,7283.765265,1,0,0,0,0
412.208947,19,7290.156729,0,0,1,0,0
-129.319834,4,7293.645553,0,0,1,0,0
28.931002,1,7293.962826,0,0,0,0,1
28.931002,1,7294.317637,0,0,0,0,1
17.261467,1,7294.886277,0,0,1,0,0
-158.635623,4,7299.365243,0,0,1,0,0
297.438901,17,7315.945027,0,0,1,0,0
586.694927,29,7324.287906,0,0,1,0,0
37.828619,1,7324.729445,0,0,0,0,1
311.973281,14,7330.558314,0,0,1,0,0
17.261467,1,7331.129616,0,0,1,0,0
986.927675,48,7354.04458,0,0,1,0,0
28.826743,1,7354.506942,0,0,0,0,1
28.99729,1,7354.844597,0,0,0,0,1
65.100089,14,7357.179665,0,0,1,0,0
736.750019,33,7371.558961,0,0,1,0,0
701.960061,40,7387.871915,1,0,0,0,0
37.778864,1,7388.284618,0,0,0,0,1
892.414439,37,7410.723303,0,0,1,0,0
28.859287,1,7411.094277,1,0,0,0,0
982.844605,46,7423.860214,0,0,1,0,0
478.846564,1,7424.220439,0,0,1,0,0
28.931002,1,7424.6039,0,0,0,0,1
28.93954,1,7424.953238,0,0,0,0,1
1120.88685,69,7442.85353,0,0,1,0,0
-198.721751,5,7443.733432,0,0,1,0,0
-158.034737,4,7448.418171,0,0,1,0,0
-123.871719,3,7451.684025,0,0,1,0,0
478.881733,1,7452.052292,0,0,1,0,0
28.826743,1,7452.367375,0,0,0,0,1
-224.852235,13,7453.991345,0,0,1,0,0
-147.487652,5,7457.467256,0,0,1,0,0
373.023125,24,7462.172021,0,0,1,0,0
471.129458,1,7462.591683,0,0,1,0,0
8.537975,9,7466.569573,0,0,1,0,0
226.334612,13,7470.477467,0,0,1,0,0
37.99729,1,7470.880537,0,0,0,0,1
201.352252,13,7477.911581,0,0,1,0,0
28.931002,1,7478.22578,0,0,0,0,1
65.100089,14,7480.680434,0,0,1,0,0
37.863408,1,7481.035384,0,0,0,0,1
28.93954,1,7481.631732,0,0,0,0,1
-188.764995,5,7483.912077,0,0,1,0,0
37.80893,1,7484.225342,0,0,0,0,1
28.99729,1,7484.61292,0,0,0,0,1
37.800054,1,7485.010334,0,0,0,0,1
566.227206,24,7506.868939,0,0,1,0,0
474.677836,35,7513.108065,0,0,1,0,0
-141.016389,1,7515.992628,1,0,0,0,0
478.90969,1,7516.38583,0,0,1,0,0
37.931003,1,7516.723412,0,0,0,0,1
28.826743,1,7517.063522,0,0,0,0,1
37.831122,1,7517.438274,0,0,0,0,1
741.179798,33,7545.806308,0,0,1,0,0
486.428145,24,7575.480753,0,0,1,0,0
617.719107,22,7587.435252,0,0,1,0,0
-15.008773,8,7590.947278,0,0,1,0,0
37.778864,1,7591.298783,0,0,0,0,1
-35.903364,4,7592.316613,0,0,1,0,0
741.038331,39,7605.622136,0,0,1,0,0
28.800053,1,7605.909126,0,0,0,0,1
-197.402589,8,7606.857846,0,0,1,0,0
28.977188,1,7607.262209,0,0,0,0,1
28.859287,1,7607.615685,1,0,0,0,0
37.778863,1,7607.978096,0,0,0,0,1
28.800053,1,7608.334883,0,0,0,0,1
28.931002,1,7608.704629,0,0,0,0,1
487.888918,1,7609.065881,0,0,1,0,0
28.863408,1,7609.462182,0,0,0,0,1
34.637882,2,7616.265785,0,0,1,0,0
37.931001,1,7616.621567,0,0,0,0,1
478.881733,1,7617.026786,0,0,1,0,0
544.997337,31,7626.939944,0,0,1,0,0
37.826743,1,7627.270635,0,0,0,0,1
373.533248,19,7633.844155,1,0,0,0,0
237.234357,12,7647.986428,0,0,1,0,0
28.778864,1,7648.399669,0,0,0,0,1
-193.695831,9,7649.588537,0,0,1,0,0
1087.095355,50,7661.385684,0,0,1,0,0
28.931002,1,7661.74921,0,0,0,0,1
28.93954,1,7662.089224,0,0,0,0,1
876.777319,37,7679.664126,0,0,1,0,0
801.787795,35,7696.702112,0,0,1,0,0
52.73018,10,7698.507829,0,0,1,0,0
28.931002,1,7698.80138,0,0,0,0,1
28.977188,1,7699.215909,0,0,0,0,1
687.864269,30,7705.352239,0,0,1,0,0
320.581624,17,7710.155578,0,0,1,0,0
28.859287,1,7710.543099,1,0,0,0,0
-36.841915,4,7711.566465,0,0,1,0,0
-8.546955,8,7713.31923,0,0,1,0,0
5.982512,9,7716.364524,0,0,1,0,0
28.93954,1,7716.770508,0,0,0,0,1
28.826743,1,7717.195799,0,0,0,0,1
478.881733,1,7717.628252,0,0,1,0,0
28.863408,1,7717.95895,0,0,0,0,1
675.995745,29,7730.146786,0,0,1,0,0
28.800053,1,7730.507464,0,0,0,0,1
-18.313879,4,7731.610289,0,0,1,0,0
707.240132,33,7739.185843,0,0,1,0,0
41.877765,2,7739.781631,0,0,1,0,0
-137.606449,5,7741.916465,0,0,1,0,0
-30.085639,7,7743.399387,0,0,1,0,0
-8.006386,8,7744.518226,0,0,1,0,0
519.926174,26,7758.148422,0,0,1,0,0
28.931002,1,7758.59973,0,0,0,0,1
28.920203,1,7759.048414,0,0,0,0,1
557.773655,25,7765.741975,0,0,1,0,0
28.863408,1,7766.143485,0,0,0,0,1
28.99729,1,7766.542011,0,0,0,0,1
827.710841,29,7784.905058,1,0,0,0,0
316.157428,17,7799.494046,0,0,1,0,0
1585.290031,61,7839.323196,0,0,1,0,0
37.800054,1,7839.679727,0,0,0,0,1
-122.09212,6,7841.306118,0,0,1,0,0
34.838861,2,7841.785091,0,0,1,0,0
28.778864,1,7842.14269,0,0,0,0,1
28.99729,1,7842.523242,0,0,0,0,1
478.881733,1,7842.99376,0,0,1,0,0
1014.16512,49,7850.719125,0,0,1,0,0
202.504872,15,7853.149265,1,0,0,0,0
18.677846,9,7854.144536,0,0,1,0,0
28.931002,1,7854.467378,0,0,0,0,1
927.540953,36,7868.154722,0,0,1,0,0
28.873836,1,7868.56113,0,0,0,0,1
1291.845248,58,7888.146518,0,0,1,0,0
37.939541,1,7888.500107,0,0,0,0,1
28.826743,1,7888.860712,0,0,0,0,1
28.826743,1,7889.187222,0,0,0,0,1
28.99729,1,7889.521129,0,0,0,0,1
454.684745,29,7896.232765,0,0,1,0,0
478.881733,1,7896.689364,0,0,1,0,0
486.572109,24,7902.041187,0,0,1,0,0
810.556336,33,7911.157983,1,0,0,0,0
365.341021,18,7914.299336,0,0,1,0,0
564.024733,26,7924.428837,0,0,1,0,0
28.800053,1,7924.763229,0,0,0,0,1
-16.497953,6,7926.743342,0,0,1,0,0
37.931002,1,7927.142532,0,0,0,0,1
28.93954,1,7927.552729,0,0,0,0,1
-190.075298,9,7928.902722,0,0,1,0,0
150.530529,9,7942.49123,0,0,1,0,0
19.74172,9,7943.428289,0,0,1,0,0
466.472837,18,7962.161826,0,0,1,0,0
28.931002,1,7962.520783,0,0,0,0,1
37.826743,1,7962.903486,0,0,0,0,1
37.968285,1,7963.27644,0,0,0,0,1
37.778864,1,7963.741754,0,0,0,0,1
37.778864,1,7964.124797,0,0,0,0,1
627.629679,30,7970.479256,0,0,1,0,0
41.877765,2,7971.048183,0,0,1,0,0
471.129458,1,7971.477187,0,0,1,0,0
28.778864,1,7971.815777,0,0,0,0,1
28.82862,1,7972.188215,0,0,0,0,1
37.939539,1,7972.567565,0,0,0,0,1
-151.800564,7,7976.680748,0,0,1,0,0
487.881733,1,7977.054374,0,0,1,0,0
1001.926023,33,7997.139072,0,0,1,0,0
28.778864,1,7997.482825,0,0,0,0,1
28.826743,1,7997.892851,0,0,0,0,1
809.487326,39,8007.856262,1,0,0,0,0
-67.559245,4,8008.804455,0,0,1,0,0
478.852829,1,8009.020621,0,0,1,0,0
478.773494,1,8009.478014,0,0,1,0,0
529.997412,19,8029.46891,0,0,1,0,0
603.403684,30,8034.644318,0,0,1,0,0
97.601954,11,8037.468951,0,0,1,0,0
629.186198,28,8047.457205,1,0,0,0,0
-215.548125,6,8049.955043,0,0,1,0,0
37.778864,1,8050.277974,0,0,0,0,1
28.826743,1,8050.652295,0,0,0,0,1
-131.838327,6,8052.088768,0,0,1,0,0
1291.132456,53,8074.618706,0,0,1,0,0
1011.008103,36,8090.769049,0,0,1,0,0
329.605122,15,8106.730293,0,0,1,0,0
28.99729,1,8107.025116,0,0,0,0,1
28.93954,1,8107.418911,0,0,0,0,1
478.90969,1,8107.847183,0,0,1,0,0
732.897611,30,8121.035068,0,0,1,0,0
-151.800564,7,8125.425991,0,0,1,0,0
28.800053,1,8125.728195,0,0,0,0,1
28.93954,1,8126.11917,0,0,0,0,1
598.131774,29,8134.418021,0,0,1,0,0
114.948966,13,8137.632615,0,0,1,0,0
28.99729,1,8137.973686,0,0,0,0,1
37.931002,1,8138.348012,0,0,0,0,1
28.80893,1,8138.67719,0,0,0,0,1
28.800053,1,8139.048641,0,0,0,0,1
478.852829,1,8139.346348,0,0,1,0,0
99.470038,14,8147.86561,0,0,1,0,0
28.800053,1,8148.212587,0,0,0,0,1
432.324565,21,8152.719046,0,0,1,0,0
365.544192,19,8159.359011,0,0,1,0,0
37.939539,1,8159.777137,0,0,0,0,1
28.938687,1,8160.218046,0,0,0,0,1
675.161083,29,8170.597866,1,0,0,0,0
1342.457183,54,8196.809744,1,0,0,0,0
325.915362,20,8200.454388,0,0,1,0,0
640.087764,10,8202.630443,0,0,0,0,1
37.939541,1,8203.012877,0,0,0,0,1
340.326136,15,8208.827984,0,0,1,0,0
-31.695193,7,8210.348856,0,0,1,0,0
28.800053,1,8210.704783,0,0,0,0,1
399.928665,17,8228.13188,0,0,1,0,0
390.095054,17,8246.661709,0,0,1,0,0
28.99729,1,8247.063349,0,0,0,0,1
539.301528,22,8259.344276,0,0,1,0,0
-200.903567,5,8260.146146,0,0,1,0,0
28.93954,1,8260.470274,0,0,0,0,1
-67.558224,4,8261.501855,0,0,1,0,0
518.279424,26,8268.735826,0,0,1,0,0
28.931002,1,8269.128665,0,0,0,0,1
180.035925,18,8272.15085,0,0,1,0,0
28.931002,1,8278.891302,0,0,0,0,1
330.545214,23,8294.563595,0,0,1,0,0
407.330252,30,8300.297463,1,0,0,0,0
-67.548775,4,8301.264068,0,0,1,0,0
192.813175,15,8305.118659,0,0,1,0,0
234.923589,16,8308.53536,0,0,1,0,0
-58.571206,4,8309.460144,0,0,1,0,0
28.93954,1,8309.776595,0,0,0,0,1
590.123075,30,8327.735754,0,0,1,0,0
564.818481,28,8333.389796,0,0,1,0,0
28.93954,1,8333.77367,0,0,0,0,1
37.800054,1,8334.185854,0,0,0,0,1
255.375646,15,8336.836092,0,0,1,0,0
28.93954,1,8337.184806,0,0,0,0,1
462.938074,22,8342.598217,0,0,1,0,0
37.82862,1,8342.918172,0,0,0,0,1
28.800053,1,8343.271607,0,0,0,0,1
28.931002,1,8343.639003,0,0,0,0,1
28.968284,1,8343.984404,0,0,0,0,1
580.344979,39,8349.796525,0,0,1,0,0
574.681767,27,8378.978674,0,0,1,0,0
131.728341,10,8382.130358,0,0,1,0,0
1216.72404,50,8408.466748,0,0,1,0,0
28.931002,1,8408.877034,0,0,0,0,1
600.124373,26,8414.629327,0,0,1,0,0
-153.527846,3,8418.917593,0,0,1,0,0
478.881733,1,8419.282017,0,0,1,0,0
37.778865,1,8419.631944,0,0,0,0,1
-152.938889,3,8424.193843,0,0,1,0,0
28.938687,1,8424.515336,0,0,0,0,1
28.800053,1,8424.926257,0,0,0,0,1
657.98582,31,8431.630119,0,0,1,0,0
838.092163,40,8440.591852,0,0,1,0,0
726.364184,19,8444.168406,0,0,0,0,1
390.093215,23,8447.493766,0,0,1,0,0
699.162852,30,8457.296337,0,0,1,0,0
480.129458,1,8457.736513,0,0,1,0,0
37.778865,1,8458.065076,0,0,0,0,1
-16.359153,6,8459.975062,0,0,1,0,0
28.93954,1,8460.365896,0,0,0,0,1
23.613817,1,8460.798506,0,0,1,0,0
-154.91904,6,8464.467163,0,0,1,0,0
714.715115,37,8477.720189,0,0,1,0,0
28.99729,1,8478.078235,0,0,0,0,1
1056.434372,43,8517.522973,1,0,0,0,0
172.545153,15,8521.495505,0,0,1,0,0
607.083437,33,8528.216052,0,0,1,0,0
37.931003,1,8528.609574,0,0,0,0,1
37.826743,1,8528.97263,0,0,0,0,1
28.931002,1,8529.329423,0,0,0,0,1
236.590743,12,8543.712342,0,0,1,0,0
397.506739,20,8560.876784,0,0,1,0,0
1218.892558,47,8572.279654,0,0,1,0,0
28.99729,1,8572.656667,0,0,0,0,1
1087.838111,52,8598.482288,0,0,1,0,0
556.030329,20,8624.135646,0,0,1,0,0
478.846564,1,8624.498315,0,0,1,0,0
28.778864,1,8624.853494,0,0,0,0,1
34.988041,1,8625.494525,0,0,1,0,0
28.931002,1,8625.833942,0,0,0,0,1
523.558191,25,8631.951328,1,0,0,0,0
166.557696,14,8634.911953,0,0,1,0,0
488.281426,22,8648.510293,0,0,1,0,0
138.721009,13,8651.110992,0,0,1,0,0
34.652964,2,8651.660889,0,0,1,0,0
17.077024,1,8653.676682,0,0,1,0,0
28.80893,1,8654.001843,0,0,0,0,1
417.940755,22,8658.301974,1,0,0,0,0
349.250738,16,8661.354776,0,0,1,0,0
35.611324,10,8665.496989,0,0,1,0,0
61.897544,2,8667.348626,0,0,1,0,0
114.960892,13,8674.868151,0,0,1,0,0
28.800053,1,8675.212105,0,0,0,0,1
1139.766522,44,8684.992303,0,0,1,0,0
28.991637,1,8685.347642,0,0,0,0,1
212.942283,16,8738.256058,0,0,1,0,0
28.931002,1,8738.591012,0,0,0,0,1
478.90969,1,8739.245251,0,0,1,0,0
491.056921,22,8743.691931,1,0,0,0,0
1215.776461,50,8761.762377,0,0,1,0,0
13.116369,9,8763.075356,0,0,1,0,0
118.525629,12,8766.098364,0,0,1,0,0
28.99729,1,8766.522221,0,0,0,0,1
34.848101,2,8767.087684,0,0,1,0,0
37.997289,1,8767.371961,0,0,0,0,1
216.919969,14,8774.691499,0,0,1,0,0
28.93954,1,8774.965881,0,0,0,0,1
41.877765,2,8775.498787,0,0,1,0,0
478.881733,1,8775.889914,0,0,1,0,0
-67.668019,4,8776.796818,0,0,1,0,0
61.885267,2,8778.580366,0,0,1,0,0
37.968284,1,8778.858452,0,0,0,0,1
-151.800564,7,8783.359322,0,0,1,0,0
633.777264,10,8801.627764,0,0,0,0,1
478.90969,1,8802.079676,0,0,1,0,0
478.773494,1,8802.532355,0,0,1,0,0
37.82862,1,8802.836364,0,0,0,0,1
660.677309,30,8808.851405,0,0,1,0,0
28.947109,1,8809.281194,0,0,0,0,1
28.931002,1,8809.630585,0,0,0,0,1
-132.781873,4,8813.075616,0,0,1,0,0
451.419349,25,8816.335308,0,0,1,0,0
-228.045703,12,8818.308583,0,0,1,0,0
28.931002,1,8818.580888,0,0,0,0,1
28.99729,1,8818.908261,0,0,0,0,1
160.719237,9,8826.987529,0,0,1,0,0
37.778865,1,8827.346004,0,0,0,0,1
37.997288,1,8827.791675,0,0,0,0,1
28.80893,1,8828.24109,0,0,0,0,1
501.494959,24,8835.268052,0,0,1,0,0
28.99729,1,8835.664646,0,0,0,0,1
37.826743,1,8836.068049,0,0,0,0,1
28.93954,1,8836.456396,0,0,0,0,1
601.443406,33,8843.213598,1,0,0,0,0
-67.569662,4,8844.219675,0,0,1,0,0
554.508615,24,8850.106153,0,0,1,0,0
478.846564,1,8850.47865,0,0,1,0,0
28.931002,1,8850.827276,0,0,0,0,1
37.997289,1,8851.176499,0,0,0,0,1
841.397539,36,8861.457783,0,0,1,0,0
28.977188,1,8861.847038,0,0,0,0,1
-7.296049,8,8862.925996,0,0,1,0,0
28.93954,1,8863.251136,0,0,0,0,1
-199.603445,5,8864.05373,0,0,1,0,0
28.99729,1,8864.346087,0,0,0,0,1
28.863408,1,8864.752776,0,0,0,0,1
37.939541,1,8865.169605,0,0,0,0,1
89.537206,12,8875.589194,0,0,1,0,0
28.859287,1,8876.014573,1,0,0,0,0
37.778865,1,8876.446831,0,0,0,0,1
739.987021,32,8890.922044,0,0,1,0,0
801.430317,38,8898.581143,0,0,1,0,0
-126.928311,3,8900.050954,1,0,0,0,0
471.129458,1,8900.419923,0,0,1,0,0
205.116381,18,8903.227611,0,0,1,0,0
1127.204687,41,8917.484465,0,0,1,0,0
-120.606243,6,8918.945946,0,0,1,0,0
247.107412,12,8924.580933,0,0,1,0,0
392.375378,17,8941.768873,0,0,1,0,0
28.826743,1,8942.150718,0,0,0,0,1
53.701378,13,8944.479464,0,0,1,0,0
667.213501,43,8963.62072,0,0,1,0,0
-127.039524,3,8965.12267,1,0,0,0,0
451.291992,26,8982.883263,0,0,1,0,0
314.554405,16,9331.712368,0,0,1,0,0
37.778863,1,9332.054997,0,0,0,0,1
37.800053,1,9332.454437,0,0,0,0,1
633.474323,10,9344.574165,0,0,0,0,1
28.93954,1,9344.927338,0,0,0,0,1
28.80893,1,9345.303724,0,0,0,0,1
-140.999267,1,9348.095695,1,0,0,0,0
-152.879998,10,9349.158715,0,0,1,0,0
242.164623,17,9352.322179,0,0,1,0,0
-140.914401,5,9355.198897,1,0,0,0,0
28.931002,1,9355.51013,0,0,0,0,1
28.946301,1,9355.945786,0,0,0,0,1
28.863408,1,9356.28349,0,0,0,0,1
418.246531,30,9361.42866,1,0,0,0,0
388.656499,19,9372.203933,0,0,1,0,0
478.846564,1,9372.541824,0,0,1,0,0
87.534523,14,9374.804147,0,0,1,0,0
507.840422,39,9395.786741,0,0,1,0,0
196.138101,14,9398.392941,0,0,1,0,0
330.513081,20,9401.1429,0,0,1,0,0
28.82862,1,9401.465158,0,0,0,0,1
471.129458,1,9401.892519,0,0,1,0,0
28.931002,1,9402.184447,0,0,0,0,1
37.931003,1,9402.513978,0,0,0,0,1
61.897212,2,9404.379775,0,0,1,0,0
-128.675288,4,9407.731148,0,0,1,0,0
410.661599,17,9426.578204,0,0,1,0,0
28.800053,1,9426.902378,0,0,0,0,1
-196.097281,8,9427.791562,0,0,1,0,0
490.295183,40,9435.739384,0,0,1,0,0
619.59672,29,9463.715499,1,0,0,0,0
1836.738388,103,9505.929377,0,0,1,0,0
37.826743,1,9506.367335,0,0,0,0,1
28.800053,1,9506.757546,0,0,0,0,1
37.800053,1,9507.104004,0,0,0,0,1
943.659772,41,9533.856563,0,0,1,0,0
28.93954,1,9534.204916,0,0,0,0,1
346.348232,19,9538.259914,0,0,1,0,0
478.881733,1,9538.698974,0,0,1,0,0
17.077024,1,9540.673736,0,0,1,0,0
28.80893,1,9540.948726,0,0,0,0,1
37.863408,1,9541.292732,0,0,0,0,1
37.863407,1,9541.649192,0,0,0,0,1
108.99219,12,9544.894674,0,0,1,0,0
28.93954,1,9545.203759,0,0,0,0,1
37.826743,1,9545.555369,0,0,0,0,1
28.931002,1,9545.905664,0,0,0,0,1
-157.572577,4,9550.080888,0,0,1,0,0
193.185367,15,9553.383936,0,0,1,0,0
28.99729,1,9553.811172,0,0,0,0,1
1517.601326,42,9562.296233,0,0,0,0,1
634.571533,29,9575.310852,0,0,1,0,0
28.859287,1,9575.599324,1,0,0,0,0
478.881733,1,9576.005401,0,0,1,0,0
37.826742,1,9576.339936,0,0,0,0,1
28.863408,1,9576.710925,0,0,0,0,1
37.968283,1,9577.078907,0,0,0,0,1
37.931002,1,9577.552064,0,0,0,0,1
-128.657554,4,9580.740331,0,0,1,0,0
536.380403,34,9586.814637,0,0,1,0,0
694.257747,36,9601.527366,0,0,1,0,0
7.797748,9,9604.618039,0,0,1,0,0
1277.942082,54,9622.41989,0,0,1,0,0
17.261467,1,9623.112499,0,0,1,0,0
691.653932,31,9632.461494,0,0,1,0,0
-17.277285,8,9635.993096,0,0,1,0,0
-200.537611,8,9636.901342,0,0,1,0,0
28.826743,1,9637.221943,0,0,0,0,1
892.324605,38,9647.929898,0,0,1,0,0
37.939541,1,9648.317064,0,0,0,0,1
-125.128049,3,9651.47973,0,0,1,0,0
-209.887141,5,9653.890304,0,0,1,0,0
28.82862,1,9654.1522,0,0,0,0,1
28.938687,1,9654.546926,0,0,0,0,1
646.617611,37,9672.32091,1,0,0,0,0
28.800053,1,9672.718003,0,0,0,0,1
37.778864,1,9673.102853,0,0,0,0,1
141.752841,14,9676.253125,0,0,1,0,0
478.881733,1,9676.640536,0,0,1,0,0
23.675631,9,9677.617504,0,0,1,0,0
478.888918,1,9677.918231,0,0,1,0,0
1263.295904,52,9698.375396,1,0,0,0,0
190.292221,12,9701.860657,0,0,1,0,0
28.93954,1,9702.318919,0,0,0,0,1
24.727028,9,9703.434049,0,0,1,0,0
572.720308,29,9706.818751,0,0,1,0,0
480.129458,1,9707.266164,0,0,1,0,0
28.99729,1,9707.624093,0,0,0,0,1
307.843158,19,9710.259973,0,0,1,0,0
1501.993689,59,9739.538997,0,0,1,0,0
187.683095,10,9756.046566,0,0,1,0,0
273.116855,15,9760.105077,0,0,1,0,0
552.130816,25,9776.483629,1,0,0,0,0
1269.176384,58,9799.558164,0,0,1,0,0
37.826743,1,9799.946722,0,0,0,0,1
28.778864,1,9800.344566,0,0,0,0,1
789.091443,30,9812.878725,0,0,1,0,0
540.02015,21,9832.371704,0,0,1,0,0
28.93954,1,9832.64828,0,0,0,0,1
173.044965,14,9835.073738,0,0,1,0,0
70.808749,11,9838.633176,0,0,1,0,0
37.931002,1,9838.989875,0,0,0,0,1
200.044924,12,9843.361178,0,0,1,0,0
28.826743,1,9843.798446,0,0,0,0,1
34.863312,2,9844.324905,0,0,1,0,0
28.93954,1,9844.649178,0,0,0,0,1
353.808446,16,9856.150008,0,0,1,0,0
28.826743,1,9856.471195,0,0,0,0,1
17.261467,1,9857.040168,0,0,1,0,0
175.575217,13,9859.839061,0,0,1,0,0
172.719291,14,9862.642237,0,0,1,0,0
794.733313,41,9878.925099,0,0,1,0,0
28.938687,1,9879.368105,0,0,0,0,1
28.800053,1,9879.76359,0,0,0,0,1
37.828619,1,9880.250507,0,0,0,0,1
759.186076,34,9911.372142,0,0,1,0,0
28.931002,1,9911.729249,0,0,0,0,1
-122.103929,6,9913.250867,0,0,1,0,0
83.652077,17,9920.91665,0,0,1,0,0
225.285221,13,9923.208983,1,0,0,0,0
28.778864,1,9923.558186,0,0,0,0,1
374.387168,28,9928.906977,1,0,0,0,0
28.99729,1,9929.218544,0,0,0,0,1
28.859287,1,9929.557662,1,0,0,0,0
-141.02025,1,9932.515717,1,0,0,0,0
762.185205,37,9939.458605,0,0,1,0,0
28.826743,1,9939.779814,0,0,0,0,1
415.236178,21,9944.639837,1,0,0,0,0
-124.056167,3,9947.856935,0,0,1,0,0
1106.463833,47,9972.814245,0,0,1,0,0
-194.879251,7,9973.682304,0,0,1,0,0
37.800052,1,9973.971736,0,0,0,0,1
563.437187,23,9988.724329,0,0,1,0,0
13.192652,9,9990.700625,0,0,1,0,0
28.800053,1,9991.113579,0,0,0,0,1
-70.660022,7,10002.576176,0,0,1,0,0
28.859287,1,10003.045758,1,0,0,0,0
202.504872,15,10005.370001,1,0,0,0,0
45.263332,13,10007.665085,0,0,1,0,0
478.881733,1,10008.16199,0,0,1,0,0
827.524204,46,10020.34675,0,0,1,0,0
920.121018,40,10028.355987,0,0,1,0,0
415.86823,21,10032.998328,0,0,1,0,0
-124.497013,5,10036.033335,0,0,1,0,0
37.800052,1,10036.33688,0,0,0,0,1
37.909529,1,10036.738239,0,0,0,0,1
480.129458,1,10037.22384,0,0,1,0,0
37.997288,1,10037.533806,0,0,0,0,1
28.82862,1,10037.893447,0,0,0,0,1
28.931002,1,10038.249339,0,0,0,0,1
540.421329,21,10058.329845,0,0,1,0,0
50.853301,2,10058.836319,0,0,1,0,0
37.778863,1,10059.213541,0,0,0,0,1
28.93954,1,10059.625996,0,0,0,0,1
37.800053,1,10060.033881,0,0,0,0,1
-141.035145,1,10063.029892,1,0,0,0,0
-58.536009,4,10063.997004,0,0,1,0,0
256.278153,16,10067.577575,0,0,1,0,0
28.778864,1,10067.907747,0,0,0,0,1
865.054197,37,10075.355202,1,0,0,0,0
28.93954,1,10075.655979,0,0,0,0,1
-63.336867,7,10080.552049,0,0,1,0,0
418.336994,22,10085.097898,0,0,1,0,0
475.841999,22,10090.493525,0,0,1,0,0
-4.958737,13,10092.733854,0,0,1,0,0
232.907086,13,10101.757646,0,0,1,0,0
187.987953,14,10104.757449,0,0,1,0,0
37.931001,1,10105.131174,0,0,0,0,1
202.504872,15,10107.519935,1,0,0,0,0
663.826346,29,10119.930639,0,0,1,0,0
456.963896,20,10138.789314,0,0,1,0,0
37.997289,1,10139.127988,0,0,0,0,1
478.881733,1,10139.610843,0,0,1,0,0
28.800053,1,10139.906833,0,0,0,0,1
199.584924,22,10155.741879,0,0,1,0,0
446.659753,20,10159.681352,0,0,1,0,0
28.968284,1,10159.987437,0,0,0,0,1
54.579772,10,10161.206718,0,0,1,0,0
28.778864,1,10161.537778,0,0,0,0,1
37.991636,1,10162.018025,0,0,0,0,1
458.202595,21,10165.696887,1,0,0,0,0
28.778864,1,10166.055507,0,0,0,0,1
20.928598,1,10166.622827,0,0,1,0,0
478.888918,1,10167.03335,0,0,1,0,0
28.99729,1,10167.430591,0,0,0,0,1
28.859287,1,10167.839182,1,0,0,0,0
37.939539,1,10168.211008,0,0,0,0,1
37.828618,1,10168.616209,0,0,0,0,1
392.905292,37,10186.55655,0,0,1,0,0
28.778864,1,10186.886671,0,0,0,0,1
73.857416,11,10188.816433,0,0,1,0,0
28.968284,1,10189.148869,0,0,0,0,1
37.82862,1,10189.581527,0,0,0,0,1
37.931001,1,10189.955601,0,0,0,0,1
411.179864,39,10196.344462,0,0,1,0,0
440.203555,21,10206.515256,0,0,1,0,0
838.646165,37,10226.551374,0,0,1,0,0
711.888327,26,10238.639416,0,0,1,0,0
395.226387,29,10244.207932,1,0,0,0,0
847.372962,30,10254.80612,1,0,0,0,0
28.863408,1,10255.103317,0,0,0,0,1
37.800052,1,10255.478306,0,0,0,0,1
28.947722,1,10255.950348,0,0,0,0,1
712.711084,38,10266.820542,0,0,1,0,0
591.208885,22,10281.387114,0,0,1,0,0
673.788072,11,10283.768797,0,0,1,0,0
28.826743,1,10284.111686,0,0,0,0,1
480.129458,1,10284.538142,0,0,1,0,0
868.314759,37,10306.334124,0,0,1,0,0
37.931001,1,10306.620681,0,0,0,0,1
618.101168,29,10312.806632,0,0,1,0,0
202.504872,15,10315.141655,1,0,0,0,0
28.859287,1,10315.487966,1,0,0,0,0
661.558213,38,10327.258883,0,0,1,0,0
608.600561,36,10333.568723,0,0,1,0,0
37.800053,1,10333.880371,0,0,0,0,1
297.333123,17,10340.992134,0,0,1,0,0
636.047941,27,10697.488543,0,0,1,0,0
908.366394,37,10704.68725,0,0,1,0,0
478.846564,1,10704.983873,0,0,1,0,0
1426.155574,64,10714.234029,0,0,1,0,0
1283.504933,49,10733.40231,0,0,1,0,0
471.129458,1,10733.750392,0,0,1,0,0
377.011088,16,10741.726062,0,0,1,0,0
28.93954,1,10741.999934,0,0,0,0,1
478.90969,1,10742.427372,0,0,1,0,0
1152.560562,51,10766.499411,0,0,1,0,0
103.870911,12,10769.93167,0,0,1,0,0
28.800053,1,10770.301908,0,0,0,0,1
616.331732,28,10776.219528,0,0,1,0,0
784.626966,56,10789.626674,0,0,1,0,0
-137.606449,5,10791.52713,0,0,1,0,0
37.80893,1,10791.856016,0,0,0,0,1
923.795794,41,10799.427701,0,0,1,0,0
28.826743,1,10799.753314,0,0,0,0,1
557.818404,30,10805.805075,0,0,1,0,0
28.931002,1,10806.107141,0,0,0,0,1
-108.16604,2,10806.507392,1,0,0,0,0
-223.793572,12,10808.412055,0,0,1,0,0
28.931002,1,10808.72954,0,0,0,0,1
974.089043,48,10824.201059,0,0,1,0,0
25.988192,1,10824.705626,0,0,1,0,0
218.912353,16,10828.723701,0,0,1,0,0
743.780232,40,10844.336969,0,0,1,0,0
1272.837378,46,10863.709881,0,0,1,0,0
37.778864,1,10864.072791,0,0,0,0,1
487.881734,1,10864.535348,0,0,1,0,0
937.820728,37,10871.753607,0,0,1,0,0
37.826743,1,10872.058726,0,0,0,0,1
471.129458,1,10872.467565,0,0,1,0,0
-146.818044,6,10876.303737,0,0,1,0,0
28.778864,1,10876.662757,0,0,0,0,1
28.778864,1,10877.046837,0,0,0,0,1
28.778864,1,10877.406551,0,0,0,0,1
355.507122,28,10883.14894,1,0,0,0,0
28.778864,1,10883.501217,0,0,0,0,1
28.82862,1,10883.891574,0,0,0,0,1
480.129458,1,10884.388263,0,0,1,0,0
500.644269,29,10889.584233,0,0,1,0,0
28.826743,1,10889.911371,0,0,0,0,1
334.257423,16,10894.11667,1,0,0,0,0
-122.103929,6,10895.509992,0,0,1,0,0
-108.16604,2,10895.920848,1,0,0,0,0
-127.323097,6,10897.389524,0,0,1,0,0
478.888918,1,10897.733685,0,0,1,0,0
471.129458,1,10898.24602,0,0,1,0,0
852.177063,38,10915.428905,0,0,1,0,0
28.778864,1,10915.880747,0,0,0,0,1
28.82862,1,10916.276015,0,0,0,0,1
37.93954,1,10916.652485,0,0,0,0,1
37.808929,1,10917.023823,0,0,0,0,1
22.432527,9,10917.963944,0,0,1,0,0
37.826743,1,10918.255512,0,0,0,0,1
-158.034737,4,10922.847273,0,0,1,0,0
28.931002,1,10923.161913,0,0,0,0,1
1486.480565,60,10942.82412,0,0,1,0,0
478.90969,1,10943.264129,0,0,1,0,0
37.93954,1,10943.608081,0,0,0,0,1
-15.606157,6,10945.654545,0,0,1,0,0
384.252286,19,10949.152197,0,0,1,0,0
37.968285,1,10949.43536,0,0,0,0,1
28.778864,1,10949.866811,0,0,0,0,1
181.966774,14,10952.873102,0,0,1,0,0
25.988192,1,10953.312666,0,0,1,0,0
1050.207607,42,10962.036352,0,0,1,0,0
114.728614,8,10971.104426,0,0,1,0,0
-17.579022,6,10972.989323,0,0,1,0,0
28.931002,1,10973.34017,0,0,0,0,1
-157.087302,10,10974.924503,0,0,1,0,0
-126.996194,3,10976.419607,1,0,0,0,0
37.82862,1,10976.72456,0,0,0,0,1
461.737024,30,10988.468064,0,0,1,0,0
28.863408,1,10988.832243,0,0,0,0,1
269.79181,21,10992.426626,0,0,1,0,0
28.863408,1,10992.805763,0,0,0,0,1
28.93954,1,10993.175844,0,0,0,0,1
26.876563,9,10994.887247,0,0,1,0,0
28.82862,1,10995.275259,0,0,0,0,1
37.863408,1,10995.672066,0,0,0,0,1
28.93954,1,10996.017827,0,0,0,0,1
487.881733,1,10996.451597,0,0,1,0,0
-158.034737,4,11000.791399,0,0,1,0,0
28.859287,1,11001.067063,1,0,0,0,0
37.93954,1,11001.418762,0,0,0,0,1
11.012319,9,11004.503643,0,0,1,0,0
37.778863,1,11004.819378,0,0,0,0,1
480.129458,1,11005.256967,0,0,1,0,0
416.680139,19,11012.879411,0,0,1,0,0
-199.603445,5,11013.662917,0,0,1,0,0
37.778864,1,11013.959019,0,0,0,0,1
-12.504939,8,11017.413281,0,0,1,0,0
465.73958,24,11021.955258,0,0,1,0,0
418.983562,19,11028.460578,0,0,1,0,0
-61.334404,7,11033.384256,0,0,1,0,0
-158.034737,4,11037.54162,0,0,1,0,0
28.968284,1,11037.796322,0,0,0,0,1
478.852829,1,11038.091772,0,0,1,0,0
478.881733,1,11038.465343,0,0,1,0,0
37.778863,1,11038.761238,0,0,0,0,1
28.859287,1,11039.087204,1,0,0,0,0
116.049291,13,11042.743755,0,0,1,0,0
478.881733,1,11043.154739,0,0,1,0,0
262.375207,40,11055.148675,0,0,1,0,0
37.968284,1,11055.529093,0,0,0,0,1
508.241191,24,11061.971775,0,0,1,0,0
321.022744,17,11066.02738,0,0,1,0,0
478.846564,1,11066.521055,0,0,1,0,0
364.370885,17,11083.878997,0,0,1,0,0
13.626241,9,11085.040643,0,0,1,0,0
28.99729,1,11085.459078,0,0,0,0,1
-125.602427,5,11088.190482,0,0,1,0,0
28.800053,1,11088.480411,0,0,0,0,1
28.800053,1,11088.806249,0,0,0,0,1
37.778863,1,11089.204413,0,0,0,0,1
387.712377,19,11092.705959,0,0,1,0,0
28.931002,1,11093.093253,0,0,0,0,1
28.778864,1,11093.492945,0,0,0,0,1
37.82862,1,11093.882914,0,0,0,0,1
28.859285,1,11094.336272,1,0,0,0,0
183.216451,12,11100.206727,0,0,1,0,0
622.540295,32,11108.035685,0,0,1,0,0
116.718505,13,11110.95874,0,0,1,0,0
478.881733,1,11111.428136,0,0,1,0,0
37.80893,1,11111.758337,0,0,0,0,1
37.826741,1,11112.127269,0,0,0,0,1
28.826743,1,11112.469854,0,0,0,0,1
37.93954,1,11112.837653,0,0,0,0,1
37.931001,1,11113.259691,0,0,0,0,1
487.852828,1,11113.518113,0,0,1,0,0
93.639499,14,11121.765224,0,0,1,0,0
322.497724,17,11124.936011,0,0,1,0,0
28.800053,1,11125.263314,0,0,0,0,1
28.93954,1,11125.661692,0,0,0,0,1
28.863408,1,11126.04685,0,0,0,0,1
28.93954,1,11126.428855,0,0,0,0,1
783.553745,33,11141.558847,0,0,1,0,0
28.80893,1,11141.883357,0,0,0,0,1
296.018502,14,11157.581638,0,0,1,0,0
-153.872472,6,11161.322934,0,0,1,0,0
197.574595,11,11167.768497,0,0,1,0,0
-124.087411,3,11170.971338,0,0,1,0,0
381.404706,24,11175.91358,0,0,1,0,0
28.863408,1,11176.19415,0,0,0,0,1
28.863408,1,11176.564276,0,0,0,0,1
761.515801,32,11189.799684,0,0,1,0,0
168.308601,14,11192.942768,0,0,1,0,0
679.846559,34,11200.633034,0,0,1,0,0
113.292981,8,11209.568026,0,0,1,0,0
28.800053,1,11209.936353,0,0,0,0,1
1075.609664,45,11220.307574,0,0,1,0,0
858.436441,38,11243.30044,0,0,1,0,0
28.859287,1,11243.580854,1,0,0,0,0
403.692741,21,11253.449132,0,0,1,0,0
-0.848106,8,11254.409723,0,0,1,0,0
478.90969,1,11254.790086,0,0,1,0,0
-153.527846,3,11259.017637,0,0,1,0,0
452.416057,19,11281.77133,0,0,1,0,0
124.458146,11,11284.088746,0,0,1,0,0
37.99729,1,11284.487494,0,0,0,0,1
272.893018,18,11287.903069,0,0,1,0,0
28.82862,1,11288.219248,0,0,0,0,1
-125.805349,5,11290.900188,0,0,1,0,0
599.555292,23,11351.750639,0,0,1,0,0
28.859286,1,11352.198354,1,0,0,0,0
28.778864,1,11352.606728,0,0,0,0,1
793.455121,35,11369.576088,0,0,1,0,0
475.020682,40,11377.060424,0,0,1,0,0
28.800053,1,11377.461528,0,0,0,0,1
37.991637,1,11377.934575,0,0,0,0,1
37.968284,1,11378.310927,0,0,0,0,1
487.881734,1,11378.810486,0,0,1,0,0
-108.317807,2,11379.215687,1,0,0,0,0
326.531706,16,11382.294495,0,0,1,0,0
28.826743,1,11382.653716,0,0,0,0,1
-189.854758,5,11385.074474,0,0,1,0,0
28.800053,1,11385.386092,0,0,0,0,1
410.63225,19,11393.749501,0,0,1,0,0
28.931002,1,11394.039878,0,0,0,0,1
26.264851,1,11394.659327,0,0,1,0,0
478.81943,33,11402.349161,0,0,1,0,0
28.800053,1,11402.629336,0,0,0,0,1
665.775796,11,11405.016687,0,0,0,0,1
310.490034,24,11415.514795,0,0,1,0,0
452.289466,19,11424.007078,0,0,1,0,0
478.881733,1,11424.35064,0,0,1,0,0
28.931002,1,11424.658168,0,0,0,0,1
471.129458,1,11425.057443,0,0,1,0,0
468.863556,22,11429.13848,0,0,1,0,0
-218.999047,12,11430.901169,0,0,1,0,0
403.827428,19,11435.268677,0,0,1,0,0
-207.147114,5,11437.829778,0,0,1,0,0
721.533686,32,11447.837781,0,0,1,0,0
28.800053,1,11448.199518,0,0,0,0,1
65.100089,14,11456.736267,0,0,1,0,0
634.007248,31,11466.434328,0,0,1,0,0
28.931002,1,11466.847132,0,0,0,0,1
28.93954,1,11467.18309,0,0,0,0,1
285.807388,17,11470.836686,0,0,1,0,0
471.129458,1,11471.228202,0,0,1,0,0
28.977188,1,11471.647722,0,0,0,0,1
-191.867437,8,11472.57385,0,0,1,0,0
281.347189,17,11475.768959,0,0,1,0,0
-35.83785,4,11476.909832,0,0,1,0,0
28.863408,1,11477.225383,0,0,0,0,1
687.282333,25,11489.431934,0,0,1,0,0
37.931001,1,11489.84159,0,0,0,0,1
37.93954,1,11490.204121,0,0,0,0,1
-16.340449,6,11492.168657,0,0,1,0,0
133.619934,14,11494.924722,0,0,1,0,0
478.881733,1,11495.418444,0,0,1,0,0
438.311841,19,11504.574544,1,0,0,0,0
-71.907611,7,11509.437237,0,0,1,0,0
59.86137,2,11509.990422,0,0,1,0,0
351.173689,15,11525.257075,0,0,1,0,0
119.876964,12,11528.096785,0,0,1,0,0
690.946433,27,11538.084857,0,0,1,0,0
478.846564,1,11538.351119,0,0,1,0,0
60.795882,11,11542.487453,0,0,1,0,0
1100.142596,48,11572.475874,0,0,1,0,0
-6.846413,8,11580.663787,0,0,1,0,0
28.82862,1,11581.054767,0,0,0,0,1
571.107557,28,11588.16395,0,0,1,0,0
436.483811,21,11593.475079,1,0,0,0,0
152.208611,14,11597.283462,0,0,1,0,0
37.778865,1,11597.761204,0,0,0,0,1
397.383298,21,11603.300624,0,0,1,0,0
924.438385,41,11617.7611,0,0,1,0,0
23.616568,1,11618.087301,0,0,1,0,0
538.641928,30,11625.914236,0,0,1,0,0
37.800053,1,11626.314861,0,0,0,0,1
766.992686,33,11633.259869,0,0,1,0,0
28.93954,1,11633.599813,0,0,0,0,1
478.846564,1,11633.984623,0,0,1,0,0
714.701643,28,11640.562531,0,0,1,0,0
-154.561185,6,11644.164141,0,0,1,0,0
28.826743,1,11644.45851,0,0,0,0,1
28.800053,1,11644.840024,0,0,0,0,1
37.826741,1,11645.226992,0,0,0,0,1
685.777386,17,11648.830533,0,0,0,0,1
809.578031,34,11692.842692,0,0,1,0,0
34.637882,2,11693.40083,0,0,1,0,0
633.207914,10,11705.859526,0,0,0,0,1
17.261467,1,11706.503461,0,0,1,0,0
487.881732,1,11706.99483,0,0,1,0,0
28.800053,1,11707.326338,0,0,0,0,1
478.888918,1,11707.691906,0,0,1,0,0
478.888918,1,11708.09616,0,0,1,0,0
28.909529,1,11708.517564,0,0,0,0,1
28.931002,1,11708.924139,0,0,0,0,1
554.483489,26,11715.765671,1,0,0,0,0
315.223992,20,11718.699531,0,0,1,0,0
28.863408,1,11719.02843,0,0,0,0,1
28.93954,1,11719.463011,0,0,0,0,1
37.931002,1,11719.886546,0,0,0,0,1
28.863408,1,11720.229035,0,0,0,0,1
28.800053,1,11720.608785,0,0,0,0,1
28.93954,1,11721.007614,0,0,0,0,1
-198.615763,8,11721.984977,0,0,1,0,0
851.486326,18,11725.152812,0,0,0,0,1
748.489936,32,11737.050353,0,0,1,0,0
28.93954,1,11737.406094,0,0,0,0,1
866.779563,44,11784.914544,0,0,1,0,0
-137.606449,5,11786.899257,0,0,1,0,0
585.067586,28,11794.799197,0,0,1,0,0
478.846564,1,11795.171871,0,0,1,0,0
585.194962,27,11806.682661,0,0,1,0,0
37.826742,1,11807.01174,0,0,0,0,1
37.826745,1,11807.401747,0,0,0,0,1
28.778864,1,11807.757364,0,0,0,0,1
-31.737665,7,11809.415649,0,0,1,0,0
879.160321,36,11829.901786,0,0,1,0,0
28.93954,1,11830.221168,0,0,0,0,1
389.161768,17,11847.47978,0,0,1,0,0
61.895243,2,11849.187231,0,0,1,0,0
253.267718,12,11860.273005,0,0,1,0,0
629.233466,35,11869.852945,0,0,1,0,0
478.881733,1,11870.285406,0,0,1,0,0
811.770146,33,11880.119803,0,0,1,0,0
28.778864,1,11880.531903,0,0,0,0,1
28.920203,1,11881.006939,0,0,0,0,1
37.939542,1,11881.349575,0,0,0,0,1
23.611898,1,11881.748038,0,0,1,0,0
23.611898,1,11882.132861,0,0,1,0,0
313.4643,16,11887.222459,0,0,1,0,0
471.129458,1,11887.699927,0,0,1,0,0
-153.351486,3,11892.157444,0,0,1,0,0
28.909529,1,11892.433691,0,0,0,0,1
28.931002,1,11892.796648,0,0,0,0,1
37.997292,1,11893.165141,0,0,0,0,1
-16.391794,6,11895.091026,0,0,1,0,0
471.129458,1,11895.581063,0,0,1,0,0
62.987833,11,11898.683053,0,0,1,0,0
28.909529,1,11899.056434,0,0,0,0,1
495.587574,20,11927.991286,0,0,1,0,0
28.93954,1,11928.338445,0,0,0,0,1
37.931002,1,11928.781462,0,0,0,0,1
28.82862,1,11929.121938,0,0,0,0,1
28.826743,1,11929.495782,0,0,0,0,1
471.129458,1,11929.964519,0,0,1,0,0
28.99729,1,11930.301092,0,0,0,0,1
28.82862,1,11930.727777,0,0,0,0,1
225.49916,13,11934.684895,0,0,1,0,0
886.058075,56,11950.889616,1,0,0,0,0
17.077024,1,11952.959197,0,0,1,0,0
1030.532581,48,11968.185971,1,0,0,0,0
28.82862,1,11968.541441,0,0,0,0,1
739.261456,34,11991.270757,1,0,0,0,0
37.800054,1,11991.565642,0,0,0,0,1
28.938687,1,11991.963803,0,0,0,0,1
37.909529,1,11992.355959,0,0,0,0,1
28.826743,1,11992.760027,0,0,0,0,1
29.942514,1,11993.242873,0,0,1,0,0
667.411406,35,12007.993404,0,0,1,0,0
-124.528643,5,12011.032658,0,0,1,0,0
1512.837282,60,12028.50461,0,0,1,0,0
261.705816,14,12031.013982,0,0,1,0,0
37.93954,1,12031.340053,0,0,0,0,1
-193.806665,9,12032.680209,0,0,1,0,0
1284.107166,54,12046.321874,0,0,1,0,0
37.826742,1,12046.661955,0,0,0,0,1
820.730835,37,12057.801769,0,0,1,0,0
164.337344,12,12071.587728,0,0,1,0,0
480.129458,1,12072.071189,0,0,1,0,0
487.852829,1,12072.281105,0,0,1,0,0
28.778864,1,12072.623395,0,0,0,0,1
829.12993,33,12091.437873,0,0,1,0,0
28.826743,1,12091.805233,0,0,0,0,1
37.931001,1,12092.194568,0,0,0,0,1
170.810311,13,12095.264939,1,0,0,0,0
870.102733,38,12112.518354,0,0,1,0,0
28.778864,1,12112.952176,0,0,0,0,1
606.728467,28,12118.447078,0,0,1,0,0
37.778865,1,12118.823788,0,0,0,0,1
28.826743,1,12119.244734,0,0,0,0,1
166.597488,14,12121.949168,0,0,1,0,0
480.129458,1,12122.450979,0,0,1,0,0
372.792082,21,12126.868421,0,0,1,0,0
641.780697,28,12133.071908,0,0,1,0,0
-223.793572,12,12135.037707,0,0,1,0,0
618.343722,33,12142.052354,0,0,1,0,0
28.800053,1,12142.439514,0,0,0,0,1
28.859288,1,12142.787223,1,0,0,0,0
20.928598,1,12143.324543,0,0,1,0,0
731.503843,27,12169.912417,0,0,1,0,0
37.931,1,12170.282998,0,0,0,0,1
456.099862,22,12186.756339,0,0,1,0,0
-151.800564,7,12190.852024,0,0,1,0,0
28.778864,1,12191.201147,0,0,0,0,1
20.564324,9,12192.220533,0,0,1,0,0
28.949146,1,12192.618286,0,0,0,0,1
621.599543,33,12203.412858,0,0,1,0,0
673.729781,37,12209.651911,0,0,1,0,0
28.863408,1,12210.027022,0,0,0,0,1
-199.171679,5,12210.84146,0,0,1,0,0
139.766013,14,12213.434105,0,0,1,0,0
228.282516,17,12217.386626,0,0,1,0,0
164.995208,14,12220.154129,0,0,1,0,0
-12.017392,8,12223.199582,0,0,1,0,0
201.299393,11,12240.064631,0,0,1,0,0
-118.297898,5,12242.668065,0,0,1,0,0
28.863408,1,12242.950522,0,0,0,0,1
301.437018,15,12246.751466,0,0,1,0,0
665.34505,11,12249.157012,0,0,0,0,1
37.939541,1,12249.508531,0,0,0,0,1
7.761787,9,12252.455841,0,0,1,0,0
967.137842,45,12260.776058,0,0,1,0,0
478.888918,1,12261.073003,0,0,1,0,0
37.997289,1,12261.478219,0,0,0,0,1
480.129458,1,12261.943784,0,0,1,0,0
93.618035,12,12265.164332,0,0,1,0,0
478.881733,1,12265.611343,0,0,1,0,0
487.881734,1,12266.002463,0,0,1,0,0
28.93954,1,12266.318478,0,0,0,0,1
37.863407,1,12266.714758,0,0,0,0,1
334.659188,17,12273.162892,0,0,1,0,0
28.931002,1,12273.516877,0,0,0,0,1
198.396089,11,12290.298172,0,0,1,0,0
849.284663,39,12304.012328,0,0,1,0,0
28.931002,1,12304.411499,0,0,0,0,1
-108.195711,2,12304.914829,1,0,0,0,0
28.99729,1,12305.298835,0,0,0,0,1
369.975044,19,12310.404769,0,0,1,0,0
-76.559346,4,12311.488149,0,0,1,0,0
471.129458,1,12311.876944,0,0,1,0,0
117.443071,8,12318.742056,0,0,1,0,0
-223.793572,12,12320.600931,0,0,1,0,0
17.077024,1,12322.505524,0,0,1,0,0
28.93954,1,12322.852283,0,0,0,0,1
426.978605,17,12327.107459,0,0,1,0,0
1061.950612,51,12343.033262,0,0,1,0,0
28.99729,1,12343.427983,0,0,0,0,1
478.846564,1,12343.778526,0,0,1,0,0
-153.144667,6,12347.364927,0,0,1,0,0
693.194034,35,12355.344208,0,0,1,0,0
37.831123,1,12355.699989,0,0,0,0,1
-218.184312,6,12358.231042,0,0,1,0,0
765.931329,33,12379.518005,0,0,1,0,0
28.938687,1,12379.927485,0,0,0,0,1
28.99729,1,12380.342815,0,0,0,0,1
28.800053,1,12380.732858,0,0,0,0,1
28.931002,1,12381.130187,0,0,0,0,1
864.644711,42,12400.131494,0,0,1,0,0
28.831123,1,12400.412796,0,0,0,0,1
456.914855,22,12415.629527,0,0,1,0,0
-11.49499,8,12425.116494,0,0,1,0,0
28.99729,1,12425.439135,0,0,0,0,1
37.93954,1,12425.833323,0,0,0,0,1
110.132502,9,12428.738391,0,0,1,0,0
471.129458,1,12429.314203,0,0,1,0,0
37.828619,1,12429.628962,0,0,0,0,1
28.976992,1,12430.163036,0,0,0,0,1
-124.470879,5,12433.192895,0,0,1,0,0
37.826743,1,12433.494878,0,0,0,0,1
280.618649,19,12436.869116,0,0,1,0,0
28.859287,1,12437.171,1,0,0,0,0
28.93954,1,12437.564036,0,0,0,0,1
167.589327,10,12454.178421,0,0,1,0,0
-137.606449,5,12456.280741,0,0,1,0,0
478.773494,1,12456.762428,0,0,1,0,0
478.881733,1,12457.152808,0,0,1,0,0
17.07521,1,12459.19486,0,0,1,0,0
37.939539,1,12459.490765,0,0,0,0,1
-129.346804,4,12462.782934,0,0,1,0,0
383.442952,41,12481.294234,0,0,1,0,0
-9.488049,8,12483.072568,0,0,1,0,0
158.298799,13,12485.993843,0,0,1,0,0
-123.769049,5,12489.069161,0,0,1,0,0
627.486842,34,12495.35522,0,0,1,0,0
-121.551968,6,12496.870551,0,0,1,0,0
-137.956739,5,12498.773034,0,0,1,0,0
28.826743,1,12499.081465,0,0,0,0,1
52.896753,2,12500.929024,0,0,1,0,0
20.928598,1,12501.405705,0,0,1,0,0
524.945752,25,12509.033342,0,0,1,0,0
347.026661,17,12519.889744,1,0,0,0,0
37.826743,1,12520.258398,0,0,0,0,1
612.708756,30,12527.368925,1,0,0,0,0
28.977188,1,12527.820012,0,0,0,0,1
17.077024,1,12529.775165,0,0,1,0,0
685.649744,17,12532.877635,0,0,0,0,1
1106.840384,52,12546.398709,0,0,1,0,0
-188.764995,5,12548.647042,0,0,1,0,0
-28.895087,4,12549.639443,0,0,1,0,0
28.800053,1,12549.919305,0,0,0,0,1
28.800053,1,12550.332606,0,0,0,0,1
-108.16604,2,12550.841046,1,0,0,0,0
-125.077628,5,12553.50337,0,0,1,0,0
28.99729,1,12553.812268,0,0,0,0,1
5.982512,9,12556.843605,0,0,1,0,0
478.90969,1,12557.378616,0,0,1,0,0
182.456087,13,12559.959666,0,0,1,0,0
487.881734,1,12560.415833,0,0,1,0,0
945.064812,43,12590.947554,0,0,1,0,0
980.19175,36,12608.155602,0,0,1,0,0
28.826743,1,12608.657081,0,0,0,0,1
28.778864,1,12609.049853,0,0,0,0,1
519.764775,22,12618.126754,0,0,1,0,0
37.778864,1,12618.493062,0,0,0,0,1
595.399328,24,12628.529656,0,0,1,0,0
141.07211,13,12632.027914,0,0,1,0,0
28.800053,1,12632.420685,0,0,0,0,1
28.931002,1,12632.81678,0,0,0,0,1
95.82642,12,12635.886219,0,0,1,0,0
37.931003,1,12636.30752,0,0,0,0,1
-140.999267,1,12639.2423,1,0,0,0,0
209.96608,20,12643.335766,0,0,1,0,0
319.58875,16,12648.086959,0,0,1,0,0
37.997289,1,12648.482574,0,0,0,0,1
37.778863,1,12648.887835,0,0,0,0,1
28.859287,1,12649.223277,1,0,0,0,0
-128.969585,6,12650.672438,0,0,1,0,0
68.334216,11,12660.008104,0,0,1,0,0
37.939541,1,12660.412855,0,0,0,0,1
478.852829,1,12660.711168,0,0,1,0,0
473.058917,27,12666.127399,0,0,1,0,0
-71.873724,7,12671.287729,0,0,1,0,0
37.828621,1,12671.610996,0,0,0,0,1
37.800052,1,12671.978446,0,0,0,0,1
418.284034,18,12683.359313,0,0,1,0,0
443.786888,20,12688.782069,0,0,1,0,0
37.778865,1,12689.235476,0,0,0,0,1
643.487003,15,12692.899476,0,0,0,0,1
487.881733,1,12693.338229,0,0,1,0,0
-120.710138,7,12696.002613,0,0,1,0,0
28.863408,1,12696.304609,0,0,0,0,1
119.397331,8,12701.70576,0,0,1,0,0
28.859286,1,12702.091715,1,0,0,0,0
480.129458,1,12702.559436,0,0,1,0,0
498.584232,19,12721.703585,0,0,1,0,0
478.90969,1,12722.152378,0,0,1,0,0
477.38664,20,12740.969869,0,0,1,0,0
493.201051,22,12745.131297,1,0,0,0,0
451.376845,21,12750.267357,1,0,0,0,0
478.90969,1,12750.738888,0,0,1,0,0
70.52129,11,12753.720891,0,0,1,0,0
813.505074,32,12775.77866,1,0,0,0,0
37.93954,1,12776.121819,0,0,0,0,1
1072.337128,47,12788.638847,0,0,1,0,0
471.129458,1,12789.147802,0,0,1,0,0
685.822537,31,12798.719885,0,0,1,0,0
270.304026,15,12804.806838,0,0,1,0,0
28.800053,1,12805.12544,0,0,0,0,1
141.752841,14,12808.186602,0,0,1,0,0
687.46079,38,12815.18779,1,0,0,0,0
757.393975,27,12827.604857,0,0,1,0,0
602.272914,29,12840.976364,0,0,1,0,0
37.778863,1,12841.38999,0,0,0,0,1
-123.555186,7,12844.171858,0,0,1,0,0
28.826743,1,12844.436323,0,0,0,0,1
191.72906,15,12848.257665,0,0,1,0,0
487.881732,1,12848.673618,0,0,1,0,0
633.681766,10,12860.931492,0,0,0,0,1
490.129584,25,12868.743852,0,0,1,0,0
542.628972,26,12877.677551,0,0,1,0,0
37.828619,1,12878.095862,0,0,0,0,1
13.626241,9,12879.18346,0,0,1,0,0
28.800053,1,12879.560215,0,0,0,0,1
20.2189,9,12880.578597,0,0,1,0,0
28.931002,1,12880.892709,0,0,0,0,1
-188.141984,8,12882.219669,0,0,1,0,0
28.778864,1,12882.55613,0,0,0,0,1
117.253936,15,12885.240103,0,0,1,0,0
478.888918,1,12885.647797,0,0,1,0,0
510.326014,30,12900.291219,0,0,1,0,0
28.99729,1,12900.714023,0,0,0,0,1
478.846564,1,12901.083308,0,0,1,0,0
726.824063,35,12912.349118,0,0,1,0,0
751.123184,32,13279.645386,0,0,1,0,0
28.800053,1,13279.961928,0,0,0,0,1
28.863408,1,13280.320965,0,0,0,0,1
445.526633,20,13289.825807,0,0,1,0,0
-5.855882,8,13291.563274,0,0,1,0,0
65.100089,14,13294.063617,0,0,1,0,0
28.778864,1,13294.514535,0,0,0,0,1
28.991637,1,13295.025386,0,0,0,0,1
37.778864,1,13295.373796,0,0,0,0,1
163.925252,14,13298.026326,0,0,1,0,0
37.800054,1,13298.390369,0,0,0,0,1
34.637882,2,13298.989305,0,0,1,0,0
79.385792,11,13300.733518,0,0,1,0,0
28.93954,1,13301.036356,0,0,0,0,1
273.931379,19,13304.392032,0,0,1,0,0
28.800053,1,13304.757128,0,0,0,0,1
-139.28097,5,13313.334498,0,0,1,0,0
70.90663,2,13315.162587,0,0,1,0,0
28.968284,1,13315.452762,0,0,0,0,1
417.676794,21,13331.415282,0,0,1,0,0
323.190248,15,13347.178001,0,0,1,0,0
-140.999267,1,13350.253628,1,0,0,0,0
455.993932,22,13355.533726,1,0,0,0,0
28.826743,1,13355.937643,0,0,0,0,1
28.863408,1,13356.278419,0,0,0,0,1
182.550549,15,13359.613107,0,0,1,0,0
351.477729,21,13363.813148,0,0,1,0,0
478.881733,1,13364.283824,0,0,1,0,0
12.706268,9,13367.915736,0,0,1,0,0
17.261467,1,13368.476372,0,0,1,0,0
661.171508,34,13376.742266,0,0,1,0,0
128.900828,8,13383.878272,0,0,1,0,0
1710.96438,67,13424.898762,0,0,1,0,0
478.846564,1,13425.312432,0,0,1,0,0
28.82862,1,13425.657653,0,0,0,0,1
-193.430651,8,13426.652664,0,0,1,0,0
917.82051,42,13436.88387,0,0,1,0,0
37.778864,1,13437.321328,0,0,0,0,1
37.90953,1,13437.816958,0,0,0,0,1
315.701545,16,13453.150357,0,0,1,0,0
28.859287,1,13453.440426,1,0,0,0,0
37.997289,1,13453.806153,0,0,0,0,1
239.510629,15,13804.418795,0,0,1,0,0
28.863408,1,13804.756024,0,0,0,0,1
478.881733,1,13805.200536,0,0,1,0,0
-123.93958,3,13808.432014,0,0,1,0,0
416.450944,21,13814.217065,0,0,1,0,0
487.852829,1,13814.538902,0,0,1,0,0
478.881733,1,13814.994115,0,0,1,0,0
28.93954,1,13815.339814,0,0,0,0,1
726.697953,38,13826.07726,1,0,0,0,0
-33.199976,7,13827.740841,0,0,1,0,0
37.778864,1,13828.136758,0,0,0,0,1
28.99729,1,13828.552782,0,0,0,0,1
760.54434,42,13850.290996,0,0,1,0,0
28.977188,1,13850.659957,0,0,0,0,1
25.988192,1,13851.101126,0,0,1,0,0
350.886639,21,13870.702931,0,0,1,0,0
487.881732,1,13871.098734,0,0,1,0,0
28.93954,1,13871.433661,0,0,0,0,1
28.938687,1,13871.814743,0,0,0,0,1
352.134871,21,13877.407153,0,0,1,0,0
37.828618,1,13877.782934,0,0,0,0,1
140.430616,10,13880.943617,0,0,1,0,0
478.881733,1,13881.536297,0,0,1,0,0
28.99729,1,13881.879039,0,0,0,0,1
965.070943,41,13897.489411,0,0,1,0,0
37.99729,1,13897.85166,0,0,0,0,1
25.988192,1,13898.333511,0,0,1,0,0
37.863409,1,13898.671034,0,0,0,0,1
525.49711,19,13917.869813,0,0,1,0,0
28.826743,1,13918.235644,0,0,0,0,1
352.254847,18,13922.497774,0,0,1,0,0
28.99729,1,13922.857425,0,0,0,0,1
478.90969,1,13923.327822,0,0,1,0,0
37.778865,1,13923.686103,0,0,0,0,1
633.534929,10,13935.669297,0,0,0,0,1
37.826744,1,13936.003734,0,0,0,0,1
-132.887748,4,13939.524,0,0,1,0,0
37.800054,1,13940.618591,0,0,0,0,1
-151.800564,7,13944.846145,0,0,1,0,0
1094.631776,58,13959.589794,0,0,1,0,0
28.99729,1,13959.915265,0,0,0,0,1
478.881733,1,13960.356233,0,0,1,0,0
28.800053,1,13960.665668,0,0,0,0,1
28.800053,1,13961.068023,0,0,0,0,1
519.402592,25,13990.141959,1,0,0,0,0
478.90969,1,13990.560914,0,0,1,0,0
480.129458,1,13990.996115,0,0,1,0,0
-154.363678,3,13995.408459,0,0,1,0,0
478.773494,1,13995.803828,0,0,1,0,0
478.852829,1,13996.064578,0,0,1,0,0
396.706285,20,13999.702438,0,0,1,0,0
839.543574,35,14018.970557,0,0,1,0,0
28.826743,1,14019.291158,0,0,0,0,1
37.826744,1,14019.654102,0,0,0,0,1
-9.141921,8,14020.899571,0,0,1,0,0
13.024081,9,14022.027591,0,0,1,0,0
28.831123,1,14022.40856,0,0,0,0,1
37.99729,1,14022.770207,0,0,0,0,1
478.881733,1,14023.196882,0,0,1,0,0
364.74491,22,14026.445377,0,0,1,0,0
28.800053,1,14026.929282,0,0,0,0,1
847.697919,39,14035.165673,0,0,1,0,0
478.888918,1,14035.609931,0,0,1,0,0
-125.239573,5,14038.85111,0,0,1,0,0
23.611898,1,14039.161591,0,0,1,0,0
-206.693968,5,14041.641495,0,0,1,0,0
185.20971,10,14058.338251,0,0,1,0,0
-58.629215,4,14059.238249,0,0,1,0,0
834.927253,48,14072.200792,1,0,0,0,0
488.785342,24,14081.980654,0,0,1,0,0
-7.442252,8,14083.62425,0,0,1,0,0
37.863406,1,14083.989529,0,0,0,0,1
28.826743,1,14084.412238,0,0,0,0,1
487.881734,1,14084.808842,0,0,1,0,0
-16.065424,6,14086.606652,0,0,1,0,0
805.594311,35,14106.185458,0,0,1,0,0
28.778864,1,14106.602871,0,0,0,0,1
28.80893,1,14107.044206,0,0,0,0,1
478.846564,1,14107.397221,0,0,1,0,0
28.831123,1,14107.750796,0,0,0,0,1
478.888918,1,14108.112702,0,0,1,0,0
471.129458,1,14108.6056,0,0,1,0,0
704.01865,39,14240.275791,1,0,0,0,0
28.931002,1,14240.711199,0,0,0,0,1
28.93954,1,14241.07809,0,0,0,0,1
478.852829,1,14241.362496,0,0,1,0,0
-59.335754,8,14246.685254,0,0,1,0,0
-140.999267,1,14249.516461,1,0,0,0,0
37.931002,1,14249.876998,0,0,0,0,1
28.800053,1,14250.237648,0,0,0,0,1
471.129458,1,14250.723445,0,0,1,0,0
-200.068768,5,14251.528166,0,0,1,0,0
867.732435,39,14263.125442,0,0,1,0,0
478.888918,1,14263.511753,0,0,1,0,0
28.931002,1,14263.920805,0,0,0,0,1
465.232911,21,14267.99684,1,0,0,0,0
478.881733,1,14268.401254,0,0,1,0,0
28.93954,1,14268.716813,0,0,0,0,1
446.051027,21,14273.076922,0,0,1,0,0
63.450449,11,14276.217956,0,0,1,0,0
28.82862,1,14276.597852,0,0,0,0,1
910.746018,42,14304.057197,0,0,1,0,0
28.82862,1,14304.345151,0,0,0,0,1
478.881733,1,14304.758278,0,0,1,0,0
17.077024,1,14306.703364,0,0,1,0,0
566.04015,27,14314.08452,0,0,1,0,0
37.93954,1,14314.453168,0,0,0,0,1
478.773494,1,14314.911687,0,0,1,0,0
811.45716,37,14321.838567,0,0,1,0,0
487.852828,1,14322.138928,0,0,1,0,0
-42.47229,7,14323.761335,0,0,1,0,0
395.422598,20,14329.16719,0,0,1,0,0
136.815502,14,14332.001178,0,0,1,0,0
76.566251,11,14333.982713,0,0,1,0,0
1262.007923,61,14347.178447,0,0,1,0,0
37.778864,1,14347.545663,0,0,0,0,1
28.93954,1,14347.922685,0,0,0,0,1
28.800053,1,14348.277519,0,0,0,0,1
12.77625,9,14349.417066,0,0,1,0,0
28.82862,1,14349.728456,0,0,0,0,1
28.859287,1,14350.091373,1,0,0,0,0
-76.559346,4,14351.032027,0,0,1,0,0
37.778865,1,14351.383329,0,0,0,0,1
740.732971,32,14355.817257,0,0,1,0,0
478.888918,1,14356.130278,0,0,1,0,0
48.097907,10,14364.447111,0,0,1,0,0
17.261467,1,14365.057717,0,0,1,0,0
-158.156566,4,14369.607187,0,0,1,0,0
28.778864,1,14369.918005,0,0,0,0,1
685.793419,33,14380.310272,0,0,1,0,0
-206.662355,5,14382.801688,0,0,1,0,0
206.655534,11,14396.418641,0,0,1,0,0
37.93954,1,14396.743457,0,0,0,0,1
-125.811969,5,14399.499649,0,0,1,0,0
478.773494,1,14399.963572,0,0,1,0,0
1023.340672,42,14408.390059,0,0,1,0,0
28.82862,1,14408.679034,0,0,0,0,1
28.99729,1,14409.064753,0,0,0,0,1
37.800053,1,14409.514896,0,0,0,0,1
1367.339702,52,14425.998733,1,0,0,0,0
487.918545,23,14432.727204,0,0,1,0,0
28.826743,1,14433.178978,0,0,0,0,1
28.99729,1,14433.53207,0,0,0,0,1
439.716508,21,14442.451744,0,0,1,0,0
37.931002,1,14442.878648,0,0,0,0,1
539.128615,25,14456.576243,0,0,1,0,0
28.800053,1,14457.002849,0,0,0,0,1
28.93954,1,14457.380352,0,0,0,0,1
478.881733,1,14457.875196,0,0,1,0,0
677.245975,32,14463.321806,0,0,1,0,0
565.486311,31,14470.682779,1,0,0,0,0
-9.626156,8,14471.895836,0,0,1,0,0
667.31884,34,14485.527048,0,0,1,0,0
-126.996194,3,14487.014653,1,0,0,0,0
-40.665823,7,14488.702206,0,0,1,0,0
478.846564,1,14489.064292,0,0,1,0,0
405.054503,19,14494.283948,1,0,0,0,0
500.33253,20,14501.790315,0,0,1,0,0
1024.865888,45,14511.410766,0,0,1,0,0
634.391587,32,14522.146493,0,0,1,0,0
-154.800876,3,14526.418428,0,0,1,0,0
480.129458,1,14526.800797,0,0,1,0,0
-126.730498,6,14529.747694,0,0,1,0,0
28.800053,1,14530.027004,0,0,0,0,1
17.261467,1,14530.611871,0,0,1,0,0
606.955313,29,14546.724154,0,0,1,0,0
37.93954,1,14547.194774,0,0,0,0,1
28.931002,1,14547.62119,0,0,0,0,1
1218.423846,53,14568.198013,0,0,1,0,0
478.846564,1,14568.590467,0,0,1,0,0
28.947094,1,14569.057294,0,0,0,0,1
28.863408,1,14569.412216,0,0,0,0,1
1091.494954,48,14600.92552,0,0,1,0,0
28.778864,1,14601.279171,0,0,0,0,1
28.859287,1,14601.673613,1,0,0,0,0
28.778864,1,14602.094793,0,0,0,0,1
417.972491,18,14621.878201,0,0,1,0,0
-141.134149,5,14624.624372,1,0,0,0,0
23.611898,1,14624.964323,0,0,1,0,0
478.881733,1,14625.35016,0,0,1,0,0
-208.927827,5,14627.988904,0,0,1,0,0
478.90969,1,14628.359211,0,0,1,0,0
37.778864,1,14628.729575,0,0,0,0,1
202.504872,15,14631.102528,1,0,0,0,0
28.909529,1,14631.450005,0,0,0,0,1
28.778864,1,14631.857113,0,0,0,0,1
812.059883,32,14648.469321,1,0,0,0,0
1451.847397,60,14661.887584,0,0,1,0,0
37.800052,1,14662.233019,0,0,0,0,1
778.947683,33,14676.035994,0,0,1,0,0
28.778864,1,14676.371184,0,0,0,0,1
28.82862,1,14676.726855,0,0,0,0,1
364.128741,18,14687.640935,0,0,1,0,0
117.901678,9,14690.863278,0,0,1,0,0
478.881733,1,14691.372148,0,0,1,0,0
487.881734,1,14691.766374,0,0,1,0,0
241.595488,14,15040.203442,0,0,1,0,0
28.99729,1,15040.529926,0,0,0,0,1
1095.05533,41,15067.839152,0,0,1,0,0
65.100089,14,15070.156282,0,0,1,0,0
-44.842087,4,15071.242802,0,0,1,0,0
478.773494,1,15071.681182,0,0,1,0,0
-9.626156,8,15072.734231,0,0,1,0,0
517.002467,25,15103.532691,1,0,0,0,0
-158.034737,4,15107.927554,0,0,1,0,0
366.889624,25,15115.926884,0,0,1,0,0
28.93954,1,15116.241906,0,0,0,0,1
-27.815332,4,15117.30652,0,0,1,0,0
691.236463,33,15122.953732,0,0,1,0,0
168.800169,10,15128.343947,0,0,1,0,0
28.778864,1,15128.69746,0,0,0,0,1
-9.187425,8,15129.828174,0,0,1,0,0
143.184517,14,15132.730616,0,0,1,0,0
37.909529,1,15133.077004,0,0,0,0,1
1032.832967,45,15152.994932,0,0,1,0,0
17.083232,1,15155.201774,0,0,1,0,0
735.828223,33,15162.26138,1,0,0,0,0
-149.179608,6,15166.171888,0,0,1,0,0
26.306852,9,15167.173039,0,0,1,0,0
28.931002,1,15167.494005,0,0,0,0,1
17.077024,1,15169.598251,0,0,1,0,0
28.931002,1,15169.919228,0,0,0,0,1
28.99729,1,15170.276199,0,0,0,0,1
28.977188,1,15170.770545,0,0,0,0,1
478.846564,1,15171.108128,0,0,1,0,0
29.919586,1,15171.627835,0,0,1,0,0
487.881734,1,15172.11255,0,0,1,0,0
37.826742,1,15172.458612,0,0,0,0,1
28.859287,1,15172.800219,1,0,0,0,0
-140.999267,1,15176.101803,1,0,0,0,0
169.450811,14,15179.051653,0,0,1,0,0
624.620108,27,15187.130815,0,0,1,0,0
-6.846413,8,15189.185832,0,0,1,0,0
28.931002,1,15189.612019,0,0,0,0,1
1820.862144,73,15217.330843,0,0,1,0,0
219.412058,13,15222.295769,1,0,0,0,0
487.881734,1,15222.724022,0,0,1,0,0
519.501932,25,15242.616231,0,0,1,0,0
-154.132654,6,15246.386026,0,0,1,0,0
-148.620463,6,15250.330088,0,0,1,0,0
1036.619609,49,15265.151617,1,0,0,0,0
-158.034737,4,15269.966531,0,0,1,0,0
378.546284,16,15272.909293,0,0,1,0,0
576.190541,27,15287.862292,0,0,1,0,0
188.574169,10,15298.035851,0,0,1,0,0
28.909529,1,15298.44495,0,0,0,0,1
292.825076,13,15317.246355,0,0,1,0,0
-153.522093,3,15321.413865,0,0,1,0,0
37.863406,1,15321.713648,0,0,0,0,1
879.735557,39,15333.576455,0,0,1,0,0
-215.676256,15,15335.848367,0,0,1,0,0
28.800053,1,15336.162979,0,0,0,0,1
718.679494,40,15342.115546,0,0,1,0,0
1473.813901,59,15391.375018,0,0,1,0,0
28.859287,1,15391.651637,1,0,0,0,0
28.859287,1,15391.993702,1,0,0,0,0
478.90969,1,15392.453026,0,0,1,0,0
-149.749743,7,15396.668708,0,0,1,0,0
213.398409,11,15401.484882,0,0,1,0,0
28.831123,1,15401.760617,0,0,0,0,1
28.931002,1,15402.104073,0,0,0,0,1
28.800053,1,15402.44258,0,0,0,0,1
37.800053,1,15402.815916,0,0,0,0,1
-153.712837,3,15407.011159,0,0,1,0,0
28.93954,1,15407.292382,0,0,0,0,1
28.800053,1,15407.656132,0,0,0,0,1
478.846564,1,15408.082552,0,0,1,0,0
478.846564,1,15408.441825,0,0,1,0,0
28.931002,1,15408.775371,0,0,0,0,1
-72.025324,7,15413.83354,0,0,1,0,0
28.826743,1,15414.183794,0,0,0,0,1
37.997291,1,15414.540455,0,0,0,0,1
21.464564,9,15415.59214,0,0,1,0,0
37.99729,1,15415.912623,0,0,0,0,1
478.888918,1,15416.318021,0,0,1,0,0
28.931002,1,15416.740945,0,0,0,0,1
37.93954,1,15417.087608,0,0,0,0,1
621.942086,32,15425.066806,0,0,1,0,0
28.859287,1,15425.446105,1,0,0,0,0
28.863408,1,15425.810732,0,0,0,0,1
28.778864,1,15426.179179,0,0,0,0,1
28.826743,1,15426.56459,0,0,0,0,1
28.99729,1,15426.946611,0,0,0,0,1
160.72136,11,15429.243455,0,0,1,0,0
28.826743,1,15429.60755,0,0,0,0,1
28.93954,1,15429.995857,0,0,0,0,1
468.748654,25,15435.503693,1,0,0,0,0
133.342409,10,15438.63972,0,0,1,0,0
28.93954,1,15439.054775,0,0,0,0,1
514.863656,25,15443.491418,0,0,1,0,0
568.957583,25,15448.006886,1,0,0,0,0
-154.41855,3,15452.292094,0,0,1,0,0
737.254102,13,15463.49097,0,0,0,0,1
546.464687,53,15481.392115,0,0,1,0,0
487.881733,1,15481.914452,0,0,1,0,0
148.339472,13,15485.508489,0,0,1,0,0
341.835292,16,15501.842477,0,0,1,0,0
562.349837,26,15513.279362,0,0,1,0,0
28.931002,1,15513.617585,0,0,0,0,1
348.897409,21,15516.542113,0,0,1,0,0
723.4976,31,15527.408748,0,0,1,0,0
-153.315244,3,15531.836564,0,0,1,0,0
62.867849,11,15534.851143,0,0,1,0,0
698.912072,32,15549.831524,0,0,1,0,0
492.497306,32,15555.481022,1,0,0,0,0
471.129458,1,15555.964578,0,0,1,0,0
37.909528,1,15556.273402,0,0,0,0,1
748.449126,24,15570.135113,0,0,1,0,0
471.129458,1,15570.48788,0,0,1,0,0
-140.999267,1,15573.555024,1,0,0,0,0
32.405533,10,15577.700947,0,0,1,0,0
28.93954,1,15578.100978,0,0,0,0,1
-213.506272,6,15580.544602,0,0,1,0,0
28.778864,1,15580.867723,0,0,0,0,1
471.129458,1,15581.3403,0,0,1,0,0
963.76059,41,15599.478878,0,0,1,0,0
28.778864,1,15599.915532,0,0,0,0,1
28.800053,1,15600.289384,0,0,0,0,1
458.002911,27,15610.126165,0,0,1,0,0
28.968284,1,15610.45455,0,0,0,0,1
61.870986,2,15612.487226,0,0,1,0,0
1024.048989,51,15623.071892,1,0,0,0,0
375.267349,19,15637.226421,0,0,1,0,0
-9.116953,8,15638.348207,0,0,1,0,0
371.054937,20,15642.060112,0,0,1,0,0
351.79231,18,15649.285082,0,0,1,0,0
41.877765,2,15649.808656,0,0,1,0,0
28.93954,1,15650.164087,0,0,0,0,1
28.909529,1,15650.521276,0,0,0,0,1
478.881733,1,15650.945555,0,0,1,0,0
457.480291,21,15656.612767,0,0,1,0,0
28.800053,1,15656.999502,0,0,0,0,1
28.93954,1,15657.360968,0,0,0,0,1
570.05863,28,15661.523205,0,0,1,0,0
1329.438154,51,15686.232317,0,0,1,0,0
1077.939379,45,15702.003156,0,0,1,0,0
28.800053,1,15702.416759,0,0,0,0,1
37.800053,1,15702.807559,0,0,0,0,1
37.991637,1,15703.288479,0,0,0,0,1
37.997289,1,15703.627141,0,0,0,0,1
28.859287,1,15704.027218,1,0,0,0,0
28.931002,1,15704.452969,0,0,0,0,1
-123.403761,7,15707.069414,0,0,1,0,0
471.129458,1,15707.439669,0,0,1,0,0
28.800053,1,15707.729401,0,0,0,0,1
37.826742,1,15713.987149,0,0,0,0,1
478.846564,1,15714.392706,0,0,1,0,0
378.614104,27,15719.09069,0,0,1,0,0
328.116516,17,15724.184087,0,0,1,0,0
-149.216666,6,15728.058687,0,0,1,0,0
37.82862,1,15728.367129,0,0,0,0,1
28.99729,1,15728.762029,0,0,0,0,1
327.992892,17,15735.994974,0,0,1,0,0
23.611898,1,15736.375276,0,0,1,0,0
-147.219687,6,15740.087059,0,0,1,0,0
28.968284,1,15740.42929,0,0,0,0,1
487.881734,1,15740.981668,0,0,1,0,0
26.146471,9,15741.905362,0,0,1,0,0
252.664945,17,15744.936148,0,0,1,0,0
37.828619,1,15745.283248,0,0,0,0,1
896.08656,47,15753.66134,0,0,1,0,0
28.93954,1,15753.973189,0,0,0,0,1
28.778864,1,15754.358814,0,0,0,0,1
623.607423,14,15757.552948,0,0,0,0,1
417.928402,30,15762.213402,0,0,1,0,0
618.751348,27,15773.530511,0,0,1,0,0
-133.550746,4,15776.986795,0,0,1,0,0
28.800053,1,15777.315137,0,0,0,0,1
28.931002,1,15777.735645,0,0,0,0,1
1090.178882,48,15804.51667,0,0,1,0,0
-58.581828,4,15805.416689,0,0,1,0,0
454.905039,22,15812.502431,1,0,0,0,0
-35.847888,4,15813.630095,0,0,1,0,0
28.826743,1,15813.93707,0,0,0,0,1
-11.77063,8,15817.090573,0,0,1,0,0
-123.267542,3,15820.519223,0,0,1,0,0
37.997289,1,15820.822257,0,0,0,0,1
205.73264,14,15829.929261,0,0,1,0,0
594.002915,27,15838.865452,1,0,0,0,0
662.532506,31,15844.852395,0,0,1,0,0
28.778864,1,15845.280901,0,0,0,0,1
67.781725,11,15848.972405,0,0,1,0,0
37.778863,1,15849.345763,0,0,0,0,1
37.991637,1,15849.776882,0,0,0,0,1
664.95648,28,15861.213419,0,0,1,0,0
226.54746,13,15863.725338,1,0,0,0,0
28.99729,1,15864.090179,0,0,0,0,1
478.90969,1,15864.551376,0,0,1,0,0
28.800053,1,15864.913737,0,0,0,0,1
28.93954,1,15865.296013,0,0,0,0,1
28.826743,1,15865.702586,0,0,0,0,1
28.82862,1,15866.068973,0,0,0,0,1
478.90969,1,15866.467943,0,0,1,0,0
262.036288,20,15885.356875,0,0,1,0,0
-133.257665,4,15889.017547,0,0,1,0,0
61.86953,2,15890.986757,0,0,1,0,0
37.931002,1,15891.316056,0,0,0,0,1
545.085622,34,15902.41813,0,0,1,0,0
28.826743,1,15902.806291,0,0,0,0,1
28.826743,1,15903.137761,0,0,0,0,1
28.947109,1,15903.544607,0,0,0,0,1
278.90182,19,15906.948991,0,0,1,0,0
22.623463,9,15907.999398,0,0,1,0,0
-122.00958,7,15910.55874,0,0,1,0,0
95.548245,12,15919.601982,0,0,1,0,0
-108.16604,2,15920.093117,1,0,0,0,0
471.129458,1,15920.611767,0,0,1,0,0
158.268609,10,15923.982949,0,0,1,0,0
28.778864,1,15924.285114,0,0,0,0,1
28.99729,1,15924.683676,0,0,0,0,1
28.99729,1,15925.056397,0,0,0,0,1
478.773494,1,15925.571885,0,0,1,0,0
696.203492,41,15935.14011,0,0,1,0,0
478.846564,1,15935.574362,0,0,1,0,0
28.80893,1,15935.910289,0,0,0,0,1
532.640749,28,15942.253364,0,0,1,0,0
621.147842,24,15958.158455,0,0,1,0,0
92.819655,12,15961.381511,0,0,1,0,0
28.778864,1,15961.802114,0,0,0,0,1
615.989886,29,15969.719406,0,0,1,0,0
1488.149075,58,15996.923371,0,0,1,0,0
348.701274,20,16006.916457,0,0,1,0,0
28.99729,1,16007.284347,0,0,0,0,1
-154.471801,3,16011.772623,0,0,1,0,0
-129.312562,4,16014.984166,0,0,1,0,0
632.724891,10,16027.987855,0,0,0,0,1
518.464963,31,16033.544356,0,0,1,0,0
30.820035,10,16037.92612,0,0,1,0,0
28.877523,1,16038.403479,0,0,0,0,1
595.850765,36,16044.776361,0,0,1,0,0
478.881733,1,16045.120804,0,0,1,0,0
447.312751,18,16048.970066,0,0,1,0,0
28.991637,1,16049.353692,0,0,0,0,1
-154.561185,6,16053.100919,0,0,1,0,0
-67.568279,4,16054.016832,0,0,1,0,0
-123.203909,7,16056.681068,0,0,1,0,0
-132.182763,4,16060.090045,0,0,1,0,0
28.931002,1,16060.491982,0,0,0,0,1
480.129458,1,16060.895676,0,0,1,0,0
632.055004,10,16073.132325,0,0,0,0,1
28.93954,1,16073.49551,0,0,0,0,1
28.859289,1,16073.874798,1,0,0,0,0
450.870687,23,16080.124368,0,0,1,0,0
28.778864,1,16080.51936,0,0,0,0,1
-122.103929,6,16082.002286,0,0,1,0,0
162.228956,15,16085.030645,0,0,1,0,0
-127.487951,3,16086.300368,1,0,0,0,0
606.697154,28,16116.555267,0,0,1,0,0
291.245777,15,16119.504202,1,0,0,0,0
28.920203,1,16119.960301,0,0,0,0,1
36.596054,10,16124.155208,0,0,1,0,0
-17.787389,6,16125.93224,0,0,1,0,0
28.980278,1,16126.403512,0,0,0,0,1
528.07613,25,16139.12268,1,0,0,0,0
496.382485,26,16144.630442,0,0,1,0,0
28.931002,1,16144.944738,0,0,0,0,1
28.778864,1,16145.327096,0,0,0,0,1
478.90969,1,16145.765799,0,0,1,0,0
28.93954,1,16146.119115,0,0,0,0,1
972.787713,41,16159.725528,0,0,1,0,0
1164.569567,57,16196.632689,0,0,1,0,0
28.778864,1,16197.006297,0,0,0,0,1
23.611898,1,16197.431869,0,0,1,0,0
28.800053,1,16197.749851,0,0,0,0,1
471.129458,1,16198.219721,0,0,1,0,0
791.208375,33,16205.203518,1,0,0,0,0
28.931002,1,16205.558925,0,0,0,0,1
37.939541,1,16205.905343,0,0,0,0,1
37.826743,1,16206.269295,0,0,0,0,1
633.316375,10,16218.368323,0,0,0,0,1
-151.800564,7,16222.577613,0,0,1,0,0
28.800053,1,16222.858035,0,0,0,0,1
478.881733,1,16223.302394,0,0,1,0,0
306.560747,15,16233.796671,0,0,1,0,0
289.603972,14,16240.567419,0,0,1,0,0
522.180246,27,16245.934666,0,0,1,0,0
780.172267,36,16262.765426,0,0,1,0,0
235.511183,15,16265.968577,0,0,1,0,0
478.773494,1,16266.471094,0,0,1,0,0
-121.432361,7,16269.175149,0,0,1,0,0
28.800053,1,16269.471795,0,0,0,0,1
-151.800564,7,16273.647375,0,0,1,0,0
28.800053,1,16273.939723,0,0,0,0,1
28.93954,1,16274.301134,0,0,0,0,1
28.826743,1,16274.721842,0,0,0,0,1
28.859287,1,16275.086087,1,0,0,0,0
1600.241769,60,16333.096876,0,0,1,0,0
28.93954,1,16333.452192,0,0,0,0,1
478.846564,1,16333.82868,0,0,1,0,0
1139.58318,57,16346.117954,0,0,1,0,0
226.245455,16,16349.609569,0,0,1,0,0
958.969158,53,16364.304874,0,0,1,0,0
66.617568,13,16366.619208,0,0,1,0,0
669.649085,29,16372.177348,1,0,0,0,0
-119.144345,6,16373.60989,0,0,1,0,0
28.93954,1,16373.917938,0,0,0,0,1
28.800053,1,16374.288309,0,0,0,0,1
478.881733,1,16374.677174,0,0,1,0,0
28.778864,1,16375.002682,0,0,0,0,1
-124.390389,5,16378.020409,0,0,1,0,0
37.931002,1,16378.308595,0,0,0,0,1
-151.800564,7,16382.55916,0,0,1,0,0
600.565436,28,16390.736564,0,0,1,0,0
37.82862,1,16391.22353,0,0,0,0,1
478.90969,1,16391.64843,0,0,1,0,0
37.826742,1,16392.001435,0,0,0,0,1
-140.990934,5,16394.84526,1,0,0,0,0
487.881733,1,16395.208113,0,0,1,0,0
654.756454,35,16416.656158,0,0,1,0,0
12.599009,9,16417.821366,0,0,1,0,0
500.999327,23,16421.972209,0,0,1,0,0
28.991637,1,16422.393349,0,0,0,0,1
37.800053,1,16422.727419,0,0,0,0,1
34.957295,2,16423.315386,0,0,1,0,0
37.800053,1,16423.615597,0,0,0,0,1
-126.996194,3,16425.022626,1,0,0,0,0
37.93954,1,16425.322138,0,0,0,0,1
28.800053,1,16425.667755,0,0,0,0,1
28.800053,1,16426.008754,0,0,0,0,1
-198.663258,8,16426.934378,0,0,1,0,0
28.99729,1,16427.266834,0,0,0,0,1
37.939541,1,16427.711322,0,0,0,0,1
37.778864,1,16428.120965,0,0,0,0,1
28.826743,1,16428.510779,0,0,0,0,1
471.129458,1,16428.968757,0,0,1,0,0
-195.655238,8,16429.81786,0,0,1,0,0
28.93954,1,16430.112036,0,0,0,0,1
28.947109,1,16430.578913,0,0,0,0,1
652.565268,24,16447.291008,0,0,1,0,0
-153.529286,3,16451.583357,0,0,1,0,0
639.12347,10,16453.709623,0,0,0,0,1
37.93954,1,16454.037043,0,0,0,0,1
28.82862,1,16454.418584,0,0,0,0,1
-126.999021,3,16456.780968,0,0,1,0,0
37.931002,1,16457.097052,0,0,0,0,1
99.589485,8,16468.859512,0,0,1,0,0
23.611898,1,16469.240455,0,0,1,0,0
37.808929,1,16469.561025,0,0,0,0,1
28.931002,1,16469.933808,0,0,0,0,1
39.139136,10,16477.567272,0,0,1,0,0
290.952114,15,16491.45226,0,0,1,0,0
-59.68008,7,16496.405593,0,0,1,0,0
480.129458,1,16496.855386,0,0,1,0,0
850.619934,31,16509.835741,0,0,1,0,0
175.176298,15,16513.455994,0,0,1,0,0
-127.029009,3,16514.879378,1,0,0,0,0
471.129458,1,16515.277344,0,0,1,0,0
410.855632,19,16519.130588,0,0,1,0,0
596.561014,27,16529.451717,0,0,1,0,0
-124.993538,5,16532.154003,0,0,1,0,0
430.570967,29,16537.019442,0,0,1,0,0
190.543634,12,16543.174948,0,0,1,0,0
-108.16604,2,16543.553906,1,0,0,0,0
495.588278,24,16553.230975,0,0,1,0,0
28.931002,1,16553.550894,0,0,0,0,1
426.596467,23,16558.853588,0,0,1,0,0
721.638177,28,16570.073765,0,0,1,0,0
1025.590963,53,16684.817001,1,0,0,0,0
606.602294,32,16690.588196,0,0,1,0,0
177.90083,10,16703.928945,0,0,1,0,0
471.129458,1,16704.433904,0,0,1,0,0
62.689382,11,16707.665109,0,0,1,0,0
547.508219,27,16713.328558,0,0,1,0,0
622.312379,10,16715.701542,0,0,0,0,1
478.846564,1,16716.062953,0,0,1,0,0
311.199773,16,16726.664236,0,0,1,0,0
351.418799,18,16730.737016,0,0,1,0,0
28.931002,1,16731.125375,0,0,0,0,1
28.800053,1,16731.467215,0,0,0,0,1
28.859287,1,16731.844057,1,0,0,0,0
37.931001,1,16738.692068,0,0,0,0,1
28.859287,1,16739.023139,1,0,0,0,0
28.931002,1,16739.390037,0,0,0,0,1
224.555126,13,16743.549169,0,0,1,0,0
549.618805,27,16749.236089,0,0,1,0,0
-72.385776,7,16754.310636,0,0,1,0,0
-153.527846,3,16758.839003,0,0,1,0,0
145.248357,16,16761.545865,0,0,1,0,0
37.826743,1,16761.9557,0,0,0,0,1
-141.194246,5,16764.851892,1,0,0,0,0
701.171465,36,16771.537832,0,0,1,0,0
696.3105,41,16782.009036,0,0,1,0,0
459.675605,22,16786.315737,0,0,1,0,0
626.705505,25,16791.246654,0,0,1,0,0
37.800053,1,16791.617007,0,0,0,0,1
28.863408,1,16791.959336,0,0,0,0,1
487.881733,1,16792.368792,0,0,1,0,0
36.01494,10,16796.589449,0,0,1,0,0
28.99729,1,16796.877866,0,0,0,0,1
1386.621762,55,16809.825459,0,0,1,0,0
1010.36084,49,16827.055541,0,0,1,0,0
37.778864,1,16827.419833,0,0,0,0,1
28.99729,1,16827.78845,0,0,0,0,1
1068.394698,47,16853.000663,0,0,1,0,0
-10.674668,8,16855.952289,0,0,1,0,0
17.077024,1,16858.07459,0,0,1,0,0
487.888918,1,16858.386391,0,0,1,0,0
28.931002,1,16858.780053,0,0,0,0,1
478.881733,1,16859.225981,0,0,1,0,0
616.622171,36,16865.384207,1,0,0,0,0
-228.584965,12,16867.35596,0,0,1,0,0
17.261467,1,16867.94627,0,0,1,0,0
28.93954,1,16868.383557,0,0,0,0,1
34.839812,2,16869.013108,0,0,1,0,0
-15.679091,6,16870.795859,0,0,1,0,0
28.920203,1,16871.275047,0,0,0,0,1
-200.24668,5,16872.181568,0,0,1,0,0
28.99729,1,16872.517394,0,0,0,0,1
28.93954,1,16872.91852,0,0,0,0,1
477.883837,25,16879.89251,0,0,1,0,0
-33.071445,7,16881.584093,0,0,1,0,0
28.800053,1,16881.972024,0,0,0,0,1
633.033306,10,16893.915386,0,0,0,0,1
612.792279,10,16896.095099,0,0,0,0,1
28.931002,1,16896.475568,0,0,0,0,1
28.778864,1,16896.874358,0,0,0,0,1
37.863408,1,16897.268479,0,0,0,0,1
463.850776,24,16902.160395,1,0,0,0,0
28.778864,1,16902.485985,0,0,0,0,1
298.552731,16,16912.010122,0,0,1,0,0
13.067965,9,16913.143054,0,0,1,0,0
478.881733,1,16913.5685,0,0,1,0,0
-190.158714,5,16915.871838,0,0,1,0,0
28.93954,1,16916.172963,0,0,0,0,1
609.330597,27,16946.191912,1,0,0,0,0
28.931002,1,16946.545825,0,0,0,0,1
309.394343,15,16954.899086,0,0,1,0,0
1368.539876,63,16968.751547,0,0,1,0,0
802.357651,36,16984.696036,0,0,1,0,0
495.3491,26,16990.149609,0,0,1,0,0
478.881733,1,16990.553691,0,0,1,0,0
-14.327946,6,16992.354384,0,0,1,0,0
197.781151,12,16996.212185,0,0,1,0,0
28.778864,1,16996.667496,0,0,0,0,1
28.863408,1,16997.045637,0,0,0,0,1
37.800053,1,16997.437536,0,0,0,0,1
37.93954,1,16997.834189,0,0,0,0,1
-141.250089,5,17000.564767,1,0,0,0,0
478.011134,23,17005.04176,0,0,1,0,0
28.800053,1,17005.329254,0,0,0,0,1
28.931002,1,17005.708883,0,0,0,0,1
28.826743,1,17006.067017,0,0,0,0,1
111.32698,13,17008.668948,0,0,1,0,0
28.826743,1,17009.028003,0,0,0,0,1
34.426311,2,17009.614577,0,0,1,0,0
28.93954,1,17009.984531,0,0,0,0,1
37.778865,1,17010.434705,0,0,0,0,1
34.989412,1,17010.874856,0,0,1,0,0
28.82862,1,17017.554707,0,0,0,0,1
632.765943,10,17029.980946,0,0,0,0,1
61.868121,2,17031.936617,0,0,1,0,0
28.977188,1,17032.335916,0,0,0,0,1
28.99729,1,17032.680573,0,0,0,0,1
28.82862,1,17033.095383,0,0,0,0,1
961.847845,43,17050.15791,0,0,1,0,0
-135.784583,5,17052.15022,0,0,1,0,0
37.931003,1,17052.456879,0,0,0,0,1
28.859287,1,17052.833308,1,0,0,0,0
430.460836,23,17071.209118,0,0,1,0,0
487.888919,1,17071.52032,0,0,1,0,0
28.99729,1,17071.939248,0,0,0,0,1
487.888919,1,17072.30381,0,0,1,0,0
-119.526999,7,17075.074986,0,0,1,0,0
544.515465,27,17080.529664,0,0,1,0,0
521.043474,23,17089.963797,0,0,1,0,0
-42.626016,7,17091.731443,0,0,1,0,0
-129.132371,4,17095.141752,0,0,1,0,0
37.99729,1,17095.451376,0,0,0,0,1
28.859287,1,17095.887499,1,0,0,0,0
127.041365,8,17103.037255,0,0,1,0,0
37.800054,1,17103.351783,0,0,0,0,1
28.82862,1,17103.691962,0,0,0,0,1
28.974429,1,17104.168737,0,0,0,0,1
892.338643,41,17122.801331,0,0,1,0,0
28.99729,1,17123.176692,0,0,0,0,1
1301.376066,56,17153.847563,0,0,1,0,0
-33.03588,7,17155.491802,0,0,1,0,0
644.324547,38,17167.951555,0,0,1,0,0
-208.825167,5,17170.356931,0,0,1,0,0
37.931001,1,17170.657818,0,0,0,0,1
478.888918,1,17171.012668,0,0,1,0,0
640.930625,35,17185.074215,0,0,1,0,0
487.881736,1,17185.515568,0,0,1,0,0
-140.999267,1,17188.524138,1,0,0,0,0
28.826743,1,17188.870557,0,0,0,0,1
28.977188,1,17189.291404,0,0,0,0,1
28.968284,1,17189.602903,0,0,0,0,1
478.846564,1,17190.01106,0,0,1,0,0
238.646738,12,17200.381181,0,0,1,0,0
342.440393,24,17204.965967,0,0,1,0,0
437.535916,20,17211.542207,0,0,1,0,0
485.552687,23,17218.702214,1,0,0,0,0
-157.170553,4,17222.89585,0,0,1,0,0
37.800054,1,17223.190591,0,0,0,0,1
28.778864,1,17223.577287,0,0,0,0,1
37.863407,1,17223.947958,0,0,0,0,1
478.846564,1,17224.319127,0,0,1,0,0
17.297812,12,17226.431323,0,0,1,0,0
506.404126,23,17233.149667,0,0,1,0,0
483.734119,24,17237.482667,0,0,1,0,0
28.800053,1,17237.816017,0,0,0,0,1
545.177174,24,17251.020279,0,0,1,0,0
28.93954,1,17251.443909,0,0,0,0,1
28.778864,1,17251.869507,0,0,0,0,1
478.846564,1,17252.244533,0,0,1,0,0
929.271504,39,17274.983339,0,0,1,0,0
478.888918,1,17275.339794,0,0,1,0,0
37.863409,1,17275.718263,0,0,0,0,1
28.99729,1,17276.113703,0,0,0,0,1
28.82862,1,17276.497994,0,0,0,0,1
20.928598,1,17277.024668,0,0,1,0,0
349.510388,15,17292.05802,0,0,1,0,0
37.800052,1,17292.426955,0,0,0,0,1
478.846564,1,17292.811589,0,0,1,0,0
28.99729,1,17293.155729,0,0,0,0,1
99.118919,9,17295.146096,0,0,1,0,0
28.778864,1,17295.502831,0,0,0,0,1
908.59629,66,17311.754567,0,0,1,0,0
28.931002,1,17312.121893,0,0,0,0,1
28.920203,1,17312.555463,0,0,0,0,1
37.800053,1,17312.885046,0,0,0,0,1
214.978379,16,17316.241566,0,0,1,0,0
478.852829,1,17316.47832,0,0,1,0,0
28.876915,1,17316.893629,0,0,0,0,1
286.459218,14,17319.969688,0,0,1,0,0
-199.603445,5,17320.647461,0,0,1,0,0
28.93954,1,17320.910141,0,0,0,0,1
680.893197,35,17335.014918,0,0,1,0,0
28.82862,1,17335.443409,0,0,0,0,1
28.93954,1,17335.841356,0,0,0,0,1
474.898061,26,17347.16584,0,0,1,0,0
478.90969,1,17347.596698,0,0,1,0,0
28.968284,1,17347.951189,0,0,0,0,1
28.859287,1,17348.379761,1,0,0,0,0
474.649903,20,17357.044109,0,0,1,0,0
37.939541,1,17357.320131,0,0,0,0,1
-123.899118,5,17360.266765,0,0,1,0,0
28.800053,1,17360.576364,0,0,0,0,1
-205.375806,5,17363.09246,0,0,1,0,0
535.394738,30,17368.691347,0,0,1,0,0
471.129458,1,17369.13513,0,0,1,0,0
-155.028497,6,17372.915338,0,0,1,0,0
28.82862,1,17373.231877,0,0,0,0,1
28.778864,1,17373.628068,0,0,0,0,1
262.491474,18,17377.045899,0,0,1,0,0
861.849874,46,17386.146696,1,0,0,0,0
-14.254546,8,17389.135549,0,0,1,0,0
156.070009,14,17392.992573,0,0,1,0,0
209.92946,16,17395.944478,0,0,1,0,0
480.129458,1,17396.342682,0,0,1,0,0
36.475244,10,17400.408183,0,0,1,0,0
28.979097,1,17400.889667,0,0,0,0,1
943.924928,52,17417.771019,1,0,0,0,0
28.863408,1,17418.108353,0,0,0,0,1
857.826096,40,17430.657376,1,0,0,0,0
478.881733,1,17431.151811,0,0,1,0,0
37.800053,1,17431.463315,0,0,0,0,1
17.077024,1,17433.405432,0,0,1,0,0
1063.108335,46,17456.734773,1,0,0,0,0
1376.185309,59,17472.250534,0,0,1,0,0
478.90969,1,17472.715036,0,0,1,0,0
57.892966,13,17475.056894,0,0,1,0,0
28.82862,1,17475.451156,0,0,0,0,1
174.64183,10,17490.730572,0,0,1,0,0
28.99729,1,17491.095532,0,0,0,0,1
545.061753,26,17495.809325,0,0,1,0,0
151.682967,9,17501.517913,0,0,1,0,0
28.99729,1,17501.909366,0,0,0,0,1
28.93954,1,17502.348659,0,0,0,0,1
-129.312562,4,17505.691046,0,0,1,0,0
28.800053,1,17505.978573,0,0,0,0,1
-72.605644,7,17510.965051,0,0,1,0,0
284.590919,15,17520.963779,0,0,1,0,0
28.931002,1,17521.301569,0,0,0,0,1
28.82862,1,17521.67425,0,0,0,0,1
-117.176443,5,17524.5481,0,0,1,0,0
478.90969,1,17524.929679,0,0,1,0,0
23.611898,1,17525.361747,0,0,1,0,0
766.599035,37,17532.082928,1,0,0,0,0
13.559703,13,17534.404203,0,0,1,0,0
1043.226774,44,17547.392549,0,0,1,0,0
-134.590729,4,17550.959941,0,0,1,0,0
28.80893,1,17551.285942,0,0,0,0,1
217.249592,13,17553.750265,1,0,0,0,0
430.927041,19,17560.210019,0,0,1,0,0
699.343008,41,17566.13414,0,0,1,0,0
78.018171,10,17568.85726,0,0,1,0,0
37.826743,1,17569.203033,0,0,0,0,1
28.99729,1,17569.525179,0,0,0,0,1
166.597488,14,17578.39408,0,0,1,0,0
487.888918,1,17578.75295,0,0,1,0,0
669.311199,30,17584.408005,1,0,0,0,0
629.721844,31,17590.901182,0,0,1,0,0
152.291717,17,17594.072205,0,0,1,0,0
397.348377,17,17610.397088,0,0,1,0,0
229.821567,14,17612.965043,0,0,1,0,0
37.828621,1,17613.253875,0,0,0,0,1
28.979759,1,17613.728719,0,0,0,0,1
28.99729,1,17614.047239,0,0,0,0,1
620.501142,32,17626.516066,0,0,1,0,0
28.82862,1,17626.889893,0,0,0,0,1
254.878094,14,17631.050594,0,0,1,0,0
-126.996194,3,17632.432076,1,0,0,0,0
28.859287,1,17632.727863,1,0,0,0,0
929.845575,39,17647.268274,0,0,1,0,0
28.863408,1,17647.617449,0,0,0,0,1
28.800053,1,17648.006884,0,0,0,0,1
927.112874,35,17662.217277,0,0,1,0,0
28.99729,1,17662.588142,0,0,0,0,1
202.504872,15,17671.327734,1,0,0,0,0
-198.663258,8,17672.255502,0,0,1,0,0
480.129458,1,17672.662461,0,0,1,0,0
28.93954,1,17672.97136,0,0,0,0,1
-42.18719,7,17674.581801,0,0,1,0,0
553.298535,25,17678.388887,0,0,1,0,0
-199.603445,5,17679.17988,0,0,1,0,0
478.881733,1,17679.588509,0,0,1,0,0
28.826743,1,17679.980419,0,0,0,0,1
334.323642,14,17691.394522,0,0,1,0,0
949.789054,37,17707.533511,1,0,0,0,0
436.592617,22,17711.933782,0,0,1,0,0
37.99729,1,17712.292589,0,0,0,0,1
-189.294291,9,17713.609173,0,0,1,0,0
37.826743,1,17713.889424,0,0,0,0,1
52.896753,2,17715.776581,0,0,1,0,0
1118.197405,44,17725.395289,0,0,1,0,0
589.713457,28,17738.210222,0,0,1,0,0
28.99729,1,17738.512945,0,0,0,0,1
37.863408,1,17738.89424,0,0,0,0,1
480.129458,1,17739.385871,0,0,1,0,0
28.800053,1,17739.698652,0,0,0,0,1
28.800053,1,17740.065796,0,0,0,0,1
433.232814,18,17757.789073,0,0,1,0,0
713.977029,32,17766.961597,0,0,1,0,0
478.881733,1,17767.515571,0,0,1,0,0
37.99729,1,17767.854661,0,0,0,0,1
222.485415,12,17772.226229,0,0,1,0,0
28.863408,1,17772.693298,0,0,0,0,1
-67.558851,4,17773.738326,0,0,1,0,0
311.691032,18,58.858549,0,0,1,0,0
-1671.199947,1,59.837628,0,0,0,0,1
991.269946,33,165.90385,0,0,1,0,0
-1671.00271,1,166.936426,0,0,0,0,1
-1671.199947,1,167.441644,0,0,0,0,1
-1671.00271,1,172.107804,0,0,0,0,1
149.250025,9,183.069747,0,0,1,0,0
1328.881733,1,183.684613,0,0,1,0,0
226.911883,16,187.864523,0,0,1,0,0
-1671.140713,1,218.499862,1,0,0,0,0
644.15784,37,226.794337,0,0,1,0,0
-1671.031716,1,227.859873,0,0,0,0,1
-1671.06046,1,228.709959,0,0,0,0,1
-1671.068998,1,229.789867,0,0,0,0,1
-141.037192,1,235.177449,1,0,0,0,0
500.903222,29,242.601919,0,0,1,0,0
217.071437,11,255.221458,0,0,1,0,0
325.887259,18,269.199286,0,0,1,0,0
-223.793572,12,271.810152,0,0,1,0,0
1277.552887,51,288.762184,0,0,1,0,0
633.767036,10,302.309351,0,0,0,0,1
450.173026,24,307.545813,0,0,1,0,0
-1671.06046,1,308.008111,0,0,0,0,1
290.145275,13,320.404664,0,0,1,0,0
-1671.221136,1,321.470359,0,0,0,0,1
-1671.199947,1,321.980144,0,0,0,0,1
-1671.068998,1,322.589851,0,0,0,0,1
-153.527846,3,327.998739,0,0,1,0,0
-1662.221136,1,328.606721,0,0,0,0,1
164.615891,11,332.979744,0,0,1,0,0
-192.819137,9,335.023095,0,0,1,0,0
-1662.173257,1,335.649969,0,0,0,0,1
-25.838456,7,337.910735,0,0,1,0,0
830.575472,36,363.899785,0,0,1,0,0
-1662.173257,1,364.600415,0,0,0,0,1
564.291114,25,374.917175,0,0,1,0,0
455.171703,21,382.963415,0,0,1,0,0
-1671.022812,1,383.727389,0,0,0,0,1
-1671.173257,1,384.361502,0,0,0,0,1
23.455319,9,385.590008,0,0,1,0,0
619.419135,40,412.569351,0,0,1,0,0
716.478426,32,435.395385,0,0,1,0,0
239.378069,17,439.483534,0,0,1,0,0
1753.246089,79,466.688674,0,0,1,0,0
1328.90969,1,467.320461,0,0,1,0,0
-151.800564,7,472.513374,0,0,1,0,0
336.765443,15,484.964674,0,0,1,0,0
-136.643161,5,487.668497,0,0,1,0,0
-1671.168877,1,488.177929,0,0,0,0,1
-1671.06046,1,488.827016,0,0,0,0,1
-199.109468,8,490.501794,0,0,1,0,0
190.332695,15,499.26535,0,0,1,0,0
-1671.173257,1,499.877423,0,0,0,0,1
1328.852829,1,500.357563,0,0,1,0,0
-140.999267,1,503.860039,1,0,0,0,0
259.81695,15,520.493078,0,0,1,0,0
-1671.199947,1,520.990276,0,0,0,0,1
-1671.136592,1,521.536984,0,0,0,0,1
-1662.199947,1,522.163931,0,0,0,0,1
750.00086,34,529.623765,1,0,0,0,0
364.339729,18,533.911756,0,0,1,0,0
1321.129458,1,534.731735,0,0,1,0,0
794.465077,35,555.466794,0,0,1,0,0
-1671.136592,1,555.822016,0,0,0,0,1
341.376069,16,568.435928,0,0,1,0,0
-1671.199947,1,568.759006,0,0,0,0,1
629.563802,27,574.746383,1,0,0,0,0
-1671.199947,1,575.281552,0,0,0,0,1
-1671.221136,1,575.930718,0,0,0,0,1
24.453945,9,576.997608,0,0,1,0,0
-140.999267,1,585.020807,1,0,0,0,0
-158.034737,4,590.524614,0,0,1,0,0
69.962396,11,594.629471,0,0,1,0,0
-1671.173257,1,595.200005,0,0,0,0,1
1.790147,9,599.271456,0,0,1,0,0
-1671.06046,1,599.950346,0,0,0,0,1
-126.979037,3,603.06123,0,0,1,0,0
1328.90969,1,603.461762,0,0,1,0,0
-1671.068998,1,604.16579,0,0,0,0,1
415.766095,29,611.269884,0,0,1,0,0
593.49874,32,617.980472,0,0,1,0,0
-152.408916,6,622.562979,0,0,1,0,0
876.996074,39,641.397764,0,0,1,0,0
-1662.068998,1,642.098256,0,0,0,0,1
714.161654,31,653.356196,0,0,1,0,0
-194.642613,9,654.852933,0,0,1,0,0
-14.198033,8,658.631794,0,0,1,0,0
-1671.00271,1,659.271324,0,0,0,0,1
796.920937,38,667.192997,0,0,1,0,0
-1671.173257,1,667.574535,0,0,0,0,1
600.296444,32,680.905607,0,0,1,0,0
-1671.199947,1,681.348855,0,0,0,0,1
340.598387,19,687.146429,0,0,1,0,0
-1662.19107,1,687.847814,0,0,0,0,1
408.159719,22,693.437155,0,0,1,0,0
100.606631,12,697.085765,0,0,1,0,0
1321.129458,1,697.837836,0,0,1,0,0
-1671.00271,1,698.17369,0,0,0,0,1
110.247722,13,701.16335,0,0,1,0,0
1321.129458,1,701.608515,0,0,1,0,0
-1671.068998,1,702.09866,0,0,0,0,1
201.232177,12,706.047919,0,0,1,0,0
765.912342,37,712.984381,0,0,1,0,0
613.205484,35,725.73307,0,0,1,0,0
352.523085,22,729.58298,0,0,1,0,0
632.456861,29,735.433358,0,0,1,0,0
-1671.140713,1,736.251036,1,0,0,0,0
-1671.221136,1,736.932507,0,0,0,0,1
-1671.068998,1,737.428579,0,0,0,0,1
847.443185,41,755.470196,0,0,1,0,0
389.938967,20,761.44516,0,0,1,0,0
-1671.00271,1,762.107792,0,0,0,0,1
811.500695,44,783.635234,0,0,1,0,0
286.687754,16,800.712416,0,0,1,0,0
131.459434,14,803.320074,0,0,1,0,0
563.409983,26,816.070261,0,0,1,0,0
-16.398171,6,818.425868,0,0,1,0,0
-1671.068998,1,818.96759,0,0,0,0,1
257.029081,18,822.46073,0,0,1,0,0
516.679867,19,828.062433,0,0,1,0,0
-1671.199947,1,828.400862,0,0,0,0,1
1328.846564,1,828.903878,0,0,1,0,0
-1671.068998,1,829.222856,0,0,0,0,1
-1671.122891,1,829.915749,0,0,0,0,1
189.942478,16,847.814087,0,0,1,0,0
576.075145,37,854.017081,0,0,1,0,0
-1662.173258,1,854.349235,0,0,0,0,1
868.626161,36,866.582306,0,0,1,0,0
-1671.068998,1,866.897583,0,0,0,0,1
-10.932562,8,868.364532,0,0,1,0,0
410.601108,27,880.073671,0,0,1,0,0
219.754261,13,883.912897,0,0,1,0,0
699.491265,31,893.22509,0,0,1,0,0
30.951619,9,895.444014,0,0,1,0,0
1328.888918,1,896.052606,0,0,1,0,0
-126.999021,3,898.418395,0,0,1,0,0
-1671.06046,1,898.714384,0,0,0,0,1
856.315025,34,912.922245,0,0,1,0,0
-1671.199947,1,913.348113,0,0,0,0,1
-1671.199947,1,913.697182,0,0,0,0,1
1328.852829,1,913.974385,0,0,1,0,0
296.015021,15,924.560606,0,0,1,0,0
-192.030839,8,925.732455,0,0,1,0,0
-1662.199946,1,926.045748,0,0,0,0,1
842.444028,38,951.334509,0,0,1,0,0
-132.666977,4,955.059593,0,0,1,0,0
-1671.068998,1,955.587202,0,0,0,0,1
-1671.068998,1,956.157589,0,0,0,0,1
199.469292,11,961.084414,0,0,1,0,0
-1662.221136,1,961.637698,0,0,0,0,1
480.36245,22,968.311696,0,0,1,0,0
1328.90969,1,968.815921,0,0,1,0,0
1168.159034,45,987.576331,0,0,1,0,0
794.588531,32,995.6483,0,0,1,0,0
-157.71023,4,1000.202301,0,0,1,0,0
-1671.173257,1,1005.833798,0,0,0,0,1
1321.129458,1,1006.718707,0,0,1,0,0
-124.973649,5,1009.752706,0,0,1,0,0
1328.90969,1,1010.11072,0,0,1,0,0
228.874586,15,1013.248854,0,0,1,0,0
239.995312,14,1025.926423,0,0,1,0,0
-1671.068998,1,1026.207184,0,0,0,0,1
-108.164027,2,1027.033949,1,0,0,0,0
1299.227005,76,1046.372403,0,0,1,0,0
-1671.031716,1,1046.863822,0,0,0,0,1
-1671.140713,1,1047.627679,1,0,0,0,0
633.60648,10,1059.525637,0,0,0,0,1
-1671.068998,1,1059.859703,0,0,0,0,1
353.046762,19,1069.758955,0,0,1,0,0
911.891788,2,1072.257484,0,0,1,0,0
1337.881733,1,1072.614518,0,0,1,0,0
-1662.168877,1,1072.973338,0,0,0,0,1
-195.576122,9,1074.600322,0,0,1,0,0
844.666981,38,1090.85056,0,0,1,0,0
471.518285,19,1098.990849,0,0,1,0,0
-1671.06046,1,1099.486734,0,0,0,0,1
64.22921,11,1102.526776,0,0,1,0,0
-1671.068998,1,1103.084951,0,0,0,0,1
-1671.199947,1,1103.394447,0,0,0,0,1
1016.251938,43,1121.8823,0,0,1,0,0
166.597488,14,1124.40402,0,0,1,0,0
-1671.06046,1,1125.023085,0,0,0,0,1
-1671.00271,1,1125.533904,0,0,0,0,1
-1671.06046,1,1126.159336,0,0,0,0,1
-1671.199947,1,1126.676131,0,0,0,0,1
1337.881734,1,1127.232828,0,0,1,0,0
-206.07949,5,1129.947604,0,0,1,0,0
-1671.068998,1,1130.243645,0,0,0,0,1
-123.869034,3,1134.130616,0,0,1,0,0
678.78254,36,1141.416356,0,0,1,0,0
-1671.199947,1,1141.754532,0,0,0,0,1
244.551788,14,1145.169998,0,0,1,0,0
-152.713308,6,1148.662559,0,0,1,0,0
487.306443,23,1157.715953,0,0,1,0,0
264.064486,15,1164.779589,0,0,1,0,0
1328.90969,1,1165.307625,0,0,1,0,0
-1662.06046,1,1165.906438,0,0,0,0,1
-1662.068998,1,1166.305572,0,0,0,0,1
179.972719,20,1181.778159,0,0,1,0,0
-1671.221136,1,1182.258073,0,0,0,0,1
1328.881733,1,1182.654699,0,0,1,0,0
241.968647,14,1191.911663,0,0,1,0,0
1328.888918,1,1192.445997,0,0,1,0,0
-1671.17138,1,1193.062242,0,0,0,0,1
-1671.17138,1,1193.578127,0,0,0,0,1
1328.881733,1,1194.179789,0,0,1,0,0
184.07513,10,1210.786075,0,0,1,0,0
542.513803,26,1215.398565,0,0,1,0,0
-1671.140713,1,1216.064559,1,0,0,0,0
-151.800564,7,1220.146945,0,0,1,0,0
-1671.008363,1,1220.688327,0,0,0,0,1
-62.035117,7,1225.824936,0,0,1,0,0
894.013031,37,1264.700892,0,0,1,0,0
-1671.199947,1,1265.042452,0,0,0,0,1
900.880278,2,1265.828117,0,0,1,0,0
-1671.173257,1,1266.359976,0,0,0,0,1
-189.606436,9,1267.543069,0,0,1,0,0
-1671.00271,1,1267.926688,0,0,0,0,1
1328.90969,1,1268.323484,0,0,1,0,0
377.195036,22,1271.220941,0,0,1,0,0
106.032029,13,1273.78953,0,0,1,0,0
-1671.199947,1,1274.070797,0,0,0,0,1
428.58016,21,1282.155484,0,0,1,0,0
1328.90969,1,1282.554753,0,0,1,0,0
-1671.068998,1,1282.862416,0,0,0,0,1
605.996299,43,1290.009659,1,0,0,0,0
461.637732,19,1310.071168,0,0,1,0,0
-1671.068998,1,1310.375274,0,0,0,0,1
-1671.00271,1,1310.726981,0,0,0,0,1
241.123688,15,1658.226498,0,0,1,0,0
-231.997372,12,1659.976875,0,0,1,0,0
11.270644,9,1661.442713,0,0,1,0,0
-1662.173257,1,1661.744206,0,0,0,0,1
-1671.068998,1,1662.395578,0,0,0,0,1
-1671.079797,1,1663.052541,0,0,0,0,1
-126.999021,3,1665.369704,0,0,1,0,0
553.72667,30,1670.050355,1,0,0,0,0
-126.999021,3,1672.457234,0,0,1,0,0
-1671.06046,1,1672.721857,0,0,0,0,1
867.096392,1,1674.964521,0,0,1,0,0
-1671.199947,1,1675.397259,0,0,0,0,1
-1671.173257,1,1675.75081,0,0,0,0,1
501.167786,20,1697.85516,0,0,1,0,0
-1671.173257,1,1703.455577,0,0,0,0,1
128.841352,12,1706.464442,0,0,1,0,0
202.504872,15,1709.235945,1,0,0,0,0
-193.695831,9,1710.53087,0,0,1,0,0
205.162479,13,2056.084826,0,0,1,0,0
-1671.068998,1,2056.530664,0,0,0,0,1
715.216538,38,2064.819527,0,0,1,0,0
479.641548,26,2069.557388,0,0,1,0,0
1328.881733,1,2069.901386,0,0,1,0,0
-1671.06046,1,2070.209877,0,0,0,0,1
1321.129458,1,2070.697121,0,0,1,0,0
136.368642,14,2073.298667,0,0,1,0,0
-1662.06046,1,2073.905497,0,0,0,0,1
553.525092,29,2085.260551,0,0,1,0,0
-1662.068998,1,2085.666132,0,0,0,0,1
330.722133,33,2102.123493,0,0,1,0,0
761.85996,32,2108.773103,1,0,0,0,0
12.122329,9,2111.950228,0,0,1,0,0
-124.829267,7,2115.232793,0,0,1,0,0
-188.025653,5,2118.038237,0,0,1,0,0
-1671.17138,1,2118.52241,0,0,0,0,1
765.438732,31,2130.154741,1,0,0,0,0
-1671.00271,1,2130.550084,0,0,0,0,1
-1662.199948,1,2130.975064,0,0,0,0,1
542.994416,24,2135.613493,1,0,0,0,0
1306.699221,59,2153.168926,0,0,1,0,0
-1671.136592,1,2153.693419,0,0,0,0,1
-132.656162,4,2157.107482,0,0,1,0,0
972.872426,50,2178.204953,0,0,1,0,0
-1671.054266,1,2178.886785,0,0,0,0,1
-1671.068998,1,2179.210888,0,0,0,0,1
793.743093,34,2194.636238,0,0,1,0,0
-1662.008363,1,2195.069128,0,0,0,0,1
1321.129458,1,2195.44705,0,0,1,0,0
-1662.068998,1,2195.745986,0,0,0,0,1
884.637882,2,2196.463128,0,0,1,0,0
-1671.00271,1,2196.781345,0,0,0,0,1
1321.129458,1,2197.504405,0,0,1,0,0
-1662.06046,1,2198.076195,0,0,0,0,1
464.830074,21,2202.857826,0,0,1,0,0
911.774387,44,2210.733113,0,0,1,0,0
632.387979,28,2218.19302,1,0,0,0,0
891.877765,2,2218.901683,0,0,1,0,0
-1671.031716,1,2219.630785,0,0,0,0,1
147.528972,16,2227.943245,0,0,1,0,0
-1671.221136,1,2228.345238,0,0,0,0,1
-1671.221136,1,2228.707873,0,0,0,0,1
721.899986,29,2253.348859,0,0,1,0,0
1597.548134,70,2279.74756,0,0,1,0,0
44.896887,10,2281.560321,0,0,1,0,0
-124.779806,3,2284.886186,0,0,1,0,0
-1671.199947,1,2285.193805,0,0,0,0,1
-1671.199947,1,2285.543087,0,0,0,0,1
-1662.060459,1,2285.922889,0,0,0,0,1
902.896753,2,2288.055804,0,0,1,0,0
626.220592,33,2295.62021,0,0,1,0,0
-1671.00271,1,2296.156367,0,0,0,0,1
-1662.06046,1,2296.511914,0,0,0,0,1
822.383677,38,2313.936228,1,0,0,0,0
619.705547,32,2319.965331,0,0,1,0,0
283.910583,19,2323.698437,0,0,1,0,0
875.988192,1,2324.356539,0,0,1,0,0
-1671.06046,1,2324.929914,0,0,0,0,1
-1671.221136,1,2325.315781,0,0,0,0,1
-1662.00271,1,2325.689703,0,0,0,0,1
1321.129458,1,2326.317726,0,0,1,0,0
1309.804689,49,2342.530013,1,0,0,0,0
-1671.17138,1,2342.892264,0,0,0,0,1
87.534523,14,2345.145519,0,0,1,0,0
164.665025,14,2347.947571,0,0,1,0,0
565.334104,25,2357.96765,1,0,0,0,0
-140.999267,1,2361.110751,1,0,0,0,0
488.977652,22,2365.178967,1,0,0,0,0
-1671.140713,1,2365.523246,1,0,0,0,0
1270.257851,55,2378.194272,0,0,1,0,0
814.198231,37,2385.248334,0,0,1,0,0
-1671.068998,1,2385.597738,0,0,0,0,1
-1671.136592,1,2386.177258,0,0,0,0,1
-1671.199947,1,2386.511816,0,0,0,0,1
394.82412,19,2389.97196,0,0,1,0,0
541.511615,23,2397.016885,0,0,1,0,0
1088.752829,47,2414.642135,0,0,1,0,0
-1671.06046,1,2415.031565,0,0,0,0,1
714.47833,32,2421.595382,0,0,1,0,0
84.977169,12,2425.279743,0,0,1,0,0
265.801393,35,2455.21584,0,0,1,0,0
477.952156,24,2460.10312,0,0,1,0,0
202.504872,15,2462.388201,1,0,0,0,0
-1662.199947,1,2462.724119,0,0,0,0,1
-1671.022812,1,2463.176249,0,0,0,0,1
1328.773494,1,2463.928056,0,0,1,0,0
676.75821,32,2470.221539,0,0,1,0,0
751.442918,34,2477.534836,0,0,1,0,0
598.889383,34,2489.937,0,0,1,0,0
-125.857835,5,2493.311685,0,0,1,0,0
1328.773494,1,2493.682076,0,0,1,0,0
14.864494,9,2494.684706,0,0,1,0,0
726.261724,32,2509.457372,0,0,1,0,0
-1671.068998,1,2509.836309,0,0,0,0,1
-122.506057,7,2512.485159,0,0,1,0,0
1463.659075,60,2526.624654,1,0,0,0,0
753.514411,37,2533.351804,1,0,0,0,0
-1671.221136,1,2533.736122,0,0,0,0,1
1328.881733,1,2534.285632,0,0,1,0,0
1043.137411,44,2548.691192,0,0,1,0,0
-108.059663,2,2549.204049,1,0,0,0,0
-1671.068998,1,2549.566106,0,0,0,0,1
1337.888919,1,2549.956252,0,0,1,0,0
-1671.173257,1,2550.358434,0,0,0,0,1
-1671.068998,1,2550.702748,0,0,0,0,1
-153.527846,3,2554.976471,0,0,1,0,0
-1662.06046,1,2555.268807,0,0,0,0,1
287.287425,17,2559.931176,0,0,1,0,0
36.01494,10,2564.599307,0,0,1,0,0
-1671.00271,1,2564.896386,0,0,0,0,1
576.342252,33,2569.888366,0,0,1,0,0
-1662.17138,1,2570.294088,0,0,0,0,1
-1671.06046,1,2570.661387,0,0,0,0,1
-1671.068998,1,2571.017897,0,0,0,0,1
-204.019977,5,2573.416114,0,0,1,0,0
-14.284012,8,2576.726513,0,0,1,0,0
413.135665,18,2592.823602,0,0,1,0,0
-1671.068998,1,2593.157071,0,0,0,0,1
87.941428,12,2596.614305,0,0,1,0,0
1321.129458,1,2597.174408,0,0,1,0,0
357.31164,22,2600.203883,0,0,1,0,0
910.14949,37,2644.952623,0,0,1,0,0
724.687755,33,2653.242555,0,0,1,0,0
-1662.031716,1,2653.543832,0,0,0,0,1
-189.951564,5,2655.690176,0,0,1,0,0
700.55822,37,2664.696796,0,0,1,0,0
592.877973,39,2695.060194,0,0,1,0,0
-1671.031716,1,2695.377602,0,0,0,0,1
-1662.068999,1,2695.87581,0,0,0,0,1
542.401824,27,2726.051058,1,0,0,0,0
-1671.199947,1,2726.387109,0,0,0,0,1
-1671.052891,1,2726.862628,0,0,0,0,1
410.826021,19,2732.816325,0,0,1,0,0
-1671.00271,1,2733.263804,0,0,0,0,1
330.446248,18,2736.652586,0,0,1,0,0
870.928598,1,2737.418336,0,0,1,0,0
-17.614587,8,2740.753735,0,0,1,0,0
165.538346,14,2744.986629,0,0,1,0,0
-1662.068998,1,2745.381531,0,0,0,0,1
1321.129458,1,2745.815758,0,0,1,0,0
-188.500285,5,2748.047096,0,0,1,0,0
1321.129458,1,2748.453355,0,0,1,0,0
-1671.221136,1,2748.799497,0,0,0,0,1
-1662.171381,1,2754.739374,0,0,0,0,1
835.363195,38,2765.141643,0,0,1,0,0
-108.16604,2,2765.65605,1,0,0,0,0
189.517013,12,2768.617309,0,0,1,0,0
-1671.199947,1,2768.971557,0,0,0,0,1
-158.895076,4,2773.503322,0,0,1,0,0
-1671.031716,1,2774.189086,0,0,0,0,1
1337.881734,1,2774.988344,0,0,1,0,0
-1671.199947,1,2775.298569,0,0,0,0,1
-1671.031716,1,2775.67002,0,0,0,0,1
-1671.221136,1,2776.088562,0,0,0,0,1
1337.881734,1,2776.517322,0,0,1,0,0
-199.603445,5,2777.886034,0,0,1,0,0
-1671.19107,1,2778.233999,0,0,0,0,1
802.616024,43,2785.891868,0,0,1,0,0
85.502553,12,2789.535259,0,0,1,0,0
1328.773494,1,2790.04496,0,0,1,0,0
900.889772,2,2790.676022,0,0,1,0,0
-126.986074,3,2793.088416,0,0,1,0,0
-1671.17138,1,2793.379829,0,0,0,0,1
829.096625,46,2812.818457,0,0,1,0,0
-147.649372,6,2817.045443,0,0,1,0,0
-1671.052891,1,2817.498616,0,0,0,0,1
663.91896,16,2821.267336,0,0,0,0,1
-1671.06046,1,2821.655775,0,0,0,0,1
-1671.06046,1,2821.990585,0,0,0,0,1
196.044625,13,2830.417143,0,0,1,0,0
1328.888918,1,2830.73011,0,0,1,0,0
-1671.06046,1,2831.113986,0,0,0,0,1
-1662.060461,1,2831.745016,0,0,0,0,1
-133.203943,4,2835.272563,0,0,1,0,0
-1671.140713,1,2835.592654,1,0,0,0,0
1045.544637,45,2852.195688,0,0,1,0,0
-1671.00271,1,2852.690464,0,0,0,0,1
638.619765,35,2859.884903,0,0,1,0,0
1328.881733,1,2860.356059,0,0,1,0,0
-1671.199947,1,2860.685579,0,0,0,0,1
851.928367,33,2869.755512,1,0,0,0,0
-1671.06046,1,2870.123863,0,0,0,0,1
-1671.136592,1,2870.512077,0,0,0,0,1
367.10251,22,2879.068584,0,0,1,0,0
-1671.136592,1,2879.447441,0,0,0,0,1
1113.210399,48,3080.080298,0,0,1,0,0
99.096481,12,3084.149165,0,0,1,0,0
-1671.068998,1,3084.495678,0,0,0,0,1
1328.90969,1,3084.925385,0,0,1,0,0
-1671.221136,1,3085.292055,0,0,0,0,1
-1671.136592,1,3085.677623,0,0,0,0,1
1321.129458,1,3086.155568,0,0,1,0,0
-148.86034,6,3089.894469,0,0,1,0,0
1321.129458,1,3090.306326,0,0,1,0,0
-1662.031716,1,3090.685097,0,0,0,0,1
228.569216,14,3097.538813,0,0,1,0,0
285.001522,20,3123.288727,0,0,1,0,0
1321.129458,1,3123.700908,0,0,1,0,0
900.570411,38,3136.042724,0,0,1,0,0
-1662.06046,1,3136.366493,0,0,0,0,1
-154.561185,6,3140.072815,0,0,1,0,0
940.580378,41,3164.059729,0,0,1,0,0
1091.736711,49,3181.357963,1,0,0,0,0
588.653824,23,3189.762803,0,0,1,0,0
130.227998,9,3195.432262,0,0,1,0,0
1328.773494,1,3195.844847,0,0,1,0,0
-61.414598,7,3200.729432,0,0,1,0,0
-1662.00271,1,3201.060717,0,0,0,0,1
538.221793,27,3213.265869,0,0,1,0,0
875.988192,1,3213.824675,0,0,1,0,0
1058.291513,42,3222.983423,0,0,1,0,0
-1671.17138,1,3223.316627,0,0,0,0,1
849.83339,35,3232.511038,1,0,0,0,0
-1662.00271,1,3232.937326,0,0,0,0,1
-1671.06046,1,3233.301972,0,0,0,0,1
-198.663258,8,3234.170552,0,0,1,0,0
-223.793572,12,3235.96569,0,0,1,0,0
177.058815,20,3240.309413,0,0,1,0,0
902.454432,43,3252.829545,0,0,1,0,0
-1671.068998,1,3253.172304,0,0,0,0,1
581.713123,27,3266.449926,0,0,1,0,0
419.856658,24,3269.837222,0,0,1,0,0
-235.675426,12,3271.642145,0,0,1,0,0
571.480664,27,3292.1337,0,0,1,0,0
-1671.173257,1,3292.669477,0,0,0,0,1
-1671.173257,1,3293.041848,0,0,0,0,1
996.189597,45,3332.591261,0,0,1,0,0
358.660351,20,3335.790168,0,0,1,0,0
749.896415,32,3366.019376,1,0,0,0,0
536.86614,26,3370.964203,0,0,1,0,0
-1671.068998,1,3371.244163,0,0,0,0,1
-195.511928,8,3372.08799,0,0,1,0,0
710.393257,33,3379.517876,0,0,1,0,0
220.96781,11,3396.217818,0,0,1,0,0
-148.296399,6,3399.889817,0,0,1,0,0
-1671.17138,1,3400.213566,0,0,0,0,1
522.770264,24,3405.611936,0,0,1,0,0
-1671.068998,1,3405.953923,0,0,0,0,1
569.860391,28,3411.482951,0,0,1,0,0
-126.999021,3,3413.937207,0,0,1,0,0
296.299472,14,3432.210582,0,0,1,0,0
-126.996194,3,3433.90329,1,0,0,0,0
-1662.221136,1,3434.328476,0,0,0,0,1
715.451892,31,3449.037279,0,0,1,0,0
911.896981,2,3451.226185,0,0,1,0,0
250.629928,18,3454.590298,0,0,1,0,0
600.717995,26,3463.770621,0,0,1,0,0
-149.067616,6,3467.595477,0,0,1,0,0
553.159741,26,3475.326446,0,0,1,0,0
390.578096,21,3478.847479,1,0,0,0,0
-1671.00271,1,3479.199835,0,0,0,0,1
1306.541421,57,3500.611857,0,0,1,0,0
811.922934,41,3517.048512,0,0,1,0,0
479.439967,33,3522.236265,0,0,1,0,0
-1662.136592,1,3522.507037,0,0,0,0,1
-1662.06046,1,3522.85846,0,0,0,0,1
-207.589223,5,3525.426498,0,0,1,0,0
902.896753,2,3527.471717,0,0,1,0,0
518.264135,29,3532.495327,0,0,1,0,0
-1671.06046,1,3532.861318,0,0,0,0,1
559.829579,28,3538.850989,0,0,1,0,0
-1662.090471,1,3539.410791,0,0,0,0,1
-1671.199947,1,3539.744047,0,0,0,0,1
797.550173,37,3552.309224,0,0,1,0,0
375.234224,19,3556.583942,0,0,1,0,0
-1671.06046,1,3556.961798,0,0,0,0,1
-1662.199947,1,3557.317847,0,0,0,0,1
-1671.140713,1,3557.620001,1,0,0,0,0
495.509414,27,3570.181662,0,0,1,0,0
-1671.061313,1,3570.765283,0,0,0,0,1
224.372986,13,3574.681242,0,0,1,0,0
233.755326,14,3582.94935,0,0,1,0,0
-1671.024958,1,3583.35014,0,0,0,0,1
136.21918,13,3586.309633,0,0,1,0,0
-1671.068998,1,3586.684629,0,0,0,0,1
-124.489981,5,3589.660817,0,0,1,0,0
459.925824,22,3593.826329,0,0,1,0,0
-1671.06046,1,3594.147435,0,0,0,0,1
744.474146,34,3601.847635,0,0,1,0,0
274.706937,23,3606.512452,0,0,1,0,0
-1662.068998,1,3606.79999,0,0,0,0,1
-1671.17138,1,3607.169569,0,0,0,0,1
-1671.022812,1,3607.634506,0,0,0,0,1
-1671.00271,1,3607.967218,0,0,0,0,1
-129.312562,4,3611.473884,0,0,1,0,0
-1671.173257,1,3611.794192,0,0,0,0,1
-1671.221136,1,3612.163858,0,0,0,0,1
908.151049,39,3618.697248,0,0,1,0,0
-1662.171381,1,3619.052224,0,0,0,0,1
633.421886,10,3630.85178,0,0,0,0,1
-1671.136592,1,3631.189403,0,0,0,0,1
202.504872,15,3633.471371,1,0,0,0,0
-121.639669,6,3642.005108,0,0,1,0,0
415.188607,33,3646.970239,0,0,1,0,0
-1671.031716,1,3647.275766,0,0,0,0,1
-1671.140713,1,3647.668965,1,0,0,0,0
177.707123,12,3655.485239,0,0,1,0,0
833.016534,37,3663.12134,0,0,1,0,0
-1662.199947,1,3663.43312,0,0,0,0,1
-1671.173257,1,3663.760543,0,0,0,0,1
509.628754,20,3685.110828,0,0,1,0,0
-41.850458,7,3687.053285,0,0,1,0,0
-1671.173257,1,3687.428351,0,0,0,0,1
1321.129458,1,3687.936608,0,0,1,0,0
-1671.068998,1,3688.255017,0,0,0,0,1
239.914456,15,4036.796397,0,0,1,0,0
632.778506,30,4046.262826,0,0,1,0,0
-26.719185,7,4047.999028,0,0,1,0,0
-1671.068998,1,4048.367388,0,0,0,0,1
-1671.221136,1,4048.726037,0,0,0,0,1
825.383935,37,4076.282343,0,0,1,0,0
23.856272,9,4077.243703,0,0,1,0,0
1414.394206,55,4106.556927,0,0,1,0,0
-1671.061313,1,4106.937918,0,0,0,0,1
-1671.17138,1,4107.334498,0,0,0,0,1
-1662.002711,1,4107.741263,0,0,0,0,1
-1662.136592,1,4108.336208,0,0,0,0,1
-1662.060459,1,4108.725565,0,0,0,0,1
1337.881733,1,4109.163317,0,0,1,0,0
217.047358,11,4126.641603,0,0,1,0,0
-1671.173257,1,4126.944905,0,0,0,0,1
-1671.140713,1,4127.262747,1,0,0,0,0
-1671.199947,1,4127.598176,0,0,0,0,1
737.126464,13,4138.414163,0,0,0,0,1
729.088294,30,4147.475863,0,0,1,0,0
789.705204,42,4160.76868,0,0,1,0,0
-1671.199947,1,4161.104611,0,0,0,0,1
9.272395,9,4164.996021,0,0,1,0,0
-1662.060459,1,4165.357487,0,0,0,0,1
-1671.068998,1,4165.718789,0,0,0,0,1
1373.579337,64,4195.847228,0,0,1,0,0
718.97312,32,4201.942105,0,0,1,0,0
1003.629081,42,4223.624248,0,0,1,0,0
659.244879,29,4232.387343,0,0,1,0,0
-1671.17138,1,4232.760674,0,0,0,0,1
-199.101242,5,4233.574343,0,0,1,0,0
316.099704,16,4238.602488,0,0,1,0,0
-189.852365,5,4240.935735,0,0,1,0,0
915.782554,56,4277.391274,0,0,1,0,0
867.077024,1,4279.44462,0,0,1,0,0
22.386183,9,4280.328626,0,0,1,0,0
1099.005701,45,4311.753188,0,0,1,0,0
1153.66532,46,4330.269187,0,0,1,0,0
323.815358,18,4334.661819,0,0,1,0,0
1521.32261,65,4369.554005,0,0,1,0,0
910.357712,43,4383.829925,0,0,1,0,0
202.504872,15,4386.12721,1,0,0,0,0
1328.846564,1,4386.508635,0,0,1,0,0
-198.663258,8,4387.501592,0,0,1,0,0
-1671.079797,1,4387.92885,0,0,0,0,1
-1671.168877,1,4388.296309,0,0,0,0,1
-1671.06046,1,4388.647437,0,0,0,0,1
-121.880301,6,4390.1403,0,0,1,0,0
981.470962,23,4394.987165,0,0,0,0,1
624.620292,39,4411.16317,0,0,1,0,0
-124.060862,3,4414.459307,0,0,1,0,0
-1671.221136,1,4415.094556,0,0,0,0,1
553.401564,39,4435.884508,0,0,1,0,0
-157.969664,4,4440.29364,0,0,1,0,0
188.177764,15,4443.583038,0,0,1,0,0
489.930794,33,4448.174233,0,0,1,0,0
777.714461,34,4466.859751,0,0,1,0,0
-1671.06046,1,4467.143911,0,0,0,0,1
146.491439,14,4470.493017,0,0,1,0,0
-35.839997,4,4471.697976,0,0,1,0,0
-1662.136592,1,4472.014931,0,0,0,0,1
62.629849,11,4475.404978,0,0,1,0,0
-1671.068998,1,4475.687746,0,0,0,0,1
1.671741,9,4479.081474,0,0,1,0,0
-158.034737,4,4483.55881,0,0,1,0,0
481.784214,23,4490.164368,1,0,0,0,0
-139.505858,5,4492.221364,0,0,1,0,0
-1671.031716,1,4492.5155,0,0,0,0,1
-1671.140713,1,4492.886058,1,0,0,0,0
1321.129458,1,4493.31566,0,0,1,0,0
1328.888918,1,4493.653868,0,0,1,0,0
-1671.126164,1,4494.164323,0,0,0,0,1
-62.726301,7,4499.168562,0,0,1,0,0
1328.846564,1,4499.707959,0,0,1,0,0
884.497748,2,4500.212672,0,0,1,0,0
-1671.140713,1,4500.513223,1,0,0,0,0
-198.663258,8,4501.406022,0,0,1,0,0
1328.90969,1,4501.754719,0,0,1,0,0
414.049837,21,4513.512358,0,0,1,0,0
-153.458833,3,4518.030475,0,0,1,0,0
1321.129458,1,4518.380983,0,0,1,0,0
163.235935,10,4535.357612,0,0,1,0,0
422.400339,21,4540.322972,0,0,1,0,0
-1662.068998,1,4540.614635,0,0,0,0,1
1328.90969,1,4541.087775,0,0,1,0,0
152.044825,10,4543.677243,0,0,1,0,0
22.673153,9,4544.649163,0,0,1,0,0
-1671.06046,1,4544.943393,0,0,0,0,1
-1671.022812,1,4545.403993,0,0,0,0,1
-1671.06046,1,4545.697277,0,0,0,0,1
875.988192,1,4546.180657,0,0,1,0,0
1328.881733,1,4546.590782,0,0,1,0,0
202.504872,15,4548.822992,1,0,0,0,0
1806.413467,66,4571.836761,1,0,0,0,0
-1671.17138,1,4572.197048,0,0,0,0,1
-1671.199947,1,4572.577124,0,0,0,0,1
-151.800564,7,4576.703362,0,0,1,0,0
-1671.199947,1,4576.986602,0,0,0,0,1
1328.888918,1,4577.335858,0,0,1,0,0
810.309223,33,4608.82018,0,0,1,0,0
-151.163298,6,4612.578133,0,0,1,0,0
217.462728,13,4621.064763,0,0,1,0,0
-1671.173257,1,4621.437679,0,0,0,0,1
546.384807,27,4633.048069,1,0,0,0,0
-1671.17138,1,4633.353368,0,0,0,0,1
758.101678,35,4642.663598,0,0,1,0,0
-1671.221136,1,4643.048877,0,0,0,0,1
510.216413,23,4650.983264,0,0,1,0,0
1328.846564,1,4651.408244,0,0,1,0,0
-154.971315,6,4655.052515,0,0,1,0,0
700.241696,32,4669.695237,0,0,1,0,0
-1671.124251,1,4670.159892,0,0,0,0,1
-1671.00271,1,4670.507686,0,0,0,0,1
-1662.002711,1,4670.953377,0,0,0,0,1
818.546671,38,4679.596707,0,0,1,0,0
-121.642395,7,4682.387355,0,0,1,0,0
71.692711,11,4684.142327,0,0,1,0,0
-133.230846,4,4687.650744,0,0,1,0,0
1337.881733,1,4688.018177,0,0,1,0,0
-1671.140713,1,4688.283627,1,0,0,0,0
1328.90969,1,4688.699178,0,0,1,0,0
1328.881733,1,4689.095433,0,0,1,0,0
196.747823,11,4712.840703,0,0,1,0,0
-1671.00271,1,4713.154629,0,0,0,0,1
-1671.061313,1,4713.510732,0,0,0,0,1
362.399925,22,4716.990803,0,0,1,0,0
1123.679073,44,4770.887431,0,0,1,0,0
-134.819841,5,4773.213665,0,0,1,0,0
-1662.136592,1,4773.571902,0,0,0,0,1
-1671.136592,1,4774.01185,0,0,0,0,1
-1671.068998,1,4774.449946,0,0,0,0,1
-1671.068998,1,4774.837763,0,0,0,0,1
675.254676,29,4783.96584,1,0,0,0,0
1328.888918,1,4784.425035,0,0,1,0,0
-1671.06046,1,4784.8716,0,0,0,0,1
351.906956,18,4797.098284,0,0,1,0,0
1328.773494,1,4797.643639,0,0,1,0,0
34.926787,10,4802.316093,0,0,1,0,0
-1671.068998,1,4802.70917,0,0,0,0,1
-9.026015,8,4803.987518,0,0,1,0,0
1328.90969,1,4804.475399,0,0,1,0,0
1321.129458,1,4804.99003,0,0,1,0,0
139.391764,13,4829.985051,0,0,1,0,0
-1671.140713,1,4830.391084,1,0,0,0,0
-1671.140713,1,4830.772471,1,0,0,0,0
218.568076,13,4835.233927,0,0,1,0,0
955.224339,40,4855.421937,0,0,1,0,0
-129.924987,6,4865.365195,0,0,1,0,0
-1671.221136,1,4865.684883,0,0,0,0,1
196.163221,16,4869.259537,0,0,1,0,0
699.216736,46,4881.338086,0,0,1,0,0
374.828114,16,4893.939979,0,0,1,0,0
1176.452563,61,4905.849902,0,0,1,0,0
-108.127821,2,4906.402655,1,0,0,0,0
-72.088119,7,4911.89729,0,0,1,0,0
-1662.068999,1,4912.270261,0,0,0,0,1
-1662.171381,1,4912.705916,0,0,0,0,1
-1662.221136,1,4913.127234,0,0,0,0,1
621.303648,35,4918.933138,0,0,1,0,0
1571.557498,64,4973.085667,0,0,1,0,0
87.534523,14,4975.547657,0,0,1,0,0
1000.03285,56,4982.853827,0,0,1,0,0
765.965976,35,4991.835038,0,0,1,0,0
-1671.068998,1,4992.345695,0,0,0,0,1
191.961775,14,4995.566107,0,0,1,0,0
636.95868,35,5004.089802,0,0,1,0,0
316.758806,15,5010.385345,0,0,1,0,0
-1662.221136,1,5010.734926,0,0,0,0,1
-7.428597,8,5012.835952,0,0,1,0,0
-1671.221136,1,5013.26023,0,0,0,0,1
-1671.140713,1,5013.665746,1,0,0,0,0
-1671.136592,1,5014.054651,0,0,0,0,1
-1671.17138,1,5014.494314,0,0,0,0,1
503.622486,20,5023.076682,0,0,1,0,0
1321.129458,1,5023.535931,0,0,1,0,0
-158.05434,4,5028.516546,0,0,1,0,0
-1671.221136,1,5028.847551,0,0,0,0,1
1070.288896,43,5066.618102,0,0,1,0,0
-1662.068999,1,5067.055964,0,0,0,0,1
713.660582,33,5073.506718,0,0,1,0,0
-1671.00271,1,5073.828714,0,0,0,0,1
-199.603445,5,5074.743627,0,0,1,0,0
1337.881734,1,5075.150822,0,0,1,0,0
479.950374,22,5081.749324,0,0,1,0,0
-1671.068998,1,5082.105473,0,0,0,0,1
-1671.19107,1,5082.514675,0,0,0,0,1
-1671.136592,1,5082.952109,0,0,0,0,1
-1662.002711,1,5083.383025,0,0,0,0,1
-1671.199947,1,5083.805132,0,0,0,0,1
870.928598,1,5084.431721,0,0,1,0,0
764.019763,36,5093.696409,1,0,0,0,0
150.190256,9,5102.603953,0,0,1,0,0
-1662.199947,1,5102.956315,0,0,0,0,1
-1671.136592,1,5103.378107,0,0,0,0,1
879.924677,1,5104.028501,0,0,1,0,0
-9.626156,8,5105.333411,0,0,1,0,0
298.745589,20,5126.980048,0,0,1,0,0
96.967991,11,5130.148884,0,0,1,0,0
288.605997,15,5133.63086,0,0,1,0,0
-16.544984,6,5135.743604,0,0,1,0,0
230.464498,14,5146.023883,0,0,1,0,0
444.708366,21,5157.329422,0,0,1,0,0
605.378077,27,5163.235174,0,0,1,0,0
548.397495,27,5172.121541,0,0,1,0,0
1328.881733,1,5172.658201,0,0,1,0,0
-1671.06046,1,5173.005263,0,0,0,0,1
727.975343,34,5185.667307,0,0,1,0,0
289.325224,17,5189.457707,0,0,1,0,0
-1671.17138,1,5189.859714,0,0,0,0,1
1337.881733,1,5190.331108,0,0,1,0,0
388.432128,27,5195.25813,0,0,1,0,0
447.802425,20,5218.630984,0,0,1,0,0
-1671.173257,1,5218.990889,0,0,0,0,1
303.251502,17,5222.087147,0,0,1,0,0
873.608367,1,5222.600344,0,0,1,0,0
633.182909,10,5236.152972,0,0,0,0,1
-108.16604,2,5236.629543,1,0,0,0,0
404.731254,22,5248.091655,0,0,1,0,0
1328.90969,1,5248.532611,0,0,1,0,0
1214.106085,57,5262.895677,0,0,1,0,0
908.679905,38,5293.290131,1,0,0,0,0
1244.011684,67,5303.848817,0,0,1,0,0
-198.663258,8,5304.761834,0,0,1,0,0
-1671.140713,1,5305.06987,1,0,0,0,0
-225.643818,16,5307.875114,0,0,1,0,0
884.987345,1,5308.400633,0,0,1,0,0
-140.999267,1,5311.874022,1,0,0,0,0
-1671.06046,1,5312.262849,0,0,0,0,1
867.261467,1,5313.293903,0,0,1,0,0
856.63921,37,5326.472473,0,0,1,0,0
-1662.061313,1,5326.894335,0,0,0,0,1
979.081868,49,5346.838055,1,0,0,0,0
-9.545191,8,5348.088347,0,0,1,0,0
-1671.090471,1,5348.448965,0,0,0,0,1
1328.881733,1,5348.938195,0,0,1,0,0
-1662.173258,1,5349.332239,0,0,0,0,1
346.478191,21,5353.757319,0,0,1,0,0
-1671.221136,1,5354.159148,0,0,0,0,1
-1671.06046,1,5354.588912,0,0,0,0,1
-1662.168878,1,5355.074258,0,0,0,0,1
-1671.06046,1,5355.482749,0,0,0,0,1
780.884898,35,5362.650976,0,0,1,0,0
1012.485172,41,5384.870626,0,0,1,0,0
-1671.221136,1,5385.323843,0,0,0,0,1
-1671.136592,1,5385.891838,0,0,0,0,1
586.772879,34,5391.141988,0,0,1,0,0
-1671.136592,1,5391.568592,0,0,0,0,1
590.986103,28,5396.785783,0,0,1,0,0
237.661734,17,5407.418253,0,0,1,0,0
-1671.068998,1,5407.827344,0,0,0,0,1
278.260502,15,5412.752739,0,0,1,0,0
1337.881733,1,5413.239477,0,0,1,0,0
516.624027,24,5423.765527,0,0,1,0,0
-1671.008363,1,5424.258117,0,0,0,0,1
1321.129458,1,5424.737866,0,0,1,0,0
465.48884,20,5432.812866,0,0,1,0,0
169.941064,14,5435.940486,0,0,1,0,0
62.583177,8,5438.27074,0,0,1,0,0
141.752841,14,5441.70066,0,0,1,0,0
-1671.136592,1,5442.032463,0,0,0,0,1
-1662.173257,1,5442.498477,0,0,0,0,1
-6.846413,8,5444.500474,0,0,1,0,0
-1662.221136,1,5444.966262,0,0,0,0,1
-1671.17138,1,5445.389263,0,0,0,0,1
360.117524,20,5449.231429,1,0,0,0,0
-121.605285,6,5450.789021,0,0,1,0,0
-1671.068998,1,5451.117643,0,0,0,0,1
-1671.06046,1,5451.508998,0,0,0,0,1
887.268352,40,5461.636349,0,0,1,0,0
514.277797,30,5469.653737,0,0,1,0,0
1337.881733,1,5470.164186,0,0,1,0,0
-1662.221138,1,5470.533736,0,0,0,0,1
-1671.06046,1,5477.98997,0,0,0,0,1
546.34855,26,5485.809986,0,0,1,0,0
-1671.173257,1,5486.216231,0,0,0,0,1
-1671.140713,1,5486.596136,1,0,0,0,0
-140.897522,5,5490.2396,1,0,0,0,0
-129.312562,4,5493.899284,0,0,1,0,0
970.80378,42,5506.784071,0,0,1,0,0
-1671.031716,1,5507.195891,0,0,0,0,1
-1671.199947,1,5507.64031,0,0,0,0,1
-39.404832,7,5509.447602,0,0,1,0,0
-188.764995,5,5511.948459,0,0,1,0,0
1238.332342,57,5598.000886,0,0,1,0,0
-1662.173257,1,5598.359032,0,0,0,0,1
-1671.199947,1,5598.755658,0,0,0,0,1
878.709566,35,5609.430722,1,0,0,0,0
-1671.061313,1,5609.887724,0,0,0,0,1
62.117646,11,5615.048551,0,0,1,0,0
-1671.090471,1,5615.462601,0,0,0,0,1
41.845212,10,5626.150542,0,0,1,0,0
1321.129458,1,5626.695466,0,0,1,0,0
-1671.06046,1,5627.060154,0,0,0,0,1
-1671.06046,1,5627.495537,0,0,0,0,1
66.22204,11,5631.149732,0,0,1,0,0
-1671.068998,1,5631.545953,0,0,0,0,1
1433.013516,54,5650.254115,0,0,1,0,0
-1671.17138,1,5650.668229,0,0,0,0,1
-1671.079797,1,5651.205291,0,0,0,0,1
742.574407,34,5661.781039,0,0,1,0,0
1321.129458,1,5662.367682,0,0,1,0,0
719.255816,35,5694.918998,0,0,1,0,0
-1671.173257,1,5695.243103,0,0,0,0,1
-1662.060459,1,5695.649312,0,0,0,0,1
-1671.199947,1,5696.091366,0,0,0,0,1
202.504872,15,5728.253097,1,0,0,0,0
-1671.008363,1,5728.736901,0,0,0,0,1
-1671.068998,1,5729.241796,0,0,0,0,1
1439.96786,62,5767.954659,0,0,1,0,0
1115.250611,46,5787.36812,0,0,1,0,0
190.179791,16,5808.467718,0,0,1,0,0
-1662.06046,1,5808.912775,0,0,0,0,1
417.19083,25,5815.225852,0,0,1,0,0
-1671.17138,1,5815.653399,0,0,0,0,1
1328.881733,1,5816.147237,0,0,1,0,0
-1671.068998,1,5816.500313,0,0,0,0,1
-1671.17138,1,5816.955741,0,0,0,0,1
1337.881733,1,5817.720777,0,0,1,0,0
717.458677,32,5837.302969,0,0,1,0,0
991.118952,52,5859.396117,0,0,1,0,0
384.998804,21,5870.567438,0,0,1,0,0
663.436425,30,5880.287309,0,0,1,0,0
760.649325,14,5894.100871,0,0,0,0,1
-9.692681,8,5895.426005,0,0,1,0,0
247.732068,13,5900.572698,0,0,1,0,0
-1671.173257,1,5901.123601,0,0,0,0,1
1009.660502,45,5926.883984,0,0,1,0,0
160.675897,11,5930.010467,0,0,1,0,0
-137.606449,5,5932.187819,0,0,1,0,0
-1671.052891,1,5932.644674,0,0,0,0,1
-1662.068998,1,5933.073132,0,0,0,0,1
1263.872318,61,5949.721871,0,0,1,0,0
27.577454,9,5950.876521,0,0,1,0,0
1328.846564,1,5951.22252,0,0,1,0,0
-1671.00271,1,5951.614726,0,0,0,0,1
-1671.068998,1,5952.063347,0,0,0,0,1
-193.695831,9,5953.431496,0,0,1,0,0
-1662.221136,1,5960.888064,0,0,0,0,1
419.290719,23,5966.401631,0,0,1,0,0
-41.395797,7,5968.266561,0,0,1,0,0
289.652909,15,5973.32094,0,0,1,0,0
-1671.031716,1,5973.846577,0,0,0,0,1
735.535346,13,5986.794199,0,0,0,0,1
-1671.221136,1,5987.238915,0,0,0,0,1
-198.592801,8,5988.279088,0,0,1,0,0
-1671.136592,1,5988.603261,0,0,0,0,1
155.700093,13,5991.807203,0,0,1,0,0
351.036696,18,5995.517167,0,0,1,0,0
-1671.068998,1,5995.882903,0,0,0,0,1
-1671.00271,1,5996.319788,0,0,0,0,1
-126.831025,3,5997.947432,1,0,0,0,0
1.992283,9,6001.745138,0,0,1,0,0
719.884017,32,6010.689758,0,0,1,0,0
-128.822115,4,6014.398425,0,0,1,0,0
1337.888919,1,6014.787293,0,0,1,0,0
-137.606449,5,6017.071056,0,0,1,0,0
-1671.06046,1,6017.421013,0,0,0,0,1
-1662.06046,1,6017.869586,0,0,0,0,1
12.911662,9,6019.305106,0,0,1,0,0
-1671.221136,1,6019.733818,0,0,0,0,1
1328.881733,1,6020.222412,0,0,1,0,0
-1671.068998,1,6020.566708,0,0,0,0,1
-1662.06046,1,6020.951504,0,0,0,0,1
-1671.068998,1,6021.385875,0,0,0,0,1
589.822343,35,6029.858921,0,0,1,0,0
-1671.068998,1,6030.265331,0,0,0,0,1
-1662.173258,1,6038.10052,0,0,0,0,1
876.265515,1,6038.803399,0,0,1,0,0
-1662.199946,1,6039.251652,0,0,0,0,1
-44.842087,4,6040.61936,0,0,1,0,0
-202.594421,8,6041.594318,0,0,1,0,0
660.413442,30,6050.811554,0,0,1,0,0
949.272488,48,6062.248986,1,0,0,0,0
472.340193,24,6066.610934,1,0,0,0,0
240.712499,14,6076.947317,0,0,1,0,0
-1671.199947,1,6077.266308,0,0,0,0,1
215.704349,15,6080.886938,0,0,1,0,0
-1662.00271,1,6081.285886,0,0,0,0,1
-121.365815,7,6084.396308,0,0,1,0,0
5.880842,9,6087.73502,0,0,1,0,0
-1671.068998,1,6088.150155,0,0,0,0,1
-1662.002711,1,6088.547204,0,0,0,0,1
1328.846564,1,6088.958088,0,0,1,0,0
-1671.022812,1,6089.421059,0,0,0,0,1
5.982512,9,6092.696725,0,0,1,0,0
1328.846564,1,6093.384572,0,0,1,0,0
902.896753,2,6095.691724,0,0,1,0,0
511.78615,25,6118.128469,0,0,1,0,0
568.868633,22,6128.491375,0,0,1,0,0
-1671.06046,1,6128.832961,0,0,0,0,1
1328.888918,1,6129.261289,0,0,1,0,0
1563.617515,57,6143.64591,0,0,1,0,0
1328.881733,1,6144.151628,0,0,1,0,0
-1671.221136,1,6144.510564,0,0,0,0,1
620.363455,34,6152.503745,0,0,1,0,0
591.66358,27,6159.156963,0,0,1,0,0
187.961604,12,6173.075981,0,0,1,0,0
310.208691,15,6191.1279,0,0,1,0,0
1337.888918,1,6191.535767,0,0,1,0,0
1328.881733,1,6192.05416,0,0,1,0,0
-124.650367,5,6195.364147,0,0,1,0,0
884.637882,2,6195.871456,0,0,1,0,0
59.579674,11,6199.851544,0,0,1,0,0
255.83474,15,6216.38236,0,0,1,0,0
178.824494,12,6595.952128,0,0,1,0,0
-137.795882,5,6598.217265,0,0,1,0,0
-1671.022812,1,6598.659391,0,0,0,0,1
313.910753,16,6604.390522,0,0,1,0,0
-1671.173257,1,6604.863938,0,0,0,0,1
-1662.221136,1,6605.274258,0,0,0,0,1
-1662.060459,1,6605.669931,0,0,0,0,1
-1671.17138,1,6606.113414,0,0,0,0,1
510.604564,26,6611.769501,1,0,0,0,0
446.299678,30,6617.250558,0,0,1,0,0
884.988999,1,6617.743092,0,0,1,0,0
-1671.221136,1,6618.091303,0,0,0,0,1
-1671.068998,1,6618.496721,0,0,0,0,1
1328.881733,1,6618.950942,0,0,1,0,0
-1671.173257,1,6619.303088,0,0,0,0,1
-1671.199947,1,6619.680198,0,0,0,0,1
1328.852829,1,6619.998438,0,0,1,0,0
154.705201,14,6624.058812,0,0,1,0,0
-1671.173257,1,6624.451811,0,0,0,0,1
1296.412753,51,6667.549709,0,0,1,0,0
420.11584,24,6671.137556,0,0,1,0,0
-1671.19107,1,6671.563943,0,0,0,0,1
-1662.06046,1,6671.97823,0,0,0,0,1
1330.129458,1,6672.502871,0,0,1,0,0
-1662.173257,1,6672.88117,0,0,0,0,1
-1671.173257,1,6673.274691,0,0,0,0,1
518.59317,23,6679.691136,0,0,1,0,0
161.233219,18,6695.275966,0,0,1,0,0
776.686574,42,6710.510712,0,0,1,0,0
493.495397,19,6727.065616,0,0,1,0,0
-1671.173257,1,6727.595451,0,0,0,0,1
672.920375,26,6741.421401,1,0,0,0,0
-1671.221136,1,6742.006974,0,0,0,0,1
1321.129458,1,6742.451626,0,0,1,0,0
-1671.06046,1,6742.794642,0,0,0,0,1
876.262224,1,6743.534067,0,0,1,0,0
-1671.00271,1,6743.970279,0,0,0,0,1
-124.097233,3,6747.73874,0,0,1,0,0
-1671.173257,1,6748.08916,0,0,0,0,1
-1671.221136,1,6748.465956,0,0,0,0,1
-1671.221136,1,6748.87451,0,0,0,0,1
-238.695203,12,6750.864964,0,0,1,0,0
1337.881733,1,6751.29763,0,0,1,0,0
73.828712,11,6753.262185,0,0,1,0,0
1014.595129,43,6766.144293,1,0,0,0,0
884.98858,1,6766.716331,0,0,1,0,0
89.154883,14,6769.229784,0,0,1,0,0
-76.559346,4,6770.701135,0,0,1,0,0
855.540078,44,6781.170634,1,0,0,0,0
1112.135297,43,6807.554423,0,0,1,0,0
-1671.00271,1,6807.85925,0,0,0,0,1
738.898352,36,6821.253942,0,0,1,0,0
469.000255,18,6836.70138,0,0,1,0,0
-151.800564,7,6841.431098,0,0,1,0,0
-1671.06046,1,6841.752487,0,0,0,0,1
-123.187947,7,6844.844652,0,0,1,0,0
1328.846564,1,6845.153997,0,0,1,0,0
867.086208,1,6847.433475,0,0,1,0,0
-120.505195,6,6849.007068,0,0,1,0,0
1055.276026,49,6862.297703,0,0,1,0,0
1173.359875,50,6891.035259,0,0,1,0,0
-1671.068998,1,6891.394778,0,0,0,0,1
-190.537802,9,6892.844267,0,0,1,0,0
-1671.221136,1,6893.185931,0,0,0,0,1
-1671.00271,1,6893.593829,0,0,0,0,1
123.901032,15,6896.390032,0,0,1,0,0
-141.184596,5,6899.640224,1,0,0,0,0
529.945056,24,6906.65375,0,0,1,0,0
1328.846564,1,6907.093849,0,0,1,0,0
100.494706,14,6909.664048,0,0,1,0,0
1328.90969,1,6910.161542,0,0,1,0,0
898.789784,18,6914.53598,0,0,0,0,1
1639.474081,65,6975.976358,0,0,1,0,0
-1662.199947,1,6976.310632,0,0,0,0,1
394.075661,23,6988.525789,1,0,0,0,0
-129.312562,4,6992.298298,0,0,1,0,0
-1671.090471,1,6992.623341,0,0,0,0,1
-1671.068998,1,6993.041674,0,0,0,0,1
-67.573734,4,6994.257195,0,0,1,0,0
557.07037,24,7017.889417,0,0,1,0,0
364.695986,25,7024.99354,0,0,1,0,0
1328.881733,1,7025.552001,0,0,1,0,0
-9.626156,8,7026.782094,0,0,1,0,0
-1671.031716,1,7027.195113,0,0,0,0,1
746.04377,34,7053.00758,0,0,1,0,0
-1671.061313,1,7053.438174,0,0,0,0,1
875.988192,1,7054.061608,0,0,1,0,0
-1671.173257,1,7054.441901,0,0,0,0,1
-1671.17138,1,7054.842705,0,0,0,0,1
84.977169,12,7058.945461,0,0,1,0,0
439.696333,18,7067.01785,0,0,1,0,0
-1671.031716,1,7067.361731,0,0,0,0,1
185.074898,10,7086.490581,0,0,1,0,0
274.958754,14,7090.737931,0,0,1,0,0
884.988856,1,7091.348188,0,0,1,0,0
-1671.00271,1,7091.683249,0,0,0,0,1
87.534523,14,7094.248653,0,0,1,0,0
-1671.173257,1,7094.703272,0,0,0,0,1
1330.129458,1,7095.197274,0,0,1,0,0
-29.368945,7,7096.918895,0,0,1,0,0
707.174836,30,7116.557422,1,0,0,0,0
219.412805,13,7119.029526,1,0,0,0,0
-1671.221136,1,7119.486217,0,0,0,0,1
1278.054269,53,7135.061036,1,0,0,0,0
-1671.221136,1,7135.462015,0,0,0,0,1
-1662.221136,1,7135.916246,0,0,0,0,1
-1671.008363,1,7136.446126,0,0,0,0,1
-154.561185,6,7140.455902,0,0,1,0,0
-1662.199946,1,7140.775855,0,0,0,0,1
188.727274,15,7144.460938,0,0,1,0,0
-1662.06046,1,7144.882071,0,0,0,0,1
-1671.00271,1,7145.457185,0,0,0,0,1
-1671.079797,1,7145.978992,0,0,0,0,1
-1671.221136,1,7146.385037,0,0,0,0,1
933.461105,41,7160.140605,1,0,0,0,0
1225.869002,54,7179.359714,0,0,1,0,0
-1662.090471,1,7179.68899,0,0,0,0,1
-124.087411,3,7183.547878,0,0,1,0,0
1328.852829,1,7183.820576,0,0,1,0,0
109.210689,8,7194.398669,0,0,1,0,0
1347.252281,62,7208.065131,1,0,0,0,0
1330.129458,1,7208.537715,0,0,1,0,0
359.319044,16,7220.758955,0,0,1,0,0
-1662.068998,1,7221.103086,0,0,0,0,1
308.560677,39,7255.677971,0,0,1,0,0
368.809354,16,7268.224954,0,0,1,0,0
1328.846564,1,7268.610644,0,0,1,0,0
-1671.199947,1,7269.00475,0,0,0,0,1
-1671.140713,1,7269.412076,1,0,0,0,0
-27.838419,4,7270.689937,0,0,1,0,0
-1671.221136,1,7271.040871,0,0,0,0,1
987.038513,41,7287.750102,0,0,1,0,0
-1662.173257,1,7288.102706,0,0,0,0,1
-198.663258,8,7289.122162,0,0,1,0,0
-30.960228,7,7290.933319,0,0,1,0,0
108.267827,14,7294.383777,0,0,1,0,0
-151.800564,7,7299.264479,0,0,1,0,0
384.344084,19,7311.677592,0,0,1,0,0
-1671.06046,1,7312.013262,0,0,0,0,1
-1671.140713,1,7312.423096,1,0,0,0,0
567.816276,27,7320.609845,0,0,1,0,0
-14.611003,8,7322.638378,0,0,1,0,0
1328.846564,1,7323.042081,0,0,1,0,0
168.200591,12,7331.94011,0,0,1,0,0
-1671.199947,1,7332.276966,0,0,0,0,1
-189.276253,5,7334.724156,0,0,1,0,0
179.938417,15,7338.278532,0,0,1,0,0
-1671.221136,1,7338.703405,0,0,0,0,1
-1671.173257,1,7339.125379,0,0,0,0,1
-1671.17138,1,7339.551752,0,0,0,0,1
-153.348912,3,7344.534161,0,0,1,0,0
-1662.221136,1,7344.871135,0,0,0,0,1
3.910673,7,7347.058763,0,0,1,0,0
952.372702,21,7352.052385,0,0,0,0,1
-1671.06046,1,7352.403893,0,0,0,0,1
-1671.140713,1,7352.817796,1,0,0,0,0
593.142089,23,7383.477709,0,0,1,0,0
-125.960274,6,7385.166533,0,0,1,0,0
-1671.136592,1,7385.516129,0,0,0,0,1
971.352947,41,7395.945117,0,0,1,0,0
-1662.136592,1,7396.439204,0,0,0,0,1
166.597488,14,7399.320542,0,0,1,0,0
1524.335812,62,7421.917868,0,0,1,0,0
-1671.136592,1,7422.327838,0,0,0,0,1
-206.317641,5,7425.135343,0,0,1,0,0
-1671.068998,1,7425.443842,0,0,0,0,1
253.303291,14,7428.444721,1,0,0,0,0
431.069628,23,7433.237199,0,0,1,0,0
-27.520342,4,7434.41761,0,0,1,0,0
1328.852829,1,7434.681719,0,0,1,0,0
611.165427,31,7448.009305,0,0,1,0,0
872.429063,48,7458.179226,0,0,1,0,0
756.632996,38,7467.853923,0,0,1,0,0
-1671.221136,1,7468.326952,0,0,0,0,1
282.024118,19,7472.969245,0,0,1,0,0
75.199813,7,7483.26068,0,0,1,0,0
755.750438,35,7489.732167,0,0,1,0,0
-1671.173257,1,7490.161469,0,0,0,0,1
-1662.199947,1,7490.556159,0,0,0,0,1
601.183983,26,7498.190153,0,0,1,0,0
1328.881733,1,7498.678272,0,0,1,0,0
500.808722,25,7511.145155,1,0,0,0,0
680.780968,31,7527.503912,0,0,1,0,0
555.411987,23,7532.631337,0,0,1,0,0
-26.812176,4,7533.933786,0,0,1,0,0
598.699462,34,7541.539176,0,0,1,0,0
380.004172,17,7550.900325,1,0,0,0,0
793.013695,34,7558.081641,1,0,0,0,0
-198.663258,8,7559.023435,0,0,1,0,0
-1671.00271,1,7559.359508,0,0,0,0,1
-1671.199947,1,7559.807751,0,0,0,0,1
588.063204,26,7570.78687,0,0,1,0,0
558.713428,29,7579.9223,0,0,1,0,0
404.772539,22,7585.185207,0,0,1,0,0
-1671.126164,1,7585.664434,0,0,0,0,1
-1671.06046,1,7586.032421,0,0,0,0,1
-127.078098,3,7588.734228,0,0,1,0,0
-1671.126164,1,7589.151603,0,0,0,0,1
-122.506057,7,7592.115428,0,0,1,0,0
-1671.031716,1,7592.458161,0,0,0,0,1
-139.882718,5,7595.646458,1,0,0,0,0
571.687024,26,7611.585388,1,0,0,0,0
-14.632532,8,7615.586594,0,0,1,0,0
-1671.068998,1,7615.966786,0,0,0,0,1
-1671.221136,1,7616.369356,0,0,0,0,1
-1671.173257,1,7616.806329,0,0,0,0,1
-1662.068998,1,7617.253543,0,0,0,0,1
361.718458,17,7621.568698,0,0,1,0,0
-15.466157,6,7623.713182,0,0,1,0,0
-1671.06046,1,7624.51399,0,0,0,0,1
-1671.068998,1,7624.921274,0,0,0,0,1
940.674342,40,7639.932647,0,0,1,0,0
578.136919,22,7662.822447,0,0,1,0,0
-9.626156,8,7663.963085,0,0,1,0,0
-1671.17138,1,7664.36447,0,0,0,0,1
-140.999267,1,7667.892204,1,0,0,0,0
640.554788,28,7682.735505,0,0,1,0,0
1223.946243,48,7698.825634,0,0,1,0,0
-1662.068998,1,7699.289092,0,0,0,0,1
872.752605,42,7706.2894,0,0,1,0,0
213.610443,11,7711.838208,0,0,1,0,0
65.100089,14,7714.971822,0,0,1,0,0
-1671.06046,1,7715.410704,0,0,0,0,1
-1671.221136,1,7715.812729,0,0,0,0,1
454.939194,19,7738.149044,0,0,1,0,0
605.010457,27,7753.970638,1,0,0,0,0
1328.881733,1,7754.508904,0,0,1,0,0
398.486339,24,7758.953774,0,0,1,0,0
-1671.061313,1,7759.371366,0,0,0,0,1
231.52287,14,7769.559748,0,0,1,0,0
870.928598,1,7770.085803,0,0,1,0,0
-1671.06046,1,7770.509575,0,0,0,0,1
-1671.068998,1,7770.907397,0,0,0,0,1
1337.881733,1,7771.380208,0,0,1,0,0
-1671.221136,1,7771.732208,0,0,0,0,1
1140.301466,28,7778.366378,0,0,0,0,1
467.996301,23,7782.76678,0,0,1,0,0
891.877765,2,7783.452994,0,0,1,0,0
-1671.173257,1,7783.861051,0,0,0,0,1
-7.64432,8,7785.855964,0,0,1,0,0
884.637882,2,7786.585918,0,0,1,0,0
-1671.173257,1,7786.972324,0,0,0,0,1
-1671.00271,1,7787.344065,0,0,0,0,1
-125.716894,5,7790.516056,0,0,1,0,0
-1671.06046,1,7790.826067,0,0,0,0,1
-1662.173257,1,7791.237517,0,0,0,0,1
306.197773,19,7795.513373,0,0,1,0,0
-1671.140713,1,7795.880391,1,0,0,0,0
52.73018,10,7797.809493,0,0,1,0,0
-1671.068998,1,7798.152398,0,0,0,0,1
1369.340958,56,7821.973798,0,0,1,0,0
651.660437,32,7840.548135,0,0,1,0,0
-1671.06046,1,7840.930557,0,0,0,0,1
524.409188,23,7851.658656,0,0,1,0,0
-1671.00271,1,7852.183081,0,0,0,0,1
1328.90969,1,7852.707027,0,0,1,0,0
911.875,2,7855.198983,0,0,1,0,0
1060.760976,47,7882.727517,0,0,1,0,0
-1671.00271,1,7883.153774,0,0,0,0,1
-199.603445,5,7884.086396,0,0,1,0,0
254.357504,17,7888.119526,0,0,1,0,0
1321.129458,1,7888.696666,0,0,1,0,0
751.114532,41,7934.66788,0,0,1,0,0
1328.90969,1,7935.153649,0,0,1,0,0
-1662.068998,1,7935.552866,0,0,0,0,1
125.706651,10,7938.23005,0,0,1,0,0
-1671.06046,1,7938.602958,0,0,0,0,1
-1671.199947,1,7939.01626,0,0,0,0,1
122.67401,13,7943.274847,0,0,1,0,0
-108.16604,2,7943.791182,1,0,0,0,0
-1671.00271,1,7944.232163,0,0,0,0,1
-27.598212,4,7945.604427,0,0,1,0,0
-1671.221136,1,7945.94713,0,0,0,0,1
-123.745267,3,7949.738557,0,0,1,0,0
8.970187,9,7960.29709,0,0,1,0,0
30.095844,10,7964.941047,0,0,1,0,0
1337.881733,1,7965.429022,0,0,1,0,0
1328.90969,1,7965.875272,0,0,1,0,0
702.322002,46,7974.440997,1,0,0,0,0
765.337949,35,7983.923774,0,0,1,0,0
696.710449,32,7999.724595,0,0,1,0,0
467.102789,21,8007.697908,0,0,1,0,0
-1671.17138,1,8008.291522,0,0,0,0,1
1328.846564,1,8008.725456,0,0,1,0,0
-1671.06046,1,8009.145708,0,0,0,0,1
-1671.136592,1,8009.608143,0,0,0,0,1
574.182782,25,8018.909619,0,0,1,0,0
-1671.199947,1,8019.377406,0,0,0,0,1
-1671.17138,1,8027.020457,0,0,0,0,1
843.163537,37,8034.315107,0,0,1,0,0
393.334651,19,8037.979336,0,0,1,0,0
-153.527846,3,8043.154786,0,0,1,0,0
-1662.06046,1,8043.508867,0,0,0,0,1
1321.129458,1,8044.041384,0,0,1,0,0
-1662.06046,1,8044.400362,0,0,0,0,1
-1671.06046,1,8044.850527,0,0,0,0,1
185.593545,15,8048.909444,0,0,1,0,0
-35.709616,4,8050.252439,0,0,1,0,0
-16.389557,6,8052.24532,0,0,1,0,0
76.970577,11,8054.416871,0,0,1,0,0
1445.284952,62,8094.012961,0,0,1,0,0
1337.881733,1,8094.5432,0,0,1,0,0
-1662.068998,1,8094.924903,0,0,0,0,1
642.091167,30,8126.166371,0,0,1,0,0
-1662.068998,1,8126.528883,0,0,0,0,1
578.811533,26,8134.733357,1,0,0,0,0
-1671.140713,1,8135.241022,1,0,0,0,0
185.391737,12,8138.981068,0,0,1,0,0
116.708614,10,8149.221403,0,0,1,0,0
1278.226549,52,8170.85163,0,0,1,0,0
-16.493855,6,8173.057476,0,0,1,0,0
-1671.068998,1,8173.468574,0,0,0,0,1
543.374821,25,8179.951065,1,0,0,0,0
-1671.06046,1,8180.315432,0,0,0,0,1
998.087092,39,8189.326755,0,0,1,0,0
1328.888918,1,8196.776941,0,0,1,0,0
-1671.199947,1,8197.214449,0,0,0,0,1
854.96591,32,8209.155606,0,0,1,0,0
-1671.090471,1,8209.64639,0,0,0,0,1
-1662.173257,1,8210.073173,0,0,0,0,1
119.342352,12,8213.714205,0,0,1,0,0
-129.288387,4,8217.602722,0,0,1,0,0
-1671.221136,1,8217.959967,0,0,0,0,1
-133.451379,4,8284.129237,0,0,1,0,0
357.833739,19,8659.15061,0,0,1,0,0
690.836178,42,8665.491981,0,0,1,0,0
-1671.221136,1,8665.826435,0,0,0,0,1
-1671.221136,1,8666.513113,0,0,0,0,1
-1671.199947,1,8666.899419,0,0,0,0,1
571.497929,31,8674.13325,0,0,1,0,0
1196.60851,47,8699.052109,0,0,1,0,0
240.747615,15,9074.379736,0,0,1,0,0
1079.670815,51,9083.352788,0,0,1,0,0
-36.843804,4,9091.90321,0,0,1,0,0
633.513812,10,9105.292767,0,0,0,0,1
-1671.050999,1,9105.751138,0,0,0,0,1
-1671.221136,1,9106.147675,0,0,0,0,1
647.066794,10,9108.918488,0,0,1,0,0
796.43114,36,9120.122382,0,0,1,0,0
-1671.173257,1,9120.587891,0,0,0,0,1
558.841228,28,9125.056085,0,0,1,0,0
-1671.17138,1,9125.409539,0,0,0,0,1
723.019739,33,9132.141443,0,0,1,0,0
1328.90969,1,9132.580465,0,0,1,0,0
-140.998016,1,9136.08365,1,0,0,0,0
1328.90969,1,9136.552119,0,0,1,0,0
1191.515779,49,9172.424064,0,0,1,0,0
-1671.140713,1,9172.799549,1,0,0,0,0
-1671.090471,1,9173.179417,0,0,0,0,1
-1671.140713,1,9173.610131,1,0,0,0,0
1033.274163,40,9227.283123,0,0,1,0,0
788.891009,35,9242.683738,0,0,1,0,0
-1662.06046,1,9243.036091,0,0,0,0,1
-67.521872,4,9244.334667,0,0,1,0,0
-72.589611,7,9250.247907,0,0,1,0,0
-197.391962,7,9251.229294,0,0,1,0,0
-1662.221136,1,9251.611527,0,0,0,0,1
809.263792,35,9270.455889,0,0,1,0,0
-1671.06046,1,9270.855044,0,0,0,0,1
-1671.068998,1,9271.268574,0,0,0,0,1
-197.490121,8,9272.275638,0,0,1,0,0
1321.129458,1,9272.735867,0,0,1,0,0
827.931676,35,9281.596495,0,0,1,0,0
875.988192,1,9282.139301,0,0,1,0,0
439.886167,19,9304.719569,0,0,1,0,0
-1671.008363,1,9305.197613,0,0,0,0,1
1321.129458,1,9305.678147,0,0,1,0,0
456.158566,19,9326.566971,0,0,1,0,0
36.01494,10,9331.397777,0,0,1,0,0
-141.016985,1,9335.156829,1,0,0,0,0
169.59086,14,9339.491045,0,0,1,0,0
884.988479,1,9340.115114,0,0,1,0,0
-76.559346,4,9341.342393,0,0,1,0,0
-37.00352,4,9342.677231,0,0,1,0,0
449.348485,20,9350.646678,0,0,1,0,0
-1662.00271,1,9351.212561,0,0,0,0,1
-1662.061314,1,9351.685574,0,0,0,0,1
539.037414,23,9367.152193,0,0,1,0,0
335.607322,25,9380.698126,0,0,1,0,0
-1662.068998,1,9381.106435,0,0,0,0,1
734.591607,13,9394.631891,0,0,0,0,1
734.617195,34,9428.548995,0,0,1,0,0
-1671.00271,1,9428.921223,0,0,0,0,1
-135.501811,4,9433.162586,0,0,1,0,0
-1671.031716,1,9433.559093,0,0,0,0,1
-1662.221136,1,9434.066284,0,0,0,0,1
652.773072,37,9445.447412,1,0,0,0,0
290.510976,14,9449.472928,0,0,1,0,0
-1671.199947,1,9449.967528,0,0,0,0,1
884.350117,2,9450.59395,0,0,1,0,0
-216.56352,13,9452.367345,0,0,1,0,0
831.312028,48,9464.046838,0,0,1,0,0
-1671.06046,1,9464.52864,0,0,0,0,1
-1671.00271,1,9464.951328,0,0,0,0,1
-1671.068998,1,9465.401382,0,0,0,0,1
120.889041,13,9469.683635,0,0,1,0,0
-1671.00271,1,9470.112558,0,0,0,0,1
1328.846564,1,9470.543378,0,0,1,0,0
-1662.221135,1,9471.15717,0,0,0,0,1
-1671.068998,1,9471.565758,0,0,0,0,1
-1671.06046,1,9471.979112,0,0,0,0,1
-1671.17138,1,9472.405341,0,0,0,0,1
827.137933,38,9494.943027,0,0,1,0,0
1337.852829,1,9495.177267,0,0,1,0,0
1337.881733,1,9495.805499,0,0,1,0,0
297.390542,15,9499.590645,0,0,1,0,0
-10.22158,8,9500.995883,0,0,1,0,0
-1671.090471,1,9501.382306,0,0,0,0,1
-1662.068999,1,9501.809813,0,0,0,0,1
891.877765,2,9502.509674,0,0,1,0,0
279.674948,17,9514.250592,0,0,1,0,0
-1671.221136,1,9514.623468,0,0,0,0,1
472.052203,23,9521.005833,1,0,0,0,0
-1671.140713,1,9521.42444,1,0,0,0,0
80.770521,10,9524.507359,0,0,1,0,0
838.251585,44,9531.710905,0,0,1,0,0
608.984853,27,9540.766154,1,0,0,0,0
-124.041954,5,9544.244509,0,0,1,0,0
-1671.199947,1,9544.55465,0,0,0,0,1
897.181134,39,9564.905885,0,0,1,0,0
-1671.140713,1,9565.213168,1,0,0,0,0
-1671.17138,1,9565.622521,0,0,0,0,1
-1671.221136,1,9566.03822,0,0,0,0,1
-1671.140713,1,9566.446399,1,0,0,0,0
-61.510028,7,9572.323983,0,0,1,0,0
304.30323,15,9578.786761,0,0,1,0,0
-1671.06046,1,9579.109755,0,0,0,0,1
-1671.136592,1,9579.541443,0,0,0,0,1
-1671.00271,1,9579.956041,0,0,0,0,1
889.472824,58,9606.463917,0,0,1,0,0
-1662.173257,1,9606.856379,0,0,0,0,1
-1671.199947,1,9607.217893,0,0,0,0,1
319.85354,15,9623.769573,0,0,1,0,0
1328.881733,1,9624.205211,0,0,1,0,0
-1671.06046,1,9624.555298,0,0,0,0,1
-1662.173257,1,9624.982332,0,0,0,0,1
-1671.06046,1,9625.363849,0,0,0,0,1
13.626241,9,9626.626646,0,0,1,0,0
734.494976,13,9639.623573,0,0,0,0,1
-1662.221136,1,9640.037089,0,0,0,0,1
1328.846564,1,9640.455328,0,0,1,0,0
584.883955,27,9648.685117,0,0,1,0,0
1022.853691,44,9677.978868,0,0,1,0,0
-158.034737,4,9683.149426,0,0,1,0,0
-1671.06046,1,9683.479414,0,0,0,0,1
1328.90969,1,9684.097297,0,0,1,0,0
-1671.06046,1,9684.55149,0,0,0,0,1
-1671.00271,1,9685.05075,0,0,0,0,1
1115.987929,49,9746.802485,1,0,0,0,0
770.790784,41,9766.340838,0,0,1,0,0
84.327181,7,9774.656835,0,0,1,0,0
-1671.068998,1,9775.043702,0,0,0,0,1
672.61711,28,9791.469674,0,0,1,0,0
-1671.008363,1,9791.901155,0,0,0,0,1
-1671.052891,1,9792.336617,0,0,0,0,1
-121.895697,7,9795.399696,0,0,1,0,0
-1671.068998,1,9795.70703,0,0,0,0,1
502.385569,25,9800.583714,0,0,1,0,0
-1671.06046,1,9800.955838,0,0,0,0,1
563.400263,26,9808.892598,0,0,1,0,0
-1662.06046,1,9809.30419,0,0,0,0,1
-1671.17138,1,9809.726893,0,0,0,0,1
-1671.199947,1,9810.139044,0,0,0,0,1
-153.527846,3,9815.126155,0,0,1,0,0
466.145975,24,9819.437695,0,0,1,0,0
1292.672988,63,9834.164753,0,0,1,0,0
-1671.06046,1,9834.620164,0,0,0,0,1
884.629029,2,9835.25496,0,0,1,0,0
-1662.136592,1,9835.624411,0,0,0,0,1
-1662.221136,1,9836.068158,0,0,0,0,1
1328.90969,1,9836.561834,0,0,1,0,0
535.366852,26,9842.078424,0,0,1,0,0
-72.097414,7,9847.907665,0,0,1,0,0
128.92887,12,9858.930997,0,0,1,0,0
-108.16604,2,9859.548971,1,0,0,0,0
-1671.140713,1,9859.935921,1,0,0,0,0
-1671.00271,1,9860.3451,0,0,0,0,1
-1671.06046,1,9860.793154,0,0,0,0,1
812.049162,39,9868.338867,0,0,1,0,0
990.657909,43,9908.435387,0,0,1,0,0
366.287818,17,9928.024314,0,0,1,0,0
780.848519,39,9955.822089,0,0,1,0,0
-1671.173257,1,9956.168765,0,0,0,0,1
-1671.06046,1,9956.582691,0,0,0,0,1
-1671.068998,1,9956.997859,0,0,0,0,1
-1671.079797,1,9957.503915,0,0,0,0,1
867.077024,1,9959.795335,0,0,1,0,0
914.935623,45,9978.886077,0,0,1,0,0
-1671.140713,1,9979.250547,1,0,0,0,0
1321.129458,1,9979.733832,0,0,1,0,0
-1662.221136,1,9980.132902,0,0,0,0,1
795.273179,37,9988.126937,0,0,1,0,0
116.695014,10,9990.612108,0,0,1,0,0
-1671.031716,1,9990.966864,0,0,0,0,1
-1671.06046,1,9991.422846,0,0,0,0,1
-1671.008363,1,9991.899114,0,0,0,0,1
-1671.221136,1,9992.250519,0,0,0,0,1
-1662.221136,1,9992.693465,0,0,0,0,1
994.129822,57,10014.462254,0,0,1,0,0
1328.846564,1,10014.899861,0,0,1,0,0
214.18586,14,10025.392947,0,0,1,0,0
1328.846564,1,10025.734344,0,0,1,0,0
-1671.090471,1,10026.109725,0,0,0,0,1
-1671.173257,1,10026.55484,0,0,0,0,1
652.22494,29,10042.427626,0,0,1,0,0
1328.881733,1,10042.866729,0,0,1,0,0
1328.881733,1,10043.340495,0,0,1,0,0
36.177563,10,10048.144547,0,0,1,0,0
-1671.140713,1,10048.487934,1,0,0,0,0
-1662.008363,1,10048.9871,0,0,0,0,1
624.430094,14,10052.340678,0,0,0,0,1
1267.764389,53,10077.775328,0,0,1,0,0
1328.881733,1,10078.259526,0,0,1,0,0
192.480983,14,10081.428854,0,0,1,0,0
-1671.140713,1,10081.803277,1,0,0,0,0
693.967957,34,10099.754331,0,0,1,0,0
-1671.126164,1,10100.210989,0,0,0,0,1
760.193146,44,10107.403679,0,0,1,0,0
1330.129458,1,10107.789615,0,0,1,0,0
594.958683,23,10134.326504,0,0,1,0,0
715.771271,36,10167.534894,0,0,1,0,0
-11.82542,8,10170.693259,0,0,1,0,0
-1662.221136,1,10171.125,0,0,0,0,1
66.480366,11,10174.292329,0,0,1,0,0
198.605473,13,10191.337139,0,0,1,0,0
-72.145207,7,10197.22414,0,0,1,0,0
-198.663258,8,10198.240996,0,0,1,0,0
-1671.06046,1,10198.566086,0,0,0,0,1
-147.737356,6,10202.862298,0,0,1,0,0
163.32353,12,10206.410126,0,0,1,0,0
362.609975,18,10209.909063,1,0,0,0,0
-1671.126164,1,10210.408196,0,0,0,0,1
-1671.022431,1,10210.924808,0,0,0,0,1
1328.90969,1,10211.387649,0,0,1,0,0
398.442856,23,10214.906404,0,0,1,0,0
-1671.140713,1,10215.27404,1,0,0,0,0
-198.663258,8,10216.316914,0,0,1,0,0
-219.897338,12,10218.339162,0,0,1,0,0
-107.963556,2,10218.829949,1,0,0,0,0
575.72768,29,10225.015508,1,0,0,0,0
-1671.221136,1,10225.441417,0,0,0,0,1
-124.05481,3,10229.320775,0,0,1,0,0
316.134907,16,10235.706234,0,0,1,0,0
1328.846564,1,10236.198822,0,0,1,0,0
1328.90969,1,10236.681744,0,0,1,0,0
-1662.221136,1,10237.069613,0,0,0,0,1
71.465916,11,10239.048239,0,0,1,0,0
-141.021928,5,10242.066471,1,0,0,0,0
60.663535,13,10244.512767,0,0,1,0,0
-1671.140713,1,10244.929465,1,0,0,0,0
1328.881733,1,10245.414025,0,0,1,0,0
1090.064541,45,10268.946558,0,0,1,0,0
-1662.173257,1,10269.414963,0,0,0,0,1
-1671.136592,1,10269.842028,0,0,0,0,1
72.953907,11,10274.957919,0,0,1,0,0
964.444781,40,10295.425747,0,0,1,0,0
-1662.068999,1,10295.804622,0,0,0,0,1
837.003118,35,10303.691632,0,0,1,0,0
632.845919,10,10317.413672,0,0,1,0,0
792.86451,48,10327.206778,0,0,1,0,0
-1671.17138,1,10327.54959,0,0,0,0,1
-1671.061313,1,10327.987504,0,0,0,0,1
-1671.140712,1,10328.407753,1,0,0,0,0
366.658191,18,10347.505545,0,0,1,0,0
-230.36829,12,10349.46463,0,0,1,0,0
144.033857,11,10358.009406,0,0,1,0,0
-1671.173257,1,10358.406142,0,0,0,0,1
1049.032932,44,10373.825494,0,0,1,0,0
-158.034737,4,10378.952148,0,0,1,0,0
-1662.00271,1,10379.319382,0,0,0,0,1
-148.737192,6,10383.834924,0,0,1,0,0
202.504872,15,10386.462717,1,0,0,0,0
875.988192,1,10387.062413,0,0,1,0,0
-1671.199947,1,10387.434121,0,0,0,0,1
75.534991,11,10397.058925,0,0,1,0,0
-1671.17138,1,10397.459873,0,0,0,0,1
-223.793572,12,10399.562826,0,0,1,0,0
9.894058,9,10403.078004,0,0,1,0,0
202.504872,15,10405.68529,1,0,0,0,0
-1671.199947,1,10406.068933,0,0,0,0,1
-1671.079797,1,10406.625858,0,0,0,0,1
568.164669,26,10439.160744,1,0,0,0,0
324.682931,35,10448.357883,0,0,1,0,0
242.454953,16,10452.154439,0,0,1,0,0
-127.016554,3,10454.822812,0,0,1,0,0
202.504872,15,10457.359185,1,0,0,0,0
-1671.00271,1,10457.749169,0,0,0,0,1
87.534523,14,10460.385495,0,0,1,0,0
1328.773494,1,10460.956872,0,0,1,0,0
1471.067364,60,10490.017415,1,0,0,0,0
870.928598,1,10490.679926,0,0,1,0,0
275.040621,20,10513.167369,0,0,1,0,0
-1662.008364,1,10513.64078,0,0,0,0,1
-1662.191071,1,10514.044368,0,0,0,0,1
-1662.068998,1,10514.484476,0,0,0,0,1
165.007812,11,10518.250777,0,0,1,0,0
-1671.17138,1,10518.790565,0,0,0,0,1
-1671.06046,1,10519.229794,0,0,0,0,1
221.021436,12,10527.281663,0,0,1,0,0
-1671.06046,1,10527.622978,0,0,0,0,1
850.742174,41,10535.685299,0,0,1,0,0
-124.170255,3,10539.563291,0,0,1,0,0
-1671.00271,1,10539.908405,0,0,0,0,1
632.043899,10,10553.606782,0,0,0,0,1
-1671.06046,1,10553.984511,0,0,0,0,1
1321.129458,1,10554.507046,0,0,1,0,0
821.426664,35,10583.918547,1,0,0,0,0
-1671.221136,1,10584.268002,0,0,0,0,1
-1671.031716,1,10584.702373,0,0,0,0,1
1321.129458,1,10585.269419,0,0,1,0,0
95.746194,12,10588.56338,0,0,1,0,0
-1671.068998,1,10589.00366,0,0,0,0,1
-1671.068998,1,10589.384809,0,0,0,0,1
-1671.221136,1,10589.791644,0,0,0,0,1
60.249781,11,10593.450904,0,0,1,0,0
1328.90969,1,10593.956456,0,0,1,0,0
1114.4558,26,10600.232655,0,0,0,0,1
783.358847,40,10618.681018,1,0,0,0,0
930.892996,39,10633.706855,0,0,1,0,0
835.63823,33,10673.952722,0,0,1,0,0
-1662.068998,1,10674.350768,0,0,0,0,1
867.261467,1,10675.093204,0,0,1,0,0
815.853411,33,10686.280576,1,0,0,0,0
-1671.173257,1,10686.748945,0,0,0,0,1
-1671.00271,1,10687.152323,0,0,0,0,1
649.606417,31,10697.693764,0,0,1,0,0
-1662.031716,1,10698.157581,0,0,0,0,1
65.100089,14,10708.274332,0,0,1,0,0
-137.928817,5,10710.625189,0,0,1,0,0
-1662.00271,1,10710.993268,0,0,0,0,1
-1662.031716,1,10711.423031,0,0,0,0,1
202.504872,15,10714.071477,1,0,0,0,0
189.727124,10,10780.690301,0,0,1,0,0
-1671.00271,1,10781.079745,0,0,0,0,1
-199.603445,5,10782.000611,0,0,1,0,0
537.606407,30,10789.746876,0,0,1,0,0
704.434445,37,10800.707386,0,0,1,0,0
-1662.06046,1,10801.190181,0,0,0,0,1
-1671.221136,1,10801.616977,0,0,0,0,1
-121.285286,6,10803.302572,0,0,1,0,0
928.859212,41,10828.508301,0,0,1,0,0
720.571186,32,10856.445906,0,0,1,0,0
1095.073495,42,10878.254413,0,0,1,0,0
-6.846413,8,10880.354096,0,0,1,0,0
-121.371754,6,10882.057327,0,0,1,0,0
1337.888918,1,10882.396241,0,0,1,0,0
-1671.00271,1,10882.827411,0,0,0,0,1
-1671.054745,1,10883.362163,0,0,0,0,1
-1671.221136,1,10883.760745,0,0,0,0,1
-1671.068998,1,10884.199593,0,0,0,0,1
620.592814,30,10897.933101,1,0,0,0,0
-140.999267,1,10901.763493,1,0,0,0,0
151.527765,11,10910.286042,0,0,1,0,0
870.928598,1,10910.844072,0,0,1,0,0
-117.686376,6,10912.53144,0,0,1,0,0
1328.90969,1,10912.955894,0,0,1,0,0
-76.559346,4,10914.207966,0,0,1,0,0
1330.129458,1,10914.681361,0,0,1,0,0
473.385617,28,10920.19654,0,0,1,0,0
177.68457,10,10942.634174,0,0,1,0,0
783.788484,35,10953.590683,0,0,1,0,0
-1671.17138,1,10954.040458,0,0,0,0,1
-1671.126164,1,10954.547404,0,0,0,0,1
501.629279,34,10960.154873,0,0,1,0,0
-1671.008363,1,10960.578336,0,0,0,0,1
541.904012,27,10966.321659,0,0,1,0,0
618.513293,35,10971.842027,0,0,1,0,0
-124.856374,5,10975.182478,0,0,1,0,0
-1671.140713,1,10975.481319,1,0,0,0,0
-42.18719,7,10977.311033,0,0,1,0,0
-126.389198,3,10980.023679,0,0,1,0,0
-1671.221136,1,10980.382063,0,0,0,0,1
-1671.17138,1,10980.822582,0,0,0,0,1
520.575203,31,10987.975993,0,0,1,0,0
-1662.173257,1,10988.333428,0,0,0,0,1
178.670895,13,10991.440815,0,0,1,0,0
323.832696,19,10994.586806,0,0,1,0,0
-1671.221136,1,10994.969828,0,0,0,0,1
875.602805,33,11017.134837,0,0,1,0,0
1183.933839,51,11051.785565,0,0,1,0,0
430.231027,22,11057.2406,0,0,1,0,0
1286.759297,51,11083.677264,0,0,1,0,0
524.837651,23,11090.406876,0,0,1,0,0
-1671.221136,1,11090.860206,0,0,0,0,1
283.645537,17,11096.078396,0,0,1,0,0
-1671.199947,1,11096.571966,0,0,0,0,1
-1662.06046,1,11096.972343,0,0,0,0,1
1330.129458,1,11097.508332,0,0,1,0,0
184.734506,10,11108.338182,0,0,1,0,0
902.896753,2,11110.757621,0,0,1,0,0
-1671.199947,1,11111.09066,0,0,0,0,1
-1671.173257,1,11111.527443,0,0,0,0,1
-1671.221136,1,11111.951661,0,0,0,0,1
875.988192,1,11112.547315,0,0,1,0,0
685.569535,49,11131.255284,1,0,0,0,0
-1662.068998,1,11131.789872,0,0,0,0,1
-206.871495,5,11134.64694,0,0,1,0,0
-1671.090471,1,11134.987302,0,0,0,0,1
-1671.00271,1,11135.400926,0,0,0,0,1
557.267922,26,11144.811524,1,0,0,0,0
936.620476,47,11163.989692,0,0,1,0,0
1337.888919,1,11164.371032,0,0,1,0,0
1337.888918,1,11164.813231,0,0,1,0,0
-9.626156,8,11166.139898,0,0,1,0,0
725.212875,34,11176.677138,0,0,1,0,0
-1671.221136,1,11177.183054,0,0,0,0,1
-1671.068998,1,11177.624964,0,0,0,0,1
-1671.068998,1,11178.032569,0,0,0,0,1
246.290796,13,11185.484157,0,0,1,0,0
472.705578,27,11199.102249,1,0,0,0,0
-1662.06046,1,11199.454922,0,0,0,0,1
803.398659,39,11231.514509,0,0,1,0,0
-1671.031716,1,11231.861161,0,0,0,0,1
265.001878,15,11243.68929,0,0,1,0,0
1820.101709,87,11282.971539,0,0,1,0,0
884.988618,1,11283.586818,0,0,1,0,0
728.79897,29,11302.841584,0,0,1,0,0
-73.921719,7,11308.54075,0,0,1,0,0
1321.129458,1,11309.017739,0,0,1,0,0
1026.682905,47,11319.390405,0,0,1,0,0
761.204525,33,11330.467005,1,0,0,0,0
732.393899,34,11365.456046,0,0,1,0,0
-125.805349,5,11368.522043,0,0,1,0,0
8.490266,9,11371.744986,0,0,1,0,0
1328.90969,1,11372.265052,0,0,1,0,0
773.659974,40,11381.423799,0,0,1,0,0
