#{"t_start": 1771178844.8134782, "env_id": "commonroad-v1-safe"}
r,l,t,is_collision,is_time_out,is_off_road,is_friction_violation,is_goal_reached
328.198505,20,48.788702,0,0,1,0,0
916.520874,42,126.176244,0,0,1,0,0
328.863408,1,126.960204,0,0,0,0,1
337.778864,1,127.795991,0,0,0,0,1
328.881733,1,128.465978,0,0,1,0,0
-6.846413,8,130.910894,0,0,1,0,0
328.931002,1,131.870682,0,0,0,0,1
228.811263,11,141.808181,0,0,1,0,0
612.290096,28,146.657173,0,0,1,0,0
-97.103247,2,149.469172,0,0,1,0,0
337.85283,1,149.822786,0,0,1,0,0
321.129458,1,151.414559,0,0,1,0,0
131.50054,9,156.378034,0,0,1,0,0
328.931002,1,156.844322,0,0,0,0,1
337.93954,1,157.774883,0,0,0,0,1
71.484055,11,160.925043,0,0,1,0,0
733.102116,27,172.813674,0,0,1,0,0
28.960885,10,176.769328,0,0,1,0,0
337.997289,1,177.601793,0,0,0,0,1
337.938688,1,178.167861,0,0,0,0,1
1197.630503,48,195.054658,0,0,1,0,0
337.778862,1,195.616969,0,0,0,0,1
840.051967,47,203.578716,0,0,1,0,0
228.644374,14,211.050592,0,0,1,0,0
436.947122,19,217.663399,0,0,1,0,0
328.826743,1,218.090556,0,0,0,0,1
-124.087411,3,221.431328,0,0,1,0,0
328.800053,1,221.81814,0,0,0,0,1
283.287265,21,226.140991,0,0,1,0,0
658.575611,26,237.387178,0,0,1,0,0
258.172625,14,249.127937,0,0,1,0,0
337.931001,1,249.531076,0,0,0,0,1
328.99729,1,249.994109,0,0,0,0,1
328.881733,1,250.515103,0,0,1,0,0
321.129458,1,250.886556,0,0,1,0,0
-33.76104,7,252.582916,0,0,1,0,0
65.100089,14,255.115324,0,0,1,0,0
846.004288,41,271.40764,0,0,1,0,0
337.800053,1,271.857397,0,0,0,0,1
35.552469,10,275.583019,0,0,1,0,0
328.82862,1,276.061633,0,0,0,0,1
337.997289,1,276.615313,0,0,0,0,1
-140.950481,1,279.784767,1,0,0,0,0
863.332513,38,303.337798,0,0,1,0,0
337.93954,1,303.789822,0,0,0,0,1
309.162388,13,314.133305,0,0,1,0,0
631.505078,10,324.957212,0,0,0,0,1
449.732215,22,329.768478,0,0,1,0,0
328.881733,1,330.222173,0,0,1,0,0
589.123465,35,339.831341,0,0,1,0,0
-120.06993,1,363.887906,0,0,1,0,0
328.99729,1,364.254004,0,0,0,0,1
337.881734,1,364.645203,0,0,1,0,0
328.968284,1,365.486759,0,0,0,0,1
328.778864,1,366.09151,0,0,0,0,1
96.185218,12,369.399856,0,0,1,0,0
337.881734,1,369.901781,0,0,1,0,0
-153.39044,3,374.409098,0,0,1,0,0
259.171895,18,388.101801,0,0,1,0,0
284.097364,14,391.689332,0,0,1,0,0
72.948719,11,393.805852,0,0,1,0,0
-154.367554,6,397.495774,0,0,1,0,0
337.939541,1,397.858326,0,0,0,0,1
328.93954,1,398.439259,0,0,0,0,1
328.859287,1,399.125079,1,0,0,0,0
321.129458,1,399.553206,0,0,1,0,0
-149.246586,6,403.347169,0,0,1,0,0
328.881733,1,403.794181,0,0,1,0,0
184.049177,10,411.581931,0,0,1,0,0
337.828619,1,412.090722,0,0,0,0,1
-99.123607,2,412.78004,0,0,1,0,0
328.931002,1,417.528554,0,0,0,0,1
321.129458,1,418.032523,0,0,1,0,0
67.246895,11,421.061347,0,0,1,0,0
811.146943,33,453.724762,0,0,1,0,0
176.614807,10,465.687387,0,0,1,0,0
428.589168,28,479.409016,0,0,1,0,0
328.778864,1,479.901286,0,0,0,0,1
-132.922976,1,482.085142,0,0,1,0,0
328.826743,1,482.516315,0,0,0,0,1
337.881734,1,483.116668,0,0,1,0,0
-108.16604,2,483.794289,1,0,0,0,0
1331.541902,60,506.033634,0,0,1,0,0
337.991636,1,506.628566,0,0,0,0,1
111.957272,8,514.884281,0,0,1,0,0
337.828619,1,515.207978,0,0,0,0,1
-122.114335,7,518.170236,0,0,1,0,0
453.373147,23,529.185464,0,0,1,0,0
328.846564,1,529.677198,0,0,1,0,0
328.800053,1,530.162973,0,0,0,0,1
680.70995,31,543.311417,0,0,1,0,0
65.104232,11,546.130566,0,0,1,0,0
328.881733,1,546.660484,0,0,1,0,0
13.378728,9,548.446041,0,0,1,0,0
560.080561,36,555.036635,0,0,1,0,0
1281.537065,54,567.070816,0,0,1,0,0
285.482527,14,580.081707,0,0,1,0,0
381.716848,27,590.723336,0,0,1,0,0
328.826743,1,591.256819,0,0,0,0,1
337.778865,1,591.590406,0,0,0,0,1
-97.103247,2,593.323961,0,0,1,0,0
78.420188,7,601.295576,0,0,1,0,0
-123.740459,1,602.041486,0,0,1,0,0
328.800053,1,602.408794,0,0,0,0,1
372.735225,19,608.406528,1,0,0,0,0
525.157767,33,614.05432,0,0,1,0,0
696.014208,40,620.769692,0,0,1,0,0
364.746989,18,626.281432,0,0,1,0,0
688.550387,29,641.672089,1,0,0,0,0
328.800053,1,642.081193,0,0,0,0,1
337.931002,1,642.7021,0,0,0,0,1
400.320265,26,647.412364,0,0,1,0,0
92.856285,14,649.803936,0,0,1,0,0
337.99729,1,650.250849,0,0,0,0,1
64.702405,11,653.321415,0,0,1,0,0
328.93954,1,653.958363,0,0,0,0,1
328.859287,1,654.64985,1,0,0,0,0
328.826743,1,654.960181,0,0,0,0,1
490.83407,26,658.27359,0,0,1,0,0
-126.996455,3,660.783534,0,0,1,0,0
521.272795,31,664.817651,0,0,1,0,0
328.778864,1,665.358721,0,0,0,0,1
330.129458,1,665.967667,0,0,1,0,0
328.93954,1,666.487964,0,0,0,0,1
328.888918,1,666.993958,0,0,1,0,0
331.399167,18,681.409194,0,0,1,0,0
328.826743,1,681.853329,0,0,0,0,1
328.773494,1,682.548268,0,0,1,0,0
328.846564,1,683.013633,0,0,1,0,0
328.99729,1,683.524942,0,0,0,0,1
328.938687,1,683.899138,0,0,0,0,1
314.408047,15,693.604526,0,0,1,0,0
589.334095,33,699.676348,0,0,1,0,0
328.846564,1,699.995582,0,0,1,0,0
735.722519,30,713.110035,0,0,1,0,0
167.393412,15,716.244616,0,0,1,0,0
930.568403,39,729.624042,0,0,1,0,0
337.939542,1,729.962567,0,0,0,0,1
328.93954,1,730.528374,0,0,0,0,1
-121.146332,6,732.406363,0,0,1,0,0
-9.626156,8,733.623661,0,0,1,0,0
468.337757,23,743.033481,0,0,1,0,0
328.800053,1,743.504977,0,0,0,0,1
185.825498,10,752.360494,0,0,1,0,0
328.773494,1,752.813522,0,0,1,0,0
328.826743,1,753.104246,0,0,0,0,1
-237.112788,12,755.25642,0,0,1,0,0
328.920203,1,755.859074,0,0,0,0,1
328.778864,1,756.274707,0,0,0,0,1
328.846564,1,756.570741,0,0,1,0,0
328.99729,1,757.029883,0,0,0,0,1
328.778864,1,757.411722,0,0,0,0,1
337.931001,1,757.905289,0,0,0,0,1
328.93954,1,758.230193,0,0,0,0,1
328.826743,1,758.576426,0,0,0,0,1
337.968283,1,759.199697,0,0,0,0,1
1312.563648,56,770.295148,0,0,1,0,0
-137.765061,5,772.735023,0,0,1,0,0
834.521966,45,779.529667,0,0,1,0,0
328.859287,1,779.78963,1,0,0,0,0
89.533192,8,781.510239,0,0,1,0,0
-124.461599,5,784.472554,0,0,1,0,0
328.93954,1,784.742308,0,0,0,0,1
337.863409,1,785.199968,0,0,0,0,1
337.93954,1,785.801644,0,0,0,0,1
337.881733,1,786.309417,0,0,1,0,0
337.931003,1,786.843184,0,0,0,0,1
328.968284,1,787.222234,0,0,0,0,1
337.931001,1,792.378702,0,0,0,0,1
337.778866,1,792.871372,0,0,0,0,1
-188.764995,5,795.430154,0,0,1,0,0
328.931002,1,795.694274,0,0,0,0,1
202.504872,15,798.084795,1,0,0,0,0
787.764369,34,807.188377,0,0,1,0,0
337.881734,1,807.630109,0,0,1,0,0
337.863408,1,808.112721,0,0,0,0,1
1162.055418,56,824.932667,0,0,1,0,0
328.931002,1,825.414249,0,0,0,0,1
730.02629,31,1168.155674,0,0,1,0,0
328.778864,1,1168.665899,0,0,0,0,1
321.129458,1,1169.349943,0,0,1,0,0
-128.801588,4,1172.468405,0,0,1,0,0
751.195914,36,1202.32812,0,0,1,0,0
328.800053,1,1202.737149,0,0,0,0,1
337.888919,1,1203.265123,0,0,1,0,0
337.778864,1,1203.637567,0,0,0,0,1
-198.781342,5,1205.00053,0,0,1,0,0
328.863408,1,1205.428236,0,0,0,0,1
119.440482,12,1208.772383,0,0,1,0,0
-126.992574,3,1210.345206,1,0,0,0,0
337.881734,1,1210.79898,0,0,1,0,0
328.846564,1,1211.069125,0,0,1,0,0
-125.449751,5,1213.908636,0,0,1,0,0
337.997289,1,1214.258051,0,0,0,0,1
272.009743,19,1217.615513,0,0,1,0,0
689.749607,33,1223.269676,0,0,1,0,0
432.77467,19,1227.471544,0,0,1,0,0
328.931002,1,1227.8912,0,0,0,0,1
328.881733,1,1228.570598,0,0,1,0,0
-64.302949,6,1233.278629,0,0,1,0,0
405.325304,23,1242.792628,0,0,1,0,0
328.826743,1,1243.091885,0,0,0,0,1
337.828619,1,1243.605694,0,0,0,0,1
328.93954,1,1243.964584,0,0,0,0,1
448.332492,35,1275.877198,0,0,1,0,0
746.001321,34,1283.28163,0,0,1,0,0
90.326615,8,1284.892606,0,0,1,0,0
245.313459,12,1294.202714,0,0,1,0,0
328.944338,1,1294.852475,0,0,0,0,1
328.931002,1,1295.392696,0,0,0,0,1
-197.763593,7,1296.651335,0,0,1,0,0
-8.876916,8,1297.825868,0,0,1,0,0
-69.437768,7,1302.215431,0,0,1,0,0
328.778864,1,1302.521602,0,0,0,0,1
337.778863,1,1302.868028,0,0,0,0,1
337.93954,1,1303.21551,0,0,0,0,1
-114.565513,5,1305.694836,0,0,1,0,0
837.555135,32,1318.605972,0,0,1,0,0
337.800054,1,1319.005273,0,0,0,0,1
337.93954,1,1319.338124,0,0,0,0,1
329.962891,17,1325.034329,1,0,0,0,0
200.267523,16,1329.072535,0,0,1,0,0
8.222805,9,1337.46479,0,0,1,0,0
328.859287,1,1337.78045,1,0,0,0,0
328.93954,1,1338.421761,0,0,0,0,1
328.93954,1,1338.860003,0,0,0,0,1
650.810093,31,1345.913218,0,0,1,0,0
675.68789,27,1350.951872,0,0,1,0,0
328.888918,1,1351.278546,0,0,1,0,0
328.82862,1,1351.678892,0,0,0,0,1
406.81738,20,1355.461026,0,0,1,0,0
-44.842087,4,1356.622147,0,0,1,0,0
643.27228,31,1364.181791,0,0,1,0,0
-132.922976,1,1366.172493,0,0,1,0,0
430.287684,18,1370.28795,0,0,1,0,0
328.863408,1,1370.666817,0,0,0,0,1
2.919803,9,1374.529972,0,0,1,0,0
328.859287,1,1374.881745,1,0,0,0,0
328.80893,1,1375.385408,0,0,0,0,1
328.863408,1,1375.881824,0,0,0,0,1
337.939539,1,1376.252446,0,0,0,0,1
328.873836,1,1376.915911,0,0,0,0,1
328.800053,1,1377.303383,0,0,0,0,1
330.129458,1,1377.977595,0,0,1,0,0
213.989655,14,1385.792151,0,0,1,0,0
480.831741,25,1390.834177,0,0,1,0,0
-137.606449,5,1392.707956,0,0,1,0,0
328.82862,1,1393.032965,0,0,0,0,1
-127.15439,3,1394.594211,1,0,0,0,0
328.826743,1,1394.897998,0,0,0,0,1
-125.799753,5,1397.479829,0,0,1,0,0
337.863407,1,1397.736501,0,0,0,0,1
328.888918,1,1398.12619,0,0,1,0,0
337.828619,1,1398.67362,0,0,0,0,1
337.826743,1,1399.532805,0,0,0,0,1
373.031344,16,1415.887083,0,0,1,0,0
328.826743,1,1416.214243,0,0,0,0,1
328.931002,1,1416.889639,0,0,0,0,1
328.881733,1,1417.36659,0,0,1,0,0
328.931002,1,1417.687263,0,0,0,0,1
337.852828,1,1417.94943,0,0,1,0,0
328.968284,1,1418.33294,0,0,0,0,1
-199.44384,5,1419.285113,0,0,1,0,0
538.207112,27,1425.820739,1,0,0,0,0
725.365365,34,1441.85332,0,0,1,0,0
-140.722244,5,1445.021029,1,0,0,0,0
382.526511,18,1456.045573,1,0,0,0,0
337.800052,1,1456.510166,0,0,0,0,1
-6.814637,8,1457.673103,0,0,1,0,0
864.363193,48,1466.898243,0,0,1,0,0
328.846564,1,1467.258669,0,0,1,0,0
521.967684,30,1474.75756,0,0,1,0,0
337.931001,1,1475.136614,0,0,0,0,1
328.968284,1,1475.491078,0,0,0,0,1
638.420329,34,1482.935049,0,0,1,0,0
337.800054,1,1483.328729,0,0,0,0,1
328.863408,1,1483.728589,0,0,0,0,1
328.831123,1,1484.217926,0,0,0,0,1
510.304111,22,1487.81117,0,0,1,0,0
756.057826,32,1494.165723,0,0,1,0,0
328.931002,1,1494.49688,0,0,0,0,1
328.93954,1,1494.833031,0,0,0,0,1
501.275681,22,1506.631532,0,0,1,0,0
-154.968013,6,1510.333687,0,0,1,0,0
624.62001,29,1525.603508,0,0,1,0,0
347.668094,19,1529.358782,0,0,1,0,0
329.321017,15,1545.270197,0,0,1,0,0
992.726183,38,1560.084196,0,0,1,0,0
-6.846413,8,1561.902638,0,0,1,0,0
304.837498,15,1570.084812,0,0,1,0,0
328.888918,1,1570.421465,0,0,1,0,0
-123.738025,1,1571.035759,0,0,1,0,0
-126.996194,3,1572.472389,1,0,0,0,0
337.826742,1,1573.133871,0,0,0,0,1
328.82862,1,1573.4823,0,0,0,0,1
328.93954,1,1573.884145,0,0,0,0,1
1109.479057,48,1609.234625,0,0,1,0,0
907.256801,39,1618.883213,0,0,1,0,0
-115.362118,2,1619.552315,0,0,1,0,0
574.687514,28,1631.06232,0,0,1,0,0
280.579293,15,1640.803881,0,0,1,0,0
328.968284,1,1641.501502,0,0,0,0,1
728.094445,31,1662.329542,0,0,1,0,0
642.309699,27,1673.75519,0,0,1,0,0
525.780318,24,1681.095113,1,0,0,0,0
328.938687,1,1681.662771,0,0,0,0,1
986.695032,38,1689.351397,0,0,1,0,0
-125.140654,5,1692.388919,0,0,1,0,0
328.93954,1,1692.97008,0,0,0,0,1
-153.527846,3,1697.355393,0,0,1,0,0
-18.131486,6,1699.286929,0,0,1,0,0
330.129458,1,1699.753112,0,0,1,0,0
328.859287,1,1700.062651,1,0,0,0,0
-97.103247,2,1702.013059,0,0,1,0,0
612.520013,27,1714.560713,0,0,1,0,0
328.846564,1,1714.935115,0,0,1,0,0
337.968284,1,1715.313072,0,0,0,0,1
337.931001,1,1715.759015,0,0,0,0,1
270.788722,18,1719.137508,0,0,1,0,0
-132.922976,1,1721.313682,0,0,1,0,0
-154.356846,6,1724.783139,0,0,1,0,0
328.93954,1,1725.079641,0,0,0,0,1
328.99729,1,1725.459612,0,0,0,0,1
404.077147,19,1730.871823,1,0,0,0,0
328.826743,1,1731.277145,0,0,0,0,1
328.846564,1,1731.610038,0,0,1,0,0
-88.1334,2,1733.537231,0,0,1,0,0
328.888918,1,1733.815007,0,0,1,0,0
143.338976,10,1736.321541,0,0,1,0,0
108.144614,9,1738.257077,0,0,1,0,0
489.468241,24,1743.729724,1,0,0,0,0
328.778864,1,1744.122093,0,0,0,0,1
328.881733,1,1744.603108,0,0,1,0,0
172.074243,14,1747.729625,0,0,1,0,0
328.846564,1,1748.266101,0,0,1,0,0
337.881733,1,1748.651921,0,0,1,0,0
740.210926,32,1762.485873,0,0,1,0,0
558.221266,25,1766.678294,0,0,1,0,0
328.800053,1,1766.977038,0,0,0,0,1
117.562214,8,1780.728179,0,0,1,0,0
321.129458,1,1781.140917,0,0,1,0,0
328.82862,1,1781.439343,0,0,0,0,1
328.888918,1,1781.810574,0,0,1,0,0
328.90969,1,1782.431104,0,0,1,0,0
337.826741,1,1782.83298,0,0,0,0,1
462.050539,22,1788.0265,0,0,1,0,0
328.82862,1,1788.424894,0,0,0,0,1
582.754236,28,1796.151531,0,0,1,0,0
328.888918,1,1796.532166,0,0,1,0,0
693.768234,17,1800.251902,0,0,0,0,1
328.876194,1,1800.734002,0,0,0,0,1
202.504872,15,1803.133901,1,0,0,0,0
328.859287,1,1803.533931,1,0,0,0,0
-198.663258,8,1804.432821,0,0,1,0,0
337.778863,1,1804.715936,0,0,0,0,1
-129.312562,4,1808.087557,0,0,1,0,0
328.931002,1,1808.381747,0,0,0,0,1
-123.659755,5,1811.292369,0,0,1,0,0
751.782035,45,1818.611849,0,0,1,0,0
103.828404,11,1827.013717,0,0,1,0,0
-132.738533,1,1827.624128,0,0,1,0,0
337.997289,1,1828.00849,0,0,0,0,1
328.826743,1,1828.530658,0,0,0,0,1
731.822399,41,1836.09108,0,0,1,0,0
337.909528,1,1836.642573,0,0,0,0,1
-188.764995,5,1838.851454,0,0,1,0,0
973.415781,38,1846.83403,0,0,1,0,0
-120.077742,1,1847.376284,0,0,1,0,0
-124.087411,3,1850.750103,0,0,1,0,0
328.800053,1,1851.074033,0,0,0,0,1
328.931002,1,1851.79345,0,0,0,0,1
328.93954,1,1852.159785,0,0,0,0,1
337.778864,1,1852.725236,0,0,0,0,1
-126.883643,3,1855.136519,0,0,1,0,0
337.778863,1,1855.482652,0,0,0,0,1
421.573832,18,1872.702966,0,0,1,0,0
321.129458,1,1873.061619,0,0,1,0,0
34.105395,12,1875.139035,0,0,1,0,0
328.931002,1,1875.592624,0,0,0,0,1
-124.209034,3,1878.672873,0,0,1,0,0
1680.828053,69,1891.514775,0,0,1,0,0
492.660788,30,1901.354212,0,0,1,0,0
65.100089,14,1903.651236,0,0,1,0,0
328.931002,1,1904.048477,0,0,0,0,1
337.800053,1,1904.427021,0,0,0,0,1
337.991636,1,1904.876406,0,0,0,0,1
-203.715646,8,1905.823547,0,0,1,0,0
328.991637,1,1906.204952,0,0,0,0,1
328.826743,1,1906.51422,0,0,0,0,1
337.778863,1,1907.156355,0,0,0,0,1
328.800053,1,1907.517768,0,0,0,0,1
328.859287,1,1908.240297,1,0,0,0,0
328.778864,1,1908.627451,0,0,0,0,1
328.881733,1,1909.056247,0,0,1,0,0
328.99729,1,1909.656987,0,0,0,0,1
328.931002,1,1910.053715,0,0,0,0,1
337.800054,1,1910.397162,0,0,0,0,1
-133.426202,4,1913.935336,0,0,1,0,0
164.431957,11,1917.382059,0,0,1,0,0
219.977336,16,1933.425406,0,0,1,0,0
328.968284,1,1933.770781,0,0,0,0,1
328.90969,1,1934.393497,0,0,1,0,0
328.93954,1,1934.737837,0,0,0,0,1
124.669908,12,1937.746307,0,0,1,0,0
349.956695,16,1941.444985,0,0,1,0,0
651.070822,33,1949.211744,1,0,0,0,0
660.194093,31,1977.153306,0,0,1,0,0
827.258153,38,1984.915063,0,0,1,0,0
37.753484,10,1989.378418,0,0,1,0,0
337.800053,1,1989.770738,0,0,0,0,1
-153.288297,3,1994.292566,0,0,1,0,0
328.778864,1,1994.607619,0,0,0,0,1
328.90969,1,1995.064335,0,0,1,0,0
328.82862,1,1995.397515,0,0,0,0,1
-158.28302,4,2000.186403,0,0,1,0,0
522.385779,25,2351.165256,0,0,1,0,0
660.4987,31,2357.011881,0,0,1,0,0
328.778864,1,2357.513387,0,0,0,0,1
-88.075178,2,2359.422078,0,0,1,0,0
337.800053,1,2359.697228,0,0,0,0,1
526.754251,23,2364.605779,0,0,1,0,0
-151.800564,7,2369.082002,0,0,1,0,0
633.65748,10,2381.046792,0,0,0,0,1
474.000772,23,2385.75233,0,0,1,0,0
328.99729,1,2386.066281,0,0,0,0,1
-122.506057,7,2388.768165,0,0,1,0,0
978.282282,23,2393.030158,0,0,0,0,1
302.33409,14,2412.451482,0,0,1,0,0
328.859287,1,2412.773875,1,0,0,0,0
328.991637,1,2413.217351,0,0,0,0,1
674.55413,30,2422.420745,0,0,1,0,0
491.835499,26,2425.826272,0,0,1,0,0
337.826744,1,2426.19548,0,0,0,0,1
328.90969,1,2426.639843,0,0,1,0,0
-206.0944,5,2429.443344,0,0,1,0,0
328.881733,1,2429.800358,0,0,1,0,0
337.888918,1,2430.100828,0,0,1,0,0
337.939542,1,2430.504552,0,0,0,0,1
328.800053,1,2430.951873,0,0,0,0,1
328.90969,1,2431.385108,0,0,1,0,0
328.977188,1,2431.933236,0,0,0,0,1
328.82862,1,2432.261087,0,0,0,0,1
584.771831,27,2439.168684,1,0,0,0,0
720.063007,36,2446.436849,0,0,1,0,0
328.938687,1,2446.813081,0,0,0,0,1
275.260651,17,2450.193548,0,0,1,0,0
337.93954,1,2450.582201,0,0,0,0,1
328.968284,1,2450.98457,0,0,0,0,1
328.99729,1,2451.43725,0,0,0,0,1
337.800053,1,2451.802591,0,0,0,0,1
437.576032,18,2476.265625,0,0,1,0,0
328.881733,1,2476.665365,0,0,1,0,0
35.334891,10,2480.893313,0,0,1,0,0
73.252768,11,2483.914198,0,0,1,0,0
328.909529,1,2484.248011,0,0,0,0,1
337.778863,1,2484.620351,0,0,0,0,1
328.826743,1,2485.025625,0,0,0,0,1
531.639338,29,2490.858114,0,0,1,0,0
337.778864,1,2491.262995,0,0,0,0,1
-70.093347,7,2496.256982,0,0,1,0,0
337.881733,1,2496.624383,0,0,1,0,0
-124.582324,5,2499.553417,0,0,1,0,0
328.931002,1,2499.848061,0,0,0,0,1
814.583697,36,2507.446855,0,0,1,0,0
328.93954,1,2507.794894,0,0,0,0,1
239.495759,18,2522.781509,0,0,1,0,0
328.831123,1,2523.145278,0,0,0,0,1
337.778863,1,2523.518561,0,0,0,0,1
277.948624,16,2871.474375,0,0,1,0,0
-116.512085,5,2874.176325,0,0,1,0,0
-189.662446,8,2876.024458,0,0,1,0,0
218.844025,13,2878.67527,0,0,1,0,0
337.997289,1,2879.01123,0,0,0,0,1
13.705665,9,2880.308182,0,0,1,0,0
1461.369233,61,2894.581259,0,0,1,0,0
-136.423733,5,2896.559874,0,0,1,0,0
1199.323474,53,2907.617069,0,0,1,0,0
305.7029,14,2928.265418,0,0,1,0,0
337.93954,1,2928.639401,0,0,0,0,1
337.939542,1,2929.232033,0,0,0,0,1
328.881733,1,2929.713195,0,0,1,0,0
29.44916,10,2933.704698,0,0,1,0,0
328.948322,1,2934.219438,0,0,0,0,1
328.931002,1,2934.593259,0,0,0,0,1
-153.527846,3,2939.039446,0,0,1,0,0
-41.639658,7,2940.66715,0,0,1,0,0
328.93954,1,2941.063344,0,0,0,0,1
328.80893,1,2941.42227,0,0,0,0,1
153.449322,11,2947.566998,0,0,1,0,0
337.800052,1,2947.849971,0,0,0,0,1
328.826743,1,2948.213949,0,0,0,0,1
337.997289,1,2948.710065,0,0,0,0,1
328.859287,1,2949.508657,1,0,0,0,0
817.307969,31,2962.635231,0,0,1,0,0
337.93954,1,2962.94737,0,0,0,0,1
-121.933354,6,2964.422119,0,0,1,0,0
328.778864,1,2964.769329,0,0,0,0,1
328.800053,1,2965.16093,0,0,0,0,1
284.628332,14,2979.826087,0,0,1,0,0
328.99729,1,2980.181316,0,0,0,0,1
331.533112,16,2995.055422,0,0,1,0,0
116.263032,8,2998.222183,0,0,1,0,0
281.25767,15,3002.621601,0,0,1,0,0
-108.16604,2,3003.053769,1,0,0,0,0
746.520887,31,3015.076414,0,0,1,0,0
632.399742,10,3026.479245,0,0,0,0,1
328.82862,1,3026.824768,0,0,0,0,1
328.859287,1,3027.195935,1,0,0,0,0
328.778864,1,3027.585934,0,0,0,0,1
328.93954,1,3027.971884,0,0,0,0,1
89.421705,12,3031.309585,0,0,1,0,0
337.93954,1,3031.654337,0,0,0,0,1
328.859287,1,3032.030015,1,0,0,0,0
321.129458,1,3032.827276,0,0,1,0,0
683.158104,45,3040.699086,0,0,1,0,0
328.82862,1,3041.006078,0,0,0,0,1
1321.657963,58,3062.590804,0,0,1,0,0
-223.793572,12,3064.384572,0,0,1,0,0
217.796886,13,3068.644223,0,0,1,0,0
337.826741,1,3069.081094,0,0,0,0,1
328.968284,1,3069.457055,0,0,0,0,1
328.93954,1,3070.238435,0,0,0,0,1
328.881733,1,3070.632315,0,0,1,0,0
330.129458,1,3071.036566,0,0,1,0,0
337.80893,1,3071.360709,0,0,0,0,1
18.053164,9,3072.669485,0,0,1,0,0
517.632662,25,3101.702246,0,0,1,0,0
-27.888703,7,3103.311861,0,0,1,0,0
337.800055,1,3103.710636,0,0,0,0,1
328.931002,1,3104.285364,0,0,0,0,1
328.991637,1,3104.715049,0,0,0,0,1
100.076634,12,3337.202039,0,0,1,0,0
200.518845,16,3341.004126,0,0,1,0,0
857.417645,40,3352.770469,0,0,1,0,0
-36.484595,4,3353.841059,0,0,1,0,0
328.881733,1,3354.208221,0,0,1,0,0
337.800053,1,3354.714863,0,0,0,0,1
244.024282,14,3379.793267,0,0,1,0,0
337.778865,1,3380.12562,0,0,0,0,1
-58.666689,4,3381.260346,0,0,1,0,0
328.931002,1,3381.584474,0,0,0,0,1
274.971366,13,3397.198906,0,0,1,0,0
328.931002,1,3397.524027,0,0,0,0,1
328.931002,1,3397.862409,0,0,0,0,1
328.778864,1,3398.227542,0,0,0,0,1
-35.836623,4,3399.298195,0,0,1,0,0
-16.401987,6,3401.102277,0,0,1,0,0
337.826743,1,3401.519583,0,0,0,0,1
337.863408,1,3401.881314,0,0,0,0,1
508.657229,23,3406.212575,1,0,0,0,0
328.846564,1,3406.484227,0,0,1,0,0
337.99729,1,3406.790436,0,0,0,0,1
48.63049,10,3408.808989,0,0,1,0,0
340.565669,16,3413.991622,0,0,1,0,0
777.439651,35,3431.935951,0,0,1,0,0
328.931002,1,3432.259322,0,0,0,0,1
657.9406,25,3441.386545,0,0,1,0,0
740.345338,36,3455.262646,0,0,1,0,0
500.100488,28,3464.492384,0,0,1,0,0
136.355783,15,3473.327095,0,0,1,0,0
328.888918,1,3473.679692,0,0,1,0,0
251.860605,14,3477.754358,0,0,1,0,0
457.219374,22,3480.758132,0,0,1,0,0
328.93954,1,3481.402137,0,0,0,0,1
337.826743,1,3481.77423,0,0,0,0,1
56.416276,13,3483.876729,0,0,1,0,0
-137.582586,5,3485.879992,0,0,1,0,0
-137.606449,5,3487.901507,0,0,1,0,0
337.99729,1,3488.236241,0,0,0,0,1
337.931001,1,3488.604909,0,0,0,0,1
337.800052,1,3488.949202,0,0,0,0,1
328.863408,1,3489.312194,0,0,0,0,1
-133.536945,4,3492.747552,0,0,1,0,0
147.461973,17,3495.439579,0,0,1,0,0
27.745772,9,3496.60135,0,0,1,0,0
337.968284,1,3496.908404,0,0,0,0,1
337.99729,1,3497.378472,0,0,0,0,1
330.129458,1,3497.818335,0,0,1,0,0
328.931002,1,3498.166051,0,0,0,0,1
507.421376,32,3504.421043,0,0,1,0,0
330.129458,1,3504.832732,0,0,1,0,0
-188.880178,5,3507.032608,0,0,1,0,0
328.888918,1,3507.354271,0,0,1,0,0
873.753544,38,3524.65444,1,0,0,0,0
328.800053,1,3524.950185,0,0,0,0,1
-16.398171,6,3526.903923,0,0,1,0,0
290.628113,19,3530.211006,0,0,1,0,0
328.778864,1,3530.606659,0,0,0,0,1
328.826743,1,3531.01654,0,0,0,0,1
-108.122235,2,3531.596911,0,0,1,0,0
328.93954,1,3531.948507,0,0,0,0,1
328.931002,1,3532.35779,0,0,0,0,1
199.39781,12,3536.289694,0,0,1,0,0
328.863408,1,3536.748419,0,0,0,0,1
337.968285,1,3537.138153,0,0,0,0,1
328.931002,1,3537.568904,0,0,0,0,1
174.054924,14,3540.640074,0,0,1,0,0
-222.87369,13,3542.238565,0,0,1,0,0
424.939036,20,3547.339572,0,0,1,0,0
337.93954,1,3547.712047,0,0,0,0,1
234.575653,12,3553.194684,0,0,1,0,0
64.22921,11,3556.196175,0,0,1,0,0
200.734851,16,3560.646183,0,0,1,0,0
337.800053,1,3561.080196,0,0,0,0,1
1156.498048,41,3580.720678,1,0,0,0,0
328.863408,1,3581.053938,0,0,0,0,1
328.968284,1,3581.435778,0,0,0,0,1
328.931002,1,3581.907941,0,0,0,0,1
328.800053,1,3582.329856,0,0,0,0,1
328.968284,1,3582.72889,0,0,0,0,1
456.38677,18,3598.242559,0,0,1,0,0
328.831123,1,3598.556332,0,0,0,0,1
393.359075,17,3617.047054,0,0,1,0,0
328.881733,1,3617.470381,0,0,1,0,0
337.800053,1,3617.782007,0,0,0,0,1
210.650124,11,3622.473778,0,0,1,0,0
328.800053,1,3622.785896,0,0,0,0,1
328.888918,1,3623.176382,0,0,1,0,0
478.738963,20,3637.124894,0,0,1,0,0
337.826742,1,3637.607459,0,0,0,0,1
321.129458,1,3638.078386,0,0,1,0,0
-124.011808,1,3638.648253,0,0,1,0,0
207.702363,22,3642.678893,0,0,1,0,0
-108.122235,2,3643.251009,0,0,1,0,0
589.576676,27,3649.434733,1,0,0,0,0
328.863408,1,3649.767635,0,0,0,0,1
-192.839817,7,3650.72159,0,0,1,0,0
328.991637,1,3651.084501,0,0,0,0,1
328.93954,1,3651.403254,0,0,0,0,1
321.129458,1,3651.894115,0,0,1,0,0
328.82862,1,3652.210801,0,0,0,0,1
328.846564,1,3652.575176,0,0,1,0,0
337.99729,1,3653.210053,0,0,0,0,1
91.979624,15,3655.833357,0,0,1,0,0
337.931002,1,3656.212745,0,0,0,0,1
93.114972,12,3659.295069,0,0,1,0,0
328.82862,1,3659.678972,0,0,0,0,1
32.938887,10,3663.788534,0,0,1,0,0
237.320843,13,3671.560546,0,0,1,0,0
87.534523,14,3673.751143,0,0,1,0,0
328.846564,1,3674.147214,0,0,1,0,0
618.373166,33,3686.538005,1,0,0,0,0
574.66982,29,3691.883982,0,0,1,0,0
852.550437,40,3700.102823,0,0,1,0,0
328.931002,1,3700.493246,0,0,0,0,1
-99.144831,2,3701.055904,0,0,1,0,0
328.873836,1,3701.539734,0,0,0,0,1
328.90969,1,3701.978999,0,0,1,0,0
337.931002,1,3702.328532,0,0,0,0,1
359.593475,17,3709.326136,0,0,1,0,0
80.508706,11,3711.069,0,0,1,0,0
477.635197,24,3714.929175,0,0,1,0,0
63.848409,11,3718.130351,0,0,1,0,0
330.129458,1,3718.551496,0,0,1,0,0
-126.892625,3,3719.89307,1,0,0,0,0
328.931002,1,3720.204617,0,0,0,0,1
1067.69612,49,3741.847613,1,0,0,0,0
631.580683,29,3752.356313,0,0,1,0,0
328.846564,1,3752.667024,0,0,1,0,0
-128.469319,4,3755.823642,0,0,1,0,0
22.432527,9,3756.835405,0,0,1,0,0
337.99729,1,3757.132743,0,0,0,0,1
190.548758,15,3760.62343,0,0,1,0,0
328.82862,1,3761.022326,0,0,0,0,1
337.931001,1,3761.415747,0,0,0,0,1
330.129458,1,3761.857811,0,0,1,0,0
630.241077,10,3770.188477,0,0,0,0,1
-140.864514,5,3773.066,1,0,0,0,0
-124.011808,1,3773.498855,0,0,1,0,0
373.26371,17,3778.284647,0,0,1,0,0
449.017607,22,3800.602989,0,0,1,0,0
626.263671,29,3809.306018,0,0,1,0,0
761.458463,32,3820.485444,0,0,1,0,0
652.206555,37,3828.033588,0,0,1,0,0
231.111293,12,3846.013319,0,0,1,0,0
337.800053,1,3846.330813,0,0,0,0,1
337.800053,1,3846.713977,0,0,0,0,1
328.831123,1,3847.092789,0,0,0,0,1
328.778864,1,3847.457985,0,0,0,0,1
1177.461724,49,3876.440346,0,0,1,0,0
464.553565,19,3895.103156,0,0,1,0,0
337.863408,1,3895.404678,0,0,0,0,1
474.502784,24,3900.323562,0,0,1,0,0
-108.16604,2,3900.692441,1,0,0,0,0
494.32632,22,3906.717273,0,0,1,0,0
260.655167,16,3910.791321,0,0,1,0,0
328.863408,1,3911.182987,0,0,0,0,1
328.931002,1,3911.600055,0,0,0,0,1
328.881733,1,3912.046219,0,0,1,0,0
65.100089,14,3914.434833,0,0,1,0,0
337.888919,1,3914.836761,0,0,1,0,0
328.93954,1,3915.207708,0,0,0,0,1
654.768473,28,3926.964938,0,0,1,0,0
337.778863,1,3927.289117,0,0,0,0,1
98.79889,9,3929.20397,0,0,1,0,0
328.778864,1,3929.549337,0,0,0,0,1
337.778863,1,3929.944032,0,0,0,0,1
328.968284,1,3930.304058,0,0,0,0,1
-140.992072,5,3933.117573,1,0,0,0,0
328.99729,1,3933.438597,0,0,0,0,1
337.931001,1,3933.891995,0,0,0,0,1
-152.077804,6,3937.671661,0,0,1,0,0
96.267073,12,3940.777706,0,0,1,0,0
-37.041224,4,3941.953085,0,0,1,0,0
337.93954,1,3942.238972,0,0,0,0,1
225.19388,16,3946.074796,0,0,1,0,0
337.939541,1,3946.414849,0,0,0,0,1
328.888918,1,3946.769044,0,0,1,0,0
328.831123,1,3947.142346,0,0,0,0,1
328.773494,1,3947.644212,0,0,1,0,0
-108.16604,2,3948.025471,1,0,0,0,0
328.99729,1,3948.430547,0,0,0,0,1
337.778864,1,3948.867496,0,0,0,0,1
71.99008,11,3950.740159,0,0,1,0,0
798.486332,16,3953.561253,0,0,0,0,1
136.574227,13,3956.878961,0,0,1,0,0
328.979938,1,3963.253449,0,0,0,0,1
328.931002,1,3963.871165,0,0,0,0,1
250.799515,13,3971.671576,0,0,1,0,0
-108.16604,2,3972.072464,1,0,0,0,0
536.988886,30,3980.162586,0,0,1,0,0
328.888918,1,3980.533818,0,0,1,0,0
328.800053,1,3980.897706,0,0,0,0,1
328.93954,1,3981.26213,0,0,0,0,1
81.407145,8,3983.201353,0,0,1,0,0
328.991637,1,3983.644495,0,0,0,0,1
328.931002,1,3984.027667,0,0,0,0,1
328.881733,1,3984.42363,0,0,1,0,0
392.85947,17,3993.103536,0,0,1,0,0
328.931002,1,3993.39719,0,0,0,0,1
328.881733,1,3993.808515,0,0,1,0,0
698.607098,30,4003.0462,1,0,0,0,0
558.495474,23,4007.542007,0,0,1,0,0
630.218174,27,4028.070942,0,0,1,0,0
-226.384404,14,4029.692748,0,0,1,0,0
-123.848789,3,4032.720969,0,0,1,0,0
237.901102,17,4036.338842,0,0,1,0,0
337.931002,1,4036.728205,0,0,0,0,1
207.149191,13,4044.716841,0,0,1,0,0
337.82862,1,4045.034921,0,0,0,0,1
328.93954,1,4045.430698,0,0,0,0,1
-67.566861,4,4046.348906,0,0,1,0,0
691.415861,33,4053.680979,0,0,1,0,0
189.768732,11,4057.50822,0,0,1,0,0
3.423183,9,4067.078177,0,0,1,0,0
328.778864,1,4067.444532,0,0,0,0,1
337.800053,1,4067.8339,0,0,0,0,1
328.778864,1,4068.260317,0,0,0,0,1
227.912087,17,4070.753948,0,0,1,0,0
328.778864,1,4071.121622,0,0,0,0,1
120.321129,12,4074.322017,0,0,1,0,0
328.778864,1,4074.688186,0,0,0,0,1
337.997291,1,4075.059306,0,0,0,0,1
91.163851,14,4077.296162,0,0,1,0,0
639.385629,56,4117.921275,1,0,0,0,0
337.888918,1,4118.219164,0,0,1,0,0
328.778864,1,4118.620018,0,0,0,0,1
21.218098,9,4119.576845,0,0,1,0,0
328.863408,1,4119.866454,0,0,0,0,1
328.93954,1,4120.215372,0,0,0,0,1
428.92026,17,4139.054063,0,0,1,0,0
446.054206,21,4147.143732,0,0,1,0,0
328.931002,1,4147.466011,0,0,0,0,1
285.007497,14,4152.537507,0,0,1,0,0
1845.803309,76,4219.625683,0,0,1,0,0
328.93954,1,4219.9697,0,0,0,0,1
337.931001,1,4220.364812,0,0,0,0,1
328.800053,1,4220.73973,0,0,0,0,1
109.296918,8,4227.488655,0,0,1,0,0
407.142568,18,4244.312347,0,0,1,0,0
65.100089,14,4246.780989,0,0,1,0,0
330.129458,1,4247.298161,0,0,1,0,0
328.846564,1,4247.592922,0,0,1,0,0
328.800053,1,4247.919058,0,0,0,0,1
611.355065,26,4260.340633,0,0,1,0,0
-6.846413,8,4262.036631,0,0,1,0,0
328.93954,1,4262.452508,0,0,0,0,1
1129.447673,52,4294.788657,0,0,1,0,0
337.931002,1,4295.098854,0,0,0,0,1
328.977188,1,4295.531252,0,0,0,0,1
328.80893,1,4295.87362,0,0,0,0,1
328.82862,1,4296.228941,0,0,0,0,1
328.846564,1,4296.573437,0,0,1,0,0
328.93954,1,4296.930642,0,0,0,0,1
337.93954,1,4297.332659,0,0,0,0,1
328.93954,1,4297.750994,0,0,0,0,1
328.881733,1,4298.206722,0,0,1,0,0
181.514219,10,4314.571978,0,0,1,0,0
328.773494,1,4315.07324,0,0,1,0,0
328.93954,1,4315.406932,0,0,0,0,1
328.826743,1,4315.751036,0,0,0,0,1
423.459871,19,4320.665516,1,0,0,0,0
-200.627355,5,4321.572323,0,0,1,0,0
729.949759,35,4339.394374,0,0,1,0,0
-13.992875,8,4342.409061,0,0,1,0,0
328.968284,1,4342.716142,0,0,0,0,1
338.240948,21,4346.507582,0,0,1,0,0
328.846564,1,4346.845243,0,0,1,0,0
328.846564,1,4347.216288,0,0,1,0,0
321.129458,1,4347.60187,0,0,1,0,0
807.828276,34,4367.027049,0,0,1,0,0
337.800051,1,4367.38879,0,0,0,0,1
486.385857,22,4388.353929,0,0,1,0,0
803.234776,36,4404.796167,0,0,1,0,0
328.99729,1,4405.128411,0,0,0,0,1
370.316519,19,4409.940975,0,0,1,0,0
84.977169,12,4413.739435,0,0,1,0,0
328.931002,1,4414.138892,0,0,0,0,1
-199.603445,5,4415.008688,0,0,1,0,0
-140.999267,1,4418.179675,1,0,0,0,0
328.90969,1,4418.629208,0,0,1,0,0
337.828619,1,4418.995463,0,0,0,0,1
188.781557,15,4422.355514,0,0,1,0,0
330.129458,1,4422.857479,0,0,1,0,0
629.912774,30,4431.43053,0,0,1,0,0
215.223339,15,4434.727727,0,0,1,0,0
1060.278724,47,4450.657807,0,0,1,0,0
328.800053,1,4451.065778,0,0,0,0,1
328.826743,1,4451.44791,0,0,0,0,1
328.931002,1,4451.844386,0,0,0,0,1
328.991637,1,4452.304985,0,0,0,0,1
-129.313163,4,4455.634258,0,0,1,0,0
337.93954,1,4455.941402,0,0,0,0,1
337.881733,1,4456.4005,0,0,1,0,0
328.800053,1,4456.720509,0,0,0,0,1
122.89583,12,4459.879579,0,0,1,0,0
214.654274,16,4463.311673,0,0,1,0,0
337.826743,1,4463.703305,0,0,0,0,1
-191.779191,5,4465.991095,0,0,1,0,0
337.778864,1,4466.339763,0,0,0,0,1
1559.777918,63,4497.529001,0,0,1,0,0
-132.866339,4,4500.824099,0,0,1,0,0
328.881733,1,4501.20731,0,0,1,0,0
271.239802,13,4515.611998,0,0,1,0,0
683.29621,28,4528.420825,0,0,1,0,0
321.129458,1,4528.804414,0,0,1,0,0
-129.071402,1,4529.28622,0,0,1,0,0
328.873836,1,4529.767046,0,0,0,0,1
1047.44236,43,4544.654328,0,0,1,0,0
328.99729,1,4545.016935,0,0,0,0,1
352.536587,20,4549.396905,0,0,1,0,0
337.931002,1,4549.720135,0,0,0,0,1
708.504349,12,4561.300071,0,0,0,0,1
328.778864,1,4561.684496,0,0,0,0,1
508.616372,23,4568.53447,0,0,1,0,0
337.826744,1,4574.981448,0,0,0,0,1
328.881733,1,4575.42248,0,0,1,0,0
328.846564,1,4575.762474,0,0,1,0,0
328.931002,1,4576.10645,0,0,0,0,1
-188.428261,5,4578.270191,0,0,1,0,0
-141.893674,5,4581.048194,1,0,0,0,0
444.977245,21,4590.85073,0,0,1,0,0
-137.606449,5,4592.952708,0,0,1,0,0
328.778864,1,4593.284357,0,0,0,0,1
436.978704,20,4599.143251,0,0,1,0,0
337.939541,1,4599.531324,0,0,0,0,1
603.626839,28,4613.705492,0,0,1,0,0
656.093469,35,4636.972666,0,0,1,0,0
470.378753,22,4642.748498,0,0,1,0,0
260.836952,16,4658.087353,0,0,1,0,0
-154.258392,6,4661.776679,0,0,1,0,0
178.881338,12,5011.470532,0,0,1,0,0
144.548616,9,5014.699998,0,0,1,0,0
860.496466,39,5023.486428,0,0,1,0,0
62.393906,11,5032.448225,0,0,1,0,0
337.888919,1,5032.842164,0,0,1,0,0
328.920203,1,5033.326233,0,0,0,0,1
682.677903,11,5035.680653,0,0,0,0,1
-129.071402,1,5036.126379,0,0,1,0,0
340.524824,15,5051.452888,0,0,1,0,0
561.472542,33,5058.951914,1,0,0,0,0
573.152067,32,5066.329931,0,0,1,0,0
596.811396,27,5074.434933,1,0,0,0,0
578.228437,41,5083.094239,0,0,1,0,0
337.863409,1,5083.563582,0,0,0,0,1
328.773494,1,5084.073153,0,0,1,0,0
328.859285,1,5084.364148,1,0,0,0,0
328.846564,1,5084.696027,0,0,1,0,0
214.736487,11,5097.799685,0,0,1,0,0
328.800053,1,5104.061587,0,0,0,0,1
328.80893,1,5104.437741,0,0,0,0,1
544.140864,25,5111.861438,1,0,0,0,0
33.240309,10,5116.240045,0,0,1,0,0
-126.824541,3,5117.769676,1,0,0,0,0
321.129458,1,5118.230666,0,0,1,0,0
328.859287,1,5118.585071,1,0,0,0,0
249.94882,15,5472.713437,0,0,1,0,0
8.322289,9,5475.575465,0,0,1,0,0
328.859287,1,5475.933499,1,0,0,0,0
-129.312562,4,5479.175343,0,0,1,0,0
328.977858,1,5479.551684,0,0,0,0,1
337.931001,1,5479.875744,0,0,0,0,1
328.99729,1,5480.209244,0,0,0,0,1
337.826743,1,5480.5844,0,0,0,0,1
328.881733,1,5481.024957,0,0,1,0,0
803.457881,36,5514.070439,0,0,1,0,0
135.714371,10,5516.998917,0,0,1,0,0
321.129458,1,5517.484535,0,0,1,0,0
630.466788,37,5530.624546,0,0,1,0,0
576.256834,26,5540.724074,0,0,1,0,0
43.403437,10,5543.760375,0,0,1,0,0
337.828619,1,5544.131902,0,0,0,0,1
328.826743,1,5544.485086,0,0,0,0,1
328.881733,1,5544.861247,0,0,1,0,0
260.976032,14,5547.350955,0,0,1,0,0
745.326244,30,5554.058132,0,0,1,0,0
337.99729,1,5554.399179,0,0,0,0,1
328.80893,1,5554.730937,0,0,0,0,1
-136.910759,5,5556.666066,0,0,1,0,0
-158.034737,4,5560.801823,0,0,1,0,0
328.968284,1,5561.0644,0,0,0,0,1
1294.198994,56,5572.780827,0,0,1,0,0
398.875405,19,5578.646362,0,0,1,0,0
632.927223,32,5585.531376,0,0,1,0,0
-126.393094,1,5586.100276,0,0,1,0,0
328.826743,1,5586.435144,0,0,0,0,1
328.846564,1,5586.780505,0,0,1,0,0
471.344076,23,5615.555232,0,0,1,0,0
1362.578243,56,5642.712567,0,0,1,0,0
268.549567,14,5645.058788,0,0,1,0,0
898.641729,38,5665.518158,0,0,1,0,0
328.93954,1,5665.815671,0,0,0,0,1
328.881733,1,5666.251235,0,0,1,0,0
-43.82047,7,5667.925483,0,0,1,0,0
299.342239,18,5671.103327,0,0,1,0,0
328.931002,1,5671.442823,0,0,0,0,1
328.826743,1,5671.799283,0,0,0,0,1
328.826743,1,5672.195543,0,0,0,0,1
337.997291,1,5672.56726,0,0,0,0,1
328.881733,1,5673.036543,0,0,1,0,0
328.859286,1,5673.386649,1,0,0,0,0
328.99729,1,5673.757998,0,0,0,0,1
318.154197,16,5678.5632,0,0,1,0,0
448.286428,21,5684.037177,0,0,1,0,0
337.826743,1,5684.636042,0,0,0,0,1
328.846564,1,5684.97183,0,0,1,0,0
328.82862,1,5685.335696,0,0,0,0,1
337.826742,1,5685.7255,0,0,0,0,1
150.285755,9,5698.100488,0,0,1,0,0
633.515285,25,5713.871865,0,0,1,0,0
337.939539,1,5714.181054,0,0,0,0,1
979.613417,44,5729.060529,0,0,1,0,0
681.771011,30,5743.890198,1,0,0,0,0
328.931002,1,5744.299972,0,0,0,0,1
328.800053,1,5744.679145,0,0,0,0,1
-132.922976,1,5746.70444,0,0,1,0,0
1032.563828,42,5773.728316,0,0,1,0,0
-9.452518,8,5774.884162,0,0,1,0,0
432.822207,21,5778.864571,0,0,1,0,0
337.800054,1,5779.246095,0,0,0,0,1
-125.339811,5,5781.962092,0,0,1,0,0
328.778864,1,5782.2676,0,0,0,0,1
328.931002,1,5782.670675,0,0,0,0,1
328.800053,1,5783.031164,0,0,0,0,1
382.054419,28,5787.44257,0,0,1,0,0
351.604174,15,5793.819413,0,0,1,0,0
337.852828,1,5794.007089,0,0,1,0,0
98.341552,12,5797.463307,0,0,1,0,0
11.497835,9,5800.517397,0,0,1,0,0
173.907319,15,5803.948833,0,0,1,0,0
-140.949306,1,5807.024254,1,0,0,0,0
328.909529,1,5807.353122,0,0,0,0,1
328.863408,1,5807.752043,0,0,0,0,1
328.859287,1,5808.101384,1,0,0,0,0
466.023176,29,5813.694456,0,0,1,0,0
1071.066687,58,5838.299889,0,0,1,0,0
921.503996,45,5849.936075,0,0,1,0,0
940.156455,44,5861.243905,0,0,1,0,0
328.826743,1,5861.660909,0,0,0,0,1
328.846564,1,5861.976956,0,0,1,0,0
591.170328,29,5872.544961,0,0,1,0,0
328.542968,15,5883.895479,0,0,1,0,0
161.02153,11,5887.163947,0,0,1,0,0
114.597444,13,5896.514931,0,0,1,0,0
328.800053,1,5896.853136,0,0,0,0,1
632.660379,27,5905.757096,0,0,1,0,0
328.99729,1,5906.251866,0,0,0,0,1
337.939541,1,5906.657465,0,0,0,0,1
-125.050779,5,5909.543926,0,0,1,0,0
368.389918,17,5916.50083,0,0,1,0,0
337.800053,1,5916.833225,0,0,0,0,1
337.800053,1,5917.207466,0,0,0,0,1
214.408044,13,6262.472632,0,0,1,0,0
337.800053,1,6262.806083,0,0,0,0,1
328.778864,1,6263.188512,0,0,0,0,1
328.93954,1,6263.604027,0,0,0,0,1
328.859287,1,6263.975432,1,0,0,0,0
654.415053,30,6273.473566,0,0,1,0,0
1166.223136,47,6283.358281,0,0,1,0,0
328.93954,1,6283.743622,0,0,0,0,1
328.778864,1,6284.143244,0,0,0,0,1
119.044829,12,6287.187503,0,0,1,0,0
587.665764,31,6295.271337,0,0,1,0,0
328.859287,1,6295.570843,1,0,0,0,0
860.721102,37,6317.077345,1,0,0,0,0
482.789945,32,6328.014043,0,0,1,0,0
328.800053,1,6328.353801,0,0,0,0,1
328.99729,1,6328.749473,0,0,0,0,1
328.863408,1,6329.130163,0,0,0,0,1
941.033835,20,6332.833848,0,0,1,0,0
-115.391931,2,6333.365314,0,0,1,0,0
219.261779,12,6338.675469,0,0,1,0,0
697.814682,39,6345.232764,0,0,1,0,0
337.881734,1,6345.667564,0,0,1,0,0
321.129458,1,6346.099972,0,0,1,0,0
187.173292,14,6348.949187,0,0,1,0,0
328.931002,1,6349.338171,0,0,0,0,1
-132.950762,1,6351.341482,0,0,1,0,0
-6.846413,8,6353.246342,0,0,1,0,0
430.983301,20,6357.325596,0,0,1,0,0
106.367344,12,6360.533643,0,0,1,0,0
518.965243,24,6368.99378,0,0,1,0,0
392.345136,19,6375.126082,0,0,1,0,0
277.134653,14,6383.928389,0,0,1,0,0
50.852085,10,6391.735349,0,0,1,0,0
328.831123,1,6392.114916,0,0,0,0,1
202.504872,15,6394.431267,1,0,0,0,0
921.584525,39,6411.898434,0,0,1,0,0
73.084406,10,6414.668973,0,0,1,0,0
117.164148,9,6416.752089,0,0,1,0,0
328.826743,1,6417.077156,0,0,0,0,1
337.800052,1,6417.397352,0,0,0,0,1
337.931001,1,6417.787124,0,0,0,0,1
355.493381,16,6426.228326,0,0,1,0,0
328.99729,1,6426.591614,0,0,0,0,1
737.350653,33,6446.732642,0,0,1,0,0
337.800053,1,6447.066738,0,0,0,0,1
550.729504,23,6450.766776,0,0,1,0,0
328.859287,1,6451.100548,1,0,0,0,0
-137.316294,5,6558.679373,0,0,1,0,0
328.831123,1,6558.995811,0,0,0,0,1
182.518249,11,6562.87612,0,0,1,0,0
685.061232,29,6572.949121,1,0,0,0,0
652.926346,31,6587.826988,0,0,1,0,0
1063.178986,43,6604.426389,0,0,1,0,0
328.863408,1,6604.771806,0,0,0,0,1
301.870754,14,6619.613034,0,0,1,0,0
-124.410366,3,6622.644808,0,0,1,0,0
583.893711,27,6650.062925,0,0,1,0,0
337.800053,1,6650.366032,0,0,0,0,1
328.99729,1,6650.753162,0,0,0,0,1
328.968284,1,6651.114434,0,0,0,0,1
337.826743,1,6651.558666,0,0,0,0,1
879.759881,55,6660.856299,0,0,1,0,0
328.863408,1,6661.184872,0,0,0,0,1
-207.135968,5,6663.761539,0,0,1,0,0
-188.150789,5,6671.963151,0,0,1,0,0
328.826743,1,6672.269549,0,0,0,0,1
321.129458,1,6672.732688,0,0,1,0,0
328.931002,1,6673.072601,0,0,0,0,1
239.382156,23,6690.953701,0,0,1,0,0
328.778864,1,6691.258914,0,0,0,0,1
328.846564,1,6691.625192,0,0,1,0,0
1052.899963,45,6711.341457,0,0,1,0,0
328.800053,1,6711.645406,0,0,0,0,1
375.394497,19,6715.064371,0,0,1,0,0
-151.121062,7,6719.125848,0,0,1,0,0
337.778864,1,6719.454415,0,0,0,0,1
328.778864,1,6719.861953,0,0,0,0,1
523.507339,24,6724.315012,0,0,1,0,0
328.99729,1,6724.634975,0,0,0,0,1
90.438934,12,6728.230372,0,0,1,0,0
328.938687,1,6728.661294,0,0,0,0,1
337.826742,1,6729.024412,0,0,0,0,1
337.93954,1,6729.369745,0,0,0,0,1
337.997291,1,6729.73521,0,0,0,0,1
706.21592,30,6739.087391,1,0,0,0,0
738.841464,44,6749.531543,0,0,1,0,0
-115.404231,2,6749.972027,0,0,1,0,0
655.199187,30,6756.904956,0,0,1,0,0
506.822183,25,6762.145532,0,0,1,0,0
-40.930205,7,6763.709612,0,0,1,0,0
328.93954,1,6764.077243,0,0,0,0,1
-126.815048,3,6765.572324,1,0,0,0,0
328.931002,1,6765.88724,0,0,0,0,1
632.895272,10,6777.841847,0,0,1,0,0
-14.591095,8,6781.147961,0,0,1,0,0
-16.493027,8,6784.662575,0,0,1,0,0
-126.996194,3,6786.128565,1,0,0,0,0
713.273969,34,6799.193247,0,0,1,0,0
-140.999267,1,6802.048653,1,0,0,0,0
337.931002,1,6802.390759,0,0,0,0,1
328.859286,1,6802.772702,1,0,0,0,0
889.723371,46,6812.829346,0,0,1,0,0
328.773494,1,6813.292,0,0,1,0,0
337.800053,1,6813.612659,0,0,0,0,1
337.826743,1,6814.01022,0,0,0,0,1
952.765792,43,6825.733566,1,0,0,0,0
549.401023,26,6830.882367,0,0,1,0,0
328.93954,1,6831.231613,0,0,0,0,1
481.466772,23,6835.718947,0,0,1,0,0
402.816827,23,6838.411481,0,0,1,0,0
328.948692,1,6838.921379,0,0,0,0,1
328.863408,1,6839.300455,0,0,0,0,1
873.69723,47,6848.869589,0,0,1,0,0
337.800053,1,6849.200901,0,0,0,0,1
337.931001,1,6849.622605,0,0,0,0,1
-157.68607,4,6854.002004,0,0,1,0,0
-128.873497,4,6857.199424,0,0,1,0,0
328.778864,1,6857.548461,0,0,0,0,1
-71.666107,7,6862.484573,0,0,1,0,0
328.826743,1,6862.905446,0,0,0,0,1
337.826742,1,6863.293868,0,0,0,0,1
328.977188,1,6863.725274,0,0,0,0,1
328.881733,1,6864.126272,0,0,1,0,0
-124.576645,3,6867.503158,0,0,1,0,0
328.99729,1,6867.840177,0,0,0,0,1
337.881733,1,6868.278421,0,0,1,0,0
-124.011808,1,6874.851139,0,0,1,0,0
-115.18762,2,6875.438309,0,0,1,0,0
328.920203,1,6875.811424,0,0,0,0,1
399.915048,20,6882.418674,1,0,0,0,0
328.931002,1,6882.771165,0,0,0,0,1
328.826743,1,6883.112356,0,0,0,0,1
328.931002,1,6883.504864,0,0,0,0,1
-108.122235,2,6884.091373,0,0,1,0,0
328.931002,1,6884.457233,0,0,0,0,1
-16.783553,8,6885.734047,0,0,1,0,0
-127.11497,3,6888.26553,0,0,1,0,0
328.881733,1,6888.648588,0,0,1,0,0
328.826743,1,6888.958245,0,0,0,0,1
710.647983,32,6895.225843,0,0,1,0,0
328.826743,1,6895.540322,0,0,0,0,1
-8.682445,8,6897.375862,0,0,1,0,0
337.931002,1,6897.846992,0,0,0,0,1
392.913928,19,6901.816574,0,0,1,0,0
330.129458,1,6902.204082,0,0,1,0,0
592.139571,27,6907.255552,0,0,1,0,0
-115.010999,1,6907.65934,0,0,1,0,0
520.065309,47,6929.946952,0,0,1,0,0
328.881733,1,6930.2958,0,0,1,0,0
337.831123,1,6930.626145,0,0,0,0,1
337.800053,1,6930.985014,0,0,0,0,1
516.20514,26,6934.885003,0,0,1,0,0
337.863409,1,6935.159033,0,0,0,0,1
888.417545,41,6945.988357,0,0,1,0,0
322.837834,15,6961.094303,0,0,1,0,0
328.931002,1,6961.413064,0,0,0,0,1
337.800052,1,6961.7447,0,0,0,0,1
750.608022,44,6971.790375,0,0,1,0,0
328.909529,1,6978.244398,0,0,0,0,1
328.778864,1,6978.627847,0,0,0,0,1
704.818677,34,6987.013362,0,0,1,0,0
337.778864,1,6987.409788,0,0,0,0,1
328.931002,1,6987.821554,0,0,0,0,1
197.382115,12,6991.421866,0,0,1,0,0
631.267671,10,6993.908613,0,0,0,0,1
664.264155,30,7000.230348,0,0,1,0,0
337.931002,1,7000.532731,0,0,0,0,1
355.672704,18,7003.720546,0,0,1,0,0
328.778864,1,7004.047488,0,0,0,0,1
-207.783078,5,7006.502831,0,0,1,0,0
328.778864,1,7006.801511,0,0,0,0,1
328.93954,1,7007.17282,0,0,0,0,1
328.800053,1,7007.523911,0,0,0,0,1
1623.714924,68,7052.114437,0,0,1,0,0
337.778864,1,7052.547038,0,0,0,0,1
216.371999,18,7055.630504,0,0,1,0,0
328.826743,1,7055.97134,0,0,0,0,1
-129.071402,1,7056.489048,0,0,1,0,0
328.968284,1,7062.866425,0,0,0,0,1
-208.075383,5,7065.418012,0,0,1,0,0
832.604271,38,7071.167236,0,0,1,0,0
328.826743,1,7071.454235,0,0,0,0,1
693.09214,28,7079.262809,0,0,1,0,0
528.995807,31,7087.522349,0,0,1,0,0
-148.385725,6,7091.095115,0,0,1,0,0
337.931002,1,7091.44684,0,0,0,0,1
328.93954,1,7091.826882,0,0,0,0,1
328.778864,1,7092.262654,0,0,0,0,1
337.778864,1,7092.639831,0,0,0,0,1
109.396598,13,7095.076208,0,0,1,0,0
-76.559346,4,7096.066298,0,0,1,0,0
558.840515,39,7102.695142,0,0,1,0,0
337.826742,1,7103.020044,0,0,0,0,1
328.881733,1,7103.411829,0,0,1,0,0
337.931002,1,7103.730228,0,0,0,0,1
-132.922976,1,7105.75251,0,0,1,0,0
77.556786,7,7117.312112,0,0,1,0,0
427.860201,22,7122.350532,0,0,1,0,0
221.918083,13,7125.836955,0,0,1,0,0
337.997289,1,7126.256339,0,0,0,0,1
-129.329489,4,7129.518891,0,0,1,0,0
615.021929,28,7141.571574,0,0,1,0,0
-148.296399,6,7145.276673,0,0,1,0,0
337.997289,1,7145.566954,0,0,0,0,1
-124.490396,7,7148.309251,0,0,1,0,0
1040.790393,44,7157.665234,0,0,1,0,0
-132.738533,1,7158.338878,0,0,1,0,0
538.655048,32,7163.212049,0,0,1,0,0
256.107105,17,7166.606124,0,0,1,0,0
232.880191,13,7173.285926,0,0,1,0,0
657.054516,11,7175.542337,0,0,0,0,1
711.764879,31,7181.082471,0,0,1,0,0
328.99729,1,7181.399455,0,0,0,0,1
337.800054,1,7181.739914,0,0,0,0,1
1211.939848,64,7191.108124,0,0,1,0,0
-223.237323,13,7192.627898,0,0,1,0,0
190.932132,12,7202.119601,0,0,1,0,0
328.82862,1,7202.619635,0,0,0,0,1
-122.103929,6,7204.102249,0,0,1,0,0
21.15814,9,7205.000483,0,0,1,0,0
7.424843,9,7207.825508,0,0,1,0,0
328.931002,1,7208.228408,0,0,0,0,1
784.798219,37,7218.700974,1,0,0,0,0
-125.805349,5,7221.535742,0,0,1,0,0
321.129458,1,7221.949203,0,0,1,0,0
337.800053,1,7222.251825,0,0,0,0,1
337.852829,1,7222.52453,0,0,1,0,0
-115.362118,2,7223.101132,0,0,1,0,0
455.883053,28,7226.630589,0,0,1,0,0
999.070493,50,7240.844963,0,0,1,0,0
337.99729,1,7241.295037,0,0,0,0,1
322.891203,19,7244.581776,0,0,1,0,0
-199.488834,8,7251.649221,0,0,1,0,0
570.705545,27,7259.288184,0,0,1,0,0
-128.903538,7,7261.991247,0,0,1,0,0
328.800053,1,7262.285493,0,0,0,0,1
328.93954,1,7262.650633,0,0,0,0,1
337.800052,1,7263.0851,0,0,0,0,1
36.845933,10,7267.088796,0,0,1,0,0
328.859287,1,7267.448718,1,0,0,0,0
141.752841,14,7270.706349,0,0,1,0,0
544.419029,26,7279.209197,0,0,1,0,0
-132.927533,1,7281.328606,0,0,1,0,0
328.778864,1,7281.656549,0,0,0,0,1
701.577606,28,7293.323237,0,0,1,0,0
166.597488,14,7295.801101,0,0,1,0,0
-99.126362,2,7296.363158,0,0,1,0,0
256.427877,15,7302.201905,0,0,1,0,0
328.773494,1,7302.631434,0,0,1,0,0
328.800053,1,7302.947973,0,0,0,0,1
-125.836236,5,7305.700763,0,0,1,0,0
654.88796,32,7334.716742,0,0,1,0,0
328.93954,1,7335.029624,0,0,0,0,1
328.93954,1,7335.465175,0,0,0,0,1
-122.506057,7,7338.351241,0,0,1,0,0
583.45431,26,7349.84287,0,0,1,0,0
328.93954,1,7350.158614,0,0,0,0,1
457.515483,24,7355.871277,0,0,1,0,0
495.758973,24,7366.563199,0,0,1,0,0
-158.39233,4,7370.883515,0,0,1,0,0
777.666131,33,7385.577397,0,0,1,0,0
328.800053,1,7385.867167,0,0,0,0,1
716.200994,29,7416.501487,0,0,1,0,0
202.504872,15,7418.773964,1,0,0,0,0
-132.922976,1,7420.81133,0,0,1,0,0
328.881733,1,7421.20271,0,0,1,0,0
885.149286,41,7429.42247,0,0,1,0,0
337.800053,1,7429.768455,0,0,0,0,1
328.93954,1,7430.156741,0,0,0,0,1
241.483109,14,7437.608484,0,0,1,0,0
574.416067,26,7446.387853,1,0,0,0,0
550.762112,34,7456.310148,0,0,1,0,0
328.931002,1,7456.676813,0,0,0,0,1
413.104747,17,7472.80473,0,0,1,0,0
-64.870932,7,7477.867908,0,0,1,0,0
362.224545,17,7492.74899,0,0,1,0,0
-188.979451,5,7494.877291,0,0,1,0,0
328.80893,1,7495.174115,0,0,0,0,1
328.931002,1,7495.55637,0,0,0,0,1
321.129458,1,7496.007332,0,0,1,0,0
328.847601,19,7499.364286,0,0,1,0,0
128.191803,8,7506.237816,0,0,1,0,0
337.778864,1,7506.562687,0,0,0,0,1
328.800053,1,7506.882149,0,0,0,0,1
337.939541,1,7507.222893,0,0,0,0,1
337.881732,1,7507.649163,0,0,1,0,0
337.991636,1,7508.044129,0,0,0,0,1
-15.690033,6,7509.809012,0,0,1,0,0
328.99729,1,7510.143638,0,0,0,0,1
252.205955,16,7513.34346,0,0,1,0,0
-158.39363,4,7517.796083,0,0,1,0,0
471.458891,20,7524.17636,0,0,1,0,0
328.846564,1,7524.677928,0,0,1,0,0
328.93954,1,7525.039,0,0,0,0,1
328.931002,1,7525.422949,0,0,0,0,1
328.99729,1,7525.802635,0,0,0,0,1
785.948061,39,7557.583551,0,0,1,0,0
-72.03449,7,7562.459616,0,0,1,0,0
718.187684,34,7569.30864,0,0,1,0,0
321.129458,1,7569.716688,0,0,1,0,0
328.945406,1,7570.141365,0,0,0,0,1
626.821919,37,7577.652486,0,0,1,0,0
938.629117,42,7594.323384,0,0,1,0,0
754.543159,34,7601.665782,0,0,1,0,0
311.613317,14,7613.56296,0,0,1,0,0
328.93954,1,7613.929926,0,0,0,0,1
328.859286,1,7614.384075,1,0,0,0,0
202.52331,12,7617.63672,0,0,1,0,0
380.997018,19,7628.901866,0,0,1,0,0
-90.118438,2,7629.44146,0,0,1,0,0
337.991637,1,7629.873795,0,0,0,0,1
316.363481,20,7633.641832,0,0,1,0,0
717.607493,32,7640.154824,0,0,1,0,0
337.938687,1,7640.528003,0,0,0,0,1
173.429726,14,7643.563036,0,0,1,0,0
262.742022,14,7648.046683,0,0,1,0,0
62.901351,11,7651.687889,0,0,1,0,0
328.778864,1,7652.102239,0,0,0,0,1
328.93954,1,7652.48515,0,0,0,0,1
328.99729,1,7652.890871,0,0,0,0,1
489.220828,25,7666.972452,0,0,1,0,0
1659.772223,68,7679.911228,0,0,1,0,0
599.467355,30,7688.031605,0,0,1,0,0
52.034504,13,7690.272614,0,0,1,0,0
328.846564,1,7690.61093,0,0,1,0,0
328.800053,1,7690.976835,0,0,0,0,1
427.575003,21,7694.732208,0,0,1,0,0
337.831124,1,7695.02918,0,0,0,0,1
1726.070903,74,7726.868766,0,0,1,0,0
328.99729,1,7727.207793,0,0,0,0,1
711.282894,33,7758.096982,0,0,1,0,0
56.12481,13,7760.232939,0,0,1,0,0
328.93954,1,7760.638021,0,0,0,0,1
328.863408,1,7767.236391,0,0,0,0,1
637.047737,33,7776.720647,0,0,1,0,0
328.93954,1,7777.030347,0,0,0,0,1
480.343868,21,7796.917621,0,0,1,0,0
-71.952897,7,7801.880681,0,0,1,0,0
321.129458,1,7802.327313,0,0,1,0,0
328.846564,1,7802.650174,0,0,1,0,0
-8.910413,8,7804.462711,0,0,1,0,0
1055.416268,51,7815.816644,1,0,0,0,0
321.129458,1,7816.249793,0,0,1,0,0
328.863408,1,7816.549025,0,0,0,0,1
337.800053,1,7816.937029,0,0,0,0,1
328.826743,1,7817.329051,0,0,0,0,1
264.723869,14,7820.478446,0,0,1,0,0
72.041744,8,7822.348217,0,0,1,0,0
328.90969,1,7822.777576,0,0,1,0,0
337.90953,1,7823.152977,0,0,0,0,1
328.778864,1,7823.595528,0,0,0,0,1
328.800053,1,7823.988008,0,0,0,0,1
328.778864,1,7824.346557,0,0,0,0,1
-99.095916,2,7824.942702,0,0,1,0,0
328.881733,1,7825.356289,0,0,1,0,0
-132.015871,4,7828.690693,0,0,1,0,0
-99.12281,2,7829.199173,0,0,1,0,0
328.931002,1,7829.543244,0,0,0,0,1
337.939542,1,7829.899295,0,0,0,0,1
687.056224,31,8197.37862,0,0,1,0,0
137.83146,10,8200.457641,0,0,1,0,0
-147.46042,6,8204.304468,0,0,1,0,0
263.695377,16,8207.60283,0,0,1,0,0
328.826743,1,8208.019508,0,0,0,0,1
707.086242,31,8217.964679,0,0,1,0,0
337.99729,1,8218.325048,0,0,0,0,1
186.9659,10,8227.874311,0,0,1,0,0
328.99729,1,8228.275406,0,0,0,0,1
337.99729,1,8228.662586,0,0,0,0,1
743.447529,40,8245.884092,0,0,1,0,0
328.93954,1,8246.194531,0,0,0,0,1
337.800052,1,8246.580536,0,0,0,0,1
133.352386,9,8258.979728,0,0,1,0,0
786.813767,40,8267.745416,0,0,1,0,0
-129.071402,1,8268.245972,0,0,1,0,0
328.773494,1,8268.752591,0,0,1,0,0
872.550419,39,8278.559852,1,0,0,0,0
-13.299558,6,8280.333631,0,0,1,0,0
328.846564,1,8280.612707,0,0,1,0,0
657.293893,30,8301.510231,0,0,1,0,0
865.275881,46,8317.628249,0,0,1,0,0
36.508517,10,8321.670874,0,0,1,0,0
547.95874,25,8328.788641,1,0,0,0,0
337.99729,1,8329.29531,0,0,0,0,1
-115.382615,2,8329.95403,0,0,1,0,0
328.881733,1,8330.375892,0,0,1,0,0
328.870649,1,8330.802399,0,0,0,0,1
328.93954,1,8331.164523,0,0,0,0,1
337.881733,1,8331.635715,0,0,1,0,0
724.031048,35,8354.899024,0,0,1,0,0
328.863408,1,8355.194956,0,0,0,0,1
337.826741,1,8355.553922,0,0,0,0,1
337.778864,1,8355.93019,0,0,0,0,1
328.881733,1,8356.375055,0,0,1,0,0
328.859287,1,8356.721498,1,0,0,0,0
-88.113132,2,8358.535198,0,0,1,0,0
-148.296399,6,8362.222823,0,0,1,0,0
321.129458,1,8362.645057,0,0,1,0,0
337.881732,1,8363.114789,0,0,1,0,0
328.881733,1,8363.519708,0,0,1,0,0
328.82862,1,8363.820401,0,0,0,0,1
337.863408,1,8364.171991,0,0,0,0,1
328.93954,1,8364.527529,0,0,0,0,1
-126.388102,1,8364.918561,0,0,1,0,0
633.488983,10,8376.690676,0,0,0,0,1
538.277481,29,8380.567026,0,0,1,0,0
825.298911,40,8388.388499,0,0,1,0,0
169.698832,12,8400.102185,0,0,1,0,0
328.931002,1,8400.393809,0,0,0,0,1
337.931001,1,8400.761874,0,0,0,0,1
337.778864,1,8401.127106,0,0,0,0,1
819.01785,44,8415.838701,0,0,1,0,0
328.778864,1,8416.242946,0,0,0,0,1
-108.16604,2,8416.748366,1,0,0,0,0
766.633853,39,8427.519944,1,0,0,0,0
337.863406,1,8427.960233,0,0,0,0,1
-125.092899,3,8431.314704,0,0,1,0,0
-126.388102,1,8431.672112,0,0,1,0,0
-126.996194,3,8433.059414,1,0,0,0,0
337.931002,1,8433.38588,0,0,0,0,1
328.863408,1,8433.718238,0,0,0,0,1
101.687596,8,8438.739833,0,0,1,0,0
328.93954,1,8439.04163,0,0,0,0,1
118.149594,8,8445.955371,0,0,1,0,0
-108.16604,2,8446.33965,1,0,0,0,0
943.975827,40,8471.094418,0,0,1,0,0
337.997289,1,8471.509163,0,0,0,0,1
-6.846413,8,8473.332703,0,0,1,0,0
328.826743,1,8473.731133,0,0,0,0,1
328.93954,1,8474.139511,0,0,0,0,1
551.383473,32,8486.147779,1,0,0,0,0
573.388501,27,8493.61165,0,0,1,0,0
328.863408,1,8494.022121,0,0,0,0,1
328.82862,1,8494.409812,0,0,0,0,1
181.549938,10,8502.321905,0,0,1,0,0
162.399721,13,8505.618309,0,0,1,0,0
-108.238228,2,8506.090991,1,0,0,0,0
-189.55806,5,8508.44608,0,0,1,0,0
733.219817,32,8522.575293,0,0,1,0,0
3.916814,9,8526.112408,0,0,1,0,0
337.863408,1,8526.465142,0,0,0,0,1
-70.506888,7,8531.318188,0,0,1,0,0
328.947109,1,8531.718889,0,0,0,0,1
701.691145,35,8539.429822,0,0,1,0,0
-151.800564,7,8543.754658,0,0,1,0,0
315.220678,16,8546.723531,0,0,1,0,0
-148.814422,6,8550.548542,0,0,1,0,0
337.800054,1,8550.862499,0,0,0,0,1
328.931002,1,8551.245685,0,0,0,0,1
328.90969,1,8551.711756,0,0,1,0,0
337.968284,1,8552.071726,0,0,0,0,1
328.881733,1,8552.558654,0,0,1,0,0
-44.402817,7,8554.128776,0,0,1,0,0
321.129458,1,8554.553437,0,0,1,0,0
786.136626,39,8568.386711,0,0,1,0,0
337.826742,1,8568.735349,0,0,0,0,1
337.778865,1,8569.116387,0,0,0,0,1
785.70655,33,8575.57759,0,0,1,0,0
321.129458,1,8575.976498,0,0,1,0,0
337.931002,1,8576.282084,0,0,0,0,1
50.874182,10,8577.447443,0,0,1,0,0
894.569801,40,8589.388828,1,0,0,0,0
337.939539,1,8589.730629,0,0,0,0,1
215.723861,15,8592.738586,0,0,1,0,0
282.094077,18,8597.500682,0,0,1,0,0
330.129458,1,8597.944849,0,0,1,0,0
337.852829,1,8598.158155,0,0,1,0,0
736.486266,31,8603.786499,1,0,0,0,0
140.732305,13,8606.335389,0,0,1,0,0
375.22096,18,8613.972571,0,0,1,0,0
663.498397,31,8630.015544,0,0,1,0,0
330.129458,1,8630.553257,0,0,1,0,0
328.800053,1,8630.88505,0,0,0,0,1
223.964859,12,8638.141653,0,0,1,0,0
337.888919,1,8638.458057,0,0,1,0,0
328.931002,1,8638.86231,0,0,0,0,1
126.813236,8,8645.577282,0,0,1,0,0
905.280511,42,8659.881523,0,0,1,0,0
328.931002,1,8660.240494,0,0,0,0,1
169.181682,12,8666.756137,0,0,1,0,0
328.931002,1,8667.08492,0,0,0,0,1
210.407934,11,8671.734703,0,0,1,0,0
328.800053,1,8672.026706,0,0,0,0,1
328.931002,1,8672.413535,0,0,0,0,1
1.740401,7,8674.553767,0,0,1,0,0
291.296096,15,8679.58712,0,0,1,0,0
328.80893,1,8680.009401,0,0,0,0,1
-129.207754,4,8683.150307,0,0,1,0,0
328.800053,1,8683.459569,0,0,0,0,1
-190.179456,9,8684.861656,0,0,1,0,0
-6.300117,8,8686.553396,0,0,1,0,0
357.436432,16,8702.21552,0,0,1,0,0
328.859287,1,8702.580355,1,0,0,0,0
15.289384,9,8705.802057,0,0,1,0,0
328.800053,1,8706.234711,0,0,0,0,1
308.254786,16,8710.833867,0,0,1,0,0
461.621455,22,8720.869537,0,0,1,0,0
106.905011,10,8722.926294,0,0,1,0,0
405.36083,21,8726.805365,0,0,1,0,0
337.800052,1,8727.139564,0,0,0,0,1
330.129458,1,8727.642499,0,0,1,0,0
328.931002,1,8727.987917,0,0,0,0,1
328.93954,1,8728.364611,0,0,0,0,1
337.931002,1,8728.74311,0,0,0,0,1
328.90969,1,8729.307129,0,0,1,0,0
328.846564,1,8729.615367,0,0,1,0,0
96.967991,11,8732.442394,0,0,1,0,0
507.897253,30,8740.460979,0,0,1,0,0
328.90969,1,8740.928077,0,0,1,0,0
328.831123,1,8741.269425,0,0,0,0,1
337.909529,1,8741.615216,0,0,0,0,1
328.920203,1,8742.038173,0,0,0,0,1
328.778864,1,8742.410365,0,0,0,0,1
321.129458,1,8742.866112,0,0,1,0,0
517.076145,25,8759.190886,0,0,1,0,0
582.43023,28,8764.813914,0,0,1,0,0
337.931002,1,8765.216003,0,0,0,0,1
328.826743,1,8765.545526,0,0,0,0,1
132.403161,14,8768.161675,0,0,1,0,0
-13.916095,8,8771.498573,0,0,1,0,0
328.931002,1,8771.815988,0,0,0,0,1
1451.769268,55,8811.970613,0,0,1,0,0
248.990148,13,8913.880629,0,0,1,0,0
328.93954,1,8914.221855,0,0,0,0,1
328.931002,1,8914.611794,0,0,0,0,1
492.200897,32,8927.163511,0,0,1,0,0
337.997288,1,8927.581234,0,0,0,0,1
337.800053,1,8927.954667,0,0,0,0,1
328.99729,1,8928.396824,0,0,0,0,1
337.800053,1,8928.765672,0,0,0,0,1
215.253426,12,8932.962172,0,0,1,0,0
328.909529,1,8933.482566,0,0,0,0,1
337.800053,1,8933.912679,0,0,0,0,1
328.800053,1,8934.312742,0,0,0,0,1
-193.695831,9,8935.650595,0,0,1,0,0
690.530289,31,8941.896901,0,0,1,0,0
337.931002,1,8942.242003,0,0,0,0,1
328.773494,1,8942.694299,0,0,1,0,0
611.409645,35,8948.044732,0,0,1,0,0
97.063521,11,8950.982599,0,0,1,0,0
1079.443483,52,8972.187454,0,0,1,0,0
328.800053,1,8972.604204,0,0,0,0,1
337.881732,1,8973.051446,0,0,1,0,0
774.002983,36,8985.877981,0,0,1,0,0
114.357242,8,8998.027739,0,0,1,0,0
328.846564,1,8998.399239,0,0,1,0,0
787.442113,33,9004.607313,0,0,1,0,0
583.307782,27,9012.670412,0,0,1,0,0
328.93954,1,9013.0006,0,0,0,0,1
186.563916,17,9015.847703,0,0,1,0,0
118.944066,8,9022.950713,0,0,1,0,0
328.99729,1,9023.276894,0,0,0,0,1
853.95499,18,9026.65766,0,0,0,0,1
328.977188,1,9027.059632,0,0,0,0,1
821.341027,36,9034.918649,0,0,1,0,0
328.863408,1,9035.254206,0,0,0,0,1
380.891875,18,9040.175318,0,0,1,0,0
-146.914197,6,9043.839463,0,0,1,0,0
328.82862,1,9044.195847,0,0,0,0,1
328.826743,1,9044.557681,0,0,0,0,1
-124.100564,3,9047.759254,0,0,1,0,0
214.417764,14,9054.603712,0,0,1,0,0
337.99729,1,9054.954427,0,0,0,0,1
622.099126,10,9057.244583,0,0,0,0,1
328.931002,1,9057.613075,0,0,0,0,1
336.552174,32,9067.127091,0,0,1,0,0
321.129458,1,9067.483156,0,0,1,0,0
-118.124323,7,9070.118308,0,0,1,0,0
337.93954,1,9070.402926,0,0,0,0,1
321.129458,1,9076.972146,0,0,1,0,0
-126.152392,6,9079.963473,0,0,1,0,0
337.931001,1,9080.278073,0,0,0,0,1
328.800053,1,9080.644542,0,0,0,0,1
328.99729,1,9081.019299,0,0,0,0,1
-6.846413,8,9082.910192,0,0,1,0,0
328.846564,1,9083.285744,0,0,1,0,0
328.99729,1,9083.64605,0,0,0,0,1
708.375907,31,9089.752134,0,0,1,0,0
328.800053,1,9090.038043,0,0,0,0,1
337.881733,1,9090.493562,0,0,1,0,0
45.998434,10,9093.738394,0,0,1,0,0
-36.96941,4,9094.722608,0,0,1,0,0
328.800053,1,9095.029576,0,0,0,0,1
1213.152269,50,9106.70301,0,0,1,0,0
328.778864,1,9107.134554,0,0,0,0,1
65.564114,11,9110.597796,0,0,1,0,0
-147.683327,6,9114.48204,0,0,1,0,0
521.767773,26,9120.671219,0,0,1,0,0
269.441234,14,9124.941302,0,0,1,0,0
15.136528,9,9126.136336,0,0,1,0,0
627.63891,28,9140.984929,0,0,1,0,0
1948.878973,87,9163.109573,0,0,1,0,0
337.991637,1,9163.471924,0,0,0,0,1
337.939541,1,9163.785473,0,0,0,0,1
-154.225421,3,9174.242306,0,0,1,0,0
328.931002,1,9174.532561,0,0,0,0,1
230.558314,15,9177.710462,0,0,1,0,0
337.80893,1,9178.056299,0,0,0,0,1
920.125924,42,9190.175218,0,0,1,0,0
783.200099,35,9196.938311,0,0,1,0,0
212.344285,13,9203.685849,0,0,1,0,0
337.931003,1,9203.968888,0,0,0,0,1
328.778864,1,9204.360788,0,0,0,0,1
-189.000728,5,9206.691692,0,0,1,0,0
337.778864,1,9206.986729,0,0,0,0,1
328.881733,1,9207.411191,0,0,1,0,0
260.130808,19,9225.415739,0,0,1,0,0
186.858646,12,9570.455141,0,0,1,0,0
328.99729,1,9570.796479,0,0,0,0,1
65.100089,14,9573.297922,0,0,1,0,0
328.93954,1,9573.727026,0,0,0,0,1
-16.25644,6,9575.578824,0,0,1,0,0
337.828621,1,9575.965486,0,0,0,0,1
328.90969,1,9576.440152,0,0,1,0,0
1043.521507,41,9585.615114,0,0,1,0,0
337.826743,1,9585.948761,0,0,0,0,1
337.863408,1,9586.281588,0,0,0,0,1
-208.052087,5,9588.687691,0,0,1,0,0
328.93954,1,9589.01959,0,0,0,0,1
328.968284,1,9589.36477,0,0,0,0,1
328.778864,1,9589.772823,0,0,0,0,1
50.259383,10,9591.863222,0,0,1,0,0
679.157681,38,9608.049685,1,0,0,0,0
-148.706543,6,9612.149723,0,0,1,0,0
-128.635784,4,9615.296982,0,0,1,0,0
328.852829,1,9615.508864,0,0,1,0,0
-158.116136,4,9619.959481,0,0,1,0,0
557.197337,25,9969.465903,0,0,1,0,0
328.931002,1,9969.820411,0,0,0,0,1
16.527222,9,9970.897199,0,0,1,0,0
328.80893,1,9971.247699,0,0,0,0,1
22.432527,9,9972.224015,0,0,1,0,0
126.005448,8,9979.074646,0,0,1,0,0
328.93954,1,9979.4059,0,0,0,0,1
1211.569679,49,9997.986761,0,0,1,0,0
328.931002,1,9998.429862,0,0,0,0,1
337.99729,1,9998.847719,0,0,0,0,1
312.716085,15,10014.676954,0,0,1,0,0
328.99729,1,10015.003536,0,0,0,0,1
328.859287,1,10015.418708,1,0,0,0,0
539.806279,24,10021.702358,0,0,1,0,0
-200.32487,5,10022.45922,0,0,1,0,0
565.800571,27,10034.219238,1,0,0,0,0
-126.385269,1,10034.566005,0,0,1,0,0
328.863408,1,10034.917421,0,0,0,0,1
-199.042643,5,10035.752049,0,0,1,0,0
328.931002,1,10036.032872,0,0,0,0,1
-67.570036,4,10036.994327,0,0,1,0,0
1105.419882,45,10050.545969,0,0,1,0,0
328.859287,1,10050.907743,1,0,0,0,0
337.881734,1,10051.383416,0,0,1,0,0
165.484684,14,10054.863846,0,0,1,0,0
1652.773386,68,10074.456853,0,0,1,0,0
337.831122,1,10074.817005,0,0,0,0,1
328.800053,1,10075.170726,0,0,0,0,1
374.536653,20,10079.002157,0,0,1,0,0
586.604538,27,10086.58932,0,0,1,0,0
-153.527846,3,10090.814477,0,0,1,0,0
328.778864,1,10091.145313,0,0,0,0,1
837.542085,44,10104.396173,0,0,1,0,0
337.939541,1,10104.767484,0,0,0,0,1
328.859287,1,10105.153043,1,0,0,0,0
-216.444604,12,10106.853238,0,0,1,0,0
-137.70124,5,10108.827972,0,0,1,0,0
-125.805349,5,10111.547025,0,0,1,0,0
414.089709,18,10129.390867,0,0,1,0,0
436.762625,20,10132.494283,0,0,1,0,0
328.99729,1,10132.826883,0,0,0,0,1
328.778864,1,10133.244283,0,0,0,0,1
62.034281,8,10135.188834,0,0,1,0,0
328.909529,1,10135.543175,0,0,0,0,1
328.863408,1,10135.949149,0,0,0,0,1
838.561476,35,10143.03825,0,0,1,0,0
328.881733,1,10143.466948,0,0,1,0,0
826.021881,35,10159.82112,0,0,1,0,0
328.931002,1,10160.293024,0,0,0,0,1
328.93954,1,10160.681844,0,0,0,0,1
-97.103247,2,10162.463595,0,0,1,0,0
328.931002,1,10162.772783,0,0,0,0,1
328.863408,1,10163.101608,0,0,0,0,1
328.93954,1,10163.501705,0,0,0,0,1
337.800053,1,10163.880068,0,0,0,0,1
-188.764995,5,10165.910105,0,0,1,0,0
831.419942,38,10174.064724,0,0,1,0,0
337.93954,1,10174.441691,0,0,0,0,1
1205.1173,50,10181.650629,0,0,1,0,0
328.881733,1,10182.173566,0,0,1,0,0
337.808931,1,10182.515834,0,0,0,0,1
36.469629,10,10186.672852,0,0,1,0,0
328.778864,1,10187.002014,0,0,0,0,1
337.881734,1,10187.46661,0,0,1,0,0
-126.996194,3,10188.812207,1,0,0,0,0
600.729574,34,10202.072485,0,0,1,0,0
337.778863,1,10202.489684,0,0,0,0,1
-58.575477,4,10203.43424,0,0,1,0,0
328.826743,1,10203.769284,0,0,0,0,1
37.186096,10,10208.093474,0,0,1,0,0
337.778863,1,10208.510767,0,0,0,0,1
582.483699,34,10216.10238,0,0,1,0,0
328.99729,1,10216.477232,0,0,0,0,1
337.931002,1,10216.879467,0,0,0,0,1
328.93954,1,10217.283775,0,0,0,0,1
32.818483,10,10221.623329,0,0,1,0,0
328.931002,1,10221.974197,0,0,0,0,1
-127.766427,3,10224.344925,0,0,1,0,0
328.863408,1,10224.646829,0,0,0,0,1
1547.03871,41,10233.298968,0,0,0,0,1
337.997291,1,10233.643285,0,0,0,0,1
849.971724,36,10243.19786,1,0,0,0,0
337.939539,1,10243.529941,0,0,0,0,1
525.953584,25,10250.74722,1,0,0,0,0
202.504872,15,10259.491925,1,0,0,0,0
328.800053,1,10259.858482,0,0,0,0,1
328.888918,1,10260.204992,0,0,1,0,0
328.778864,1,10260.619257,0,0,0,0,1
521.983296,26,10266.232511,0,0,1,0,0
-27.693497,4,10267.275434,0,0,1,0,0
328.859287,1,10267.590745,1,0,0,0,0
-195.910278,8,10268.827674,0,0,1,0,0
328.881733,1,10269.190737,0,0,1,0,0
925.600231,41,10278.763946,0,0,1,0,0
337.85283,1,10278.997192,0,0,1,0,0
328.826743,1,10279.308679,0,0,0,0,1
462.249499,22,10285.083434,1,0,0,0,0
-198.663258,8,10286.027323,0,0,1,0,0
891.436773,40,10295.845485,0,0,1,0,0
328.778864,1,10296.413204,0,0,0,0,1
-108.132152,2,10296.987448,1,0,0,0,0
328.99729,1,10297.411079,0,0,0,0,1
668.891655,28,10308.682353,0,0,1,0,0
337.939541,1,10308.975307,0,0,0,0,1
337.800054,1,10309.330911,0,0,0,0,1
740.240195,33,10327.081994,1,0,0,0,0
328.90969,1,10327.578423,0,0,1,0,0
328.931002,1,10327.947918,0,0,0,0,1
255.306732,12,10345.888043,0,0,1,0,0
337.931001,1,10346.194225,0,0,0,0,1
328.778864,1,10346.56372,0,0,0,0,1
810.139613,33,10363.588732,0,0,1,0,0
328.846564,1,10363.896904,0,0,1,0,0
202.955764,13,10370.908644,0,0,1,0,0
51.292015,10,10372.788067,0,0,1,0,0
238.634012,13,10385.17578,0,0,1,0,0
62.776976,11,10388.20718,0,0,1,0,0
328.800053,1,10388.555452,0,0,0,0,1
328.800053,1,10388.958542,0,0,0,0,1
328.977188,1,10389.390538,0,0,0,0,1
328.99729,1,10389.707358,0,0,0,0,1
532.748133,24,10395.205146,1,0,0,0,0
829.768768,34,10401.685237,0,0,1,0,0
107.536164,9,10403.676462,0,0,1,0,0
49.16241,10,10405.394015,0,0,1,0,0
328.947109,1,10405.843019,0,0,0,0,1
337.888918,1,10406.195634,0,0,1,0,0
104.793476,13,10408.784495,0,0,1,0,0
337.881734,1,10409.209117,0,0,1,0,0
328.93954,1,10409.538746,0,0,0,0,1
328.99729,1,10409.921766,0,0,0,0,1
35.426169,10,10414.233027,0,0,1,0,0
328.99729,1,10414.617433,0,0,0,0,1
328.99729,1,10415.069138,0,0,0,0,1
328.863408,1,10415.483118,0,0,0,0,1
328.831123,1,10415.872396,0,0,0,0,1
630.066038,44,10430.785879,0,0,1,0,0
222.195954,11,10440.588016,0,0,1,0,0
328.881733,1,10441.017745,0,0,1,0,0
328.93954,1,10441.348981,0,0,0,0,1
321.129458,1,10441.801717,0,0,1,0,0
328.826743,1,10442.138577,0,0,0,0,1
-69.962573,7,10446.77595,0,0,1,0,0
328.778864,1,10447.128006,0,0,0,0,1
491.831378,24,10454.222876,0,0,1,0,0
681.663663,34,10460.296047,0,0,1,0,0
328.852829,1,10460.51145,0,0,1,0,0
254.8082,16,10463.931064,0,0,1,0,0
947.566179,21,10467.739661,0,0,0,0,1
328.859286,1,10468.076133,1,0,0,0,0
328.99729,1,10468.447044,0,0,0,0,1
321.129458,1,10468.954881,0,0,1,0,0
328.82862,1,10469.257458,0,0,0,0,1
337.800053,1,10469.611021,0,0,0,0,1
337.828619,1,10469.960714,0,0,0,0,1
85.199533,12,10473.470117,0,0,1,0,0
-12.166436,8,10476.509492,0,0,1,0,0
337.778863,1,10476.86272,0,0,0,0,1
328.826743,1,10477.246336,0,0,0,0,1
328.800053,1,10477.631364,0,0,0,0,1
1020.34476,46,10494.385944,0,0,1,0,0
337.997289,1,10494.744267,0,0,0,0,1
328.826743,1,10495.111874,0,0,0,0,1
243.248522,17,10504.125368,0,0,1,0,0
579.109657,31,10510.174217,0,0,1,0,0
-107.975111,2,10510.705539,1,0,0,0,0
328.778864,1,10511.127547,0,0,0,0,1
337.881733,1,10511.546683,0,0,1,0,0
-126.388102,1,10511.877485,0,0,1,0,0
65.100089,14,10514.254147,0,0,1,0,0
1397.124194,62,10525.764838,0,0,1,0,0
441.516637,19,10545.0095,0,0,1,0,0
328.778864,1,10545.365957,0,0,0,0,1
-151.800564,7,10549.563628,0,0,1,0,0
-35.162898,7,10551.179711,0,0,1,0,0
337.93954,1,10551.574921,0,0,0,0,1
328.826743,1,10551.960026,0,0,0,0,1
613.80743,30,10559.716467,1,0,0,0,0
328.846564,1,10560.127655,0,0,1,0,0
663.932758,27,10571.798945,0,0,1,0,0
328.846564,1,10572.067437,0,0,1,0,0
337.828619,1,10572.411961,0,0,0,0,1
328.773494,1,10572.964301,0,0,1,0,0
328.99729,1,10573.279966,0,0,0,0,1
784.804797,29,10584.760136,0,0,1,0,0
-147.944397,6,10588.18953,0,0,1,0,0
60.552188,11,10591.396029,0,0,1,0,0
97.934915,12,10594.983432,0,0,1,0,0
337.997291,1,10595.281988,0,0,0,0,1
401.611943,24,10599.31736,0,0,1,0,0
848.549973,35,10643.583131,0,0,1,0,0
328.881733,1,10643.971941,0,0,1,0,0
138.560144,10,10647.227711,0,0,1,0,0
13.627598,9,10648.529267,0,0,1,0,0
-158.517836,4,10652.684425,0,0,1,0,0
337.909529,1,10652.968363,0,0,0,0,1
337.93954,1,10653.367697,0,0,0,0,1
321.129458,1,10653.845762,0,0,1,0,0
136.346298,13,10656.732914,0,0,1,0,0
337.93954,1,10657.142502,0,0,0,0,1
328.800053,1,10657.555135,0,0,0,0,1
1084.432102,44,10679.311353,0,0,1,0,0
337.968284,1,10679.693875,0,0,0,0,1
744.626029,33,10691.398694,1,0,0,0,0
337.826743,1,10691.762272,0,0,0,0,1
672.040189,30,11056.373686,0,0,1,0,0
-123.060828,7,11059.232912,0,0,1,0,0
726.607713,34,11071.340423,0,0,1,0,0
160.555423,11,11418.642326,0,0,1,0,0
520.675952,30,11424.820424,0,0,1,0,0
-99.149515,2,11425.440347,0,0,1,0,0
328.826743,1,11425.761573,0,0,0,0,1
-79.098456,2,11427.563652,0,0,1,0,0
-122.566834,6,11428.998944,0,0,1,0,0
328.826743,1,11429.296204,0,0,0,0,1
337.931001,1,11429.654091,0,0,0,0,1
328.931002,1,11429.996827,0,0,0,0,1
773.438604,29,11439.96653,0,0,1,0,0
397.945089,20,11443.633093,0,0,1,0,0
-126.598069,3,11444.965994,1,0,0,0,0
337.778864,1,11445.28933,0,0,0,0,1
-122.506057,7,11447.950061,0,0,1,0,0
328.778864,1,11448.248607,0,0,0,0,1
328.778864,1,11448.639688,0,0,0,0,1
328.778864,1,11449.018578,0,0,0,0,1
337.778864,1,11449.394023,0,0,0,0,1
78.721635,14,11452.006146,0,0,1,0,0
431.772898,25,11457.601586,0,0,1,0,0
146.820257,9,11469.906222,0,0,1,0,0
-188.764995,5,11471.893109,0,0,1,0,0
337.881733,1,11472.2596,0,0,1,0,0
-88.103699,2,11473.9599,0,0,1,0,0
328.778864,1,11474.273178,0,0,0,0,1
553.545631,34,11480.010934,0,0,1,0,0
337.939542,1,11480.29546,0,0,0,0,1
337.800052,1,11480.625142,0,0,0,0,1
-108.16604,2,11481.053681,1,0,0,0,0
337.778864,1,11481.444171,0,0,0,0,1
608.20343,28,11489.154961,0,0,1,0,0
99.081552,9,11491.054605,0,0,1,0,0
829.451857,36,11512.668533,0,0,1,0,0
691.995106,31,11528.265886,0,0,1,0,0
-6.846413,8,11530.242569,0,0,1,0,0
1830.718906,75,11564.930539,0,0,1,0,0
330.129458,1,11565.350669,0,0,1,0,0
321.129458,1,11565.780382,0,0,1,0,0
565.202276,28,11572.56101,0,0,1,0,0
705.515098,30,11582.943817,1,0,0,0,0
453.584774,21,11588.684275,1,0,0,0,0
328.778864,1,11589.069266,0,0,0,0,1
337.863408,1,11589.410197,0,0,0,0,1
849.831621,37,11596.509789,0,0,1,0,0
378.025095,16,11616.381812,0,0,1,0,0
328.800053,1,11616.714159,0,0,0,0,1
330.129458,1,11623.249295,0,0,1,0,0
337.800053,1,11623.574035,0,0,0,0,1
328.968284,1,11623.935083,0,0,0,0,1
-124.036402,3,11627.229631,0,0,1,0,0
785.492405,38,11634.082648,0,0,1,0,0
-194.299332,7,11635.02336,0,0,1,0,0
159.208478,32,11642.965171,0,0,1,0,0
65.100089,14,11645.334681,0,0,1,0,0
328.82862,1,11645.731533,0,0,0,0,1
842.817036,35,11678.40333,1,0,0,0,0
337.778865,1,11678.732086,0,0,0,0,1
1142.761169,45,11695.748986,0,0,1,0,0
328.826743,1,11696.106201,0,0,0,0,1
1172.781958,57,11708.220836,0,0,1,0,0
238.671604,12,11722.057119,0,0,1,0,0
309.643629,17,11725.751103,0,0,1,0,0
-235.349525,13,11727.358569,0,0,1,0,0
328.931002,1,11727.689547,0,0,0,0,1
328.773494,1,11728.111869,0,0,1,0,0
328.920203,1,11728.495395,0,0,0,0,1
133.018531,14,11730.993298,0,0,1,0,0
955.398871,38,11749.810241,0,0,1,0,0
328.800053,1,11750.176684,0,0,0,0,1
337.863406,1,11750.536439,0,0,0,0,1
-115.298962,2,11751.17738,0,0,1,0,0
125.470865,13,11754.500823,0,0,1,0,0
1031.406247,41,11762.745076,0,0,1,0,0
337.99729,1,11763.013157,0,0,0,0,1
328.931002,1,11763.368173,0,0,0,0,1
328.93954,1,11763.71336,0,0,0,0,1
698.281714,32,11769.952154,0,0,1,0,0
622.311292,10,11772.240507,0,0,0,0,1
-33.194689,7,11773.898161,0,0,1,0,0
337.93954,1,11774.293298,0,0,0,0,1
328.800053,1,11774.710155,0,0,0,0,1
337.831122,1,11775.103895,0,0,0,0,1
337.931001,1,11775.478395,0,0,0,0,1
337.826742,1,11775.841624,0,0,0,0,1
-124.7583,3,11779.419518,0,0,1,0,0
328.99729,1,11779.810364,0,0,0,0,1
328.909529,1,11780.253292,0,0,0,0,1
328.800053,1,11780.614269,0,0,0,0,1
652.90287,24,11796.212403,0,0,1,0,0
337.778864,1,11796.603446,0,0,0,0,1
-124.489981,5,11799.611261,0,0,1,0,0
-126.760168,3,11800.901351,1,0,0,0,0
328.800053,1,11801.220577,0,0,0,0,1
655.097984,31,11809.344542,0,0,1,0,0
328.99729,1,11809.747954,0,0,0,0,1
-151.800564,7,11814.102036,0,0,1,0,0
-108.16604,2,11814.540725,1,0,0,0,0
568.281844,27,11827.962513,0,0,1,0,0
337.800053,1,11828.251968,0,0,0,0,1
-124.695679,3,11831.495076,0,0,1,0,0
328.778864,1,11838.133453,0,0,0,0,1
328.82862,1,11838.509999,0,0,0,0,1
141.752841,14,11841.677639,0,0,1,0,0
431.140844,20,11846.954163,0,0,1,0,0
574.347926,45,11859.895206,0,0,1,0,0
361.701325,19,11864.954304,0,0,1,0,0
328.881733,1,11865.46685,0,0,1,0,0
811.566793,36,11872.473255,0,0,1,0,0
337.888918,1,11872.890465,0,0,1,0,0
328.82862,1,11873.328554,0,0,0,0,1
-125.768152,5,11876.023676,0,0,1,0,0
328.968284,1,11876.329174,0,0,0,0,1
866.073163,41,11890.695234,0,0,1,0,0
-16.821094,6,11892.577007,0,0,1,0,0
328.826743,1,11892.998352,0,0,0,0,1
328.93954,1,11893.387837,0,0,0,0,1
558.754017,27,11899.171005,1,0,0,0,0
337.800053,1,11899.462359,0,0,0,0,1
328.800053,1,11899.817939,0,0,0,0,1
328.859287,1,11900.151541,1,0,0,0,0
337.90953,1,11900.518316,0,0,0,0,1
440.664908,23,11905.87283,0,0,1,0,0
390.821248,26,11918.496941,0,0,1,0,0
446.662181,19,11938.214464,0,0,1,0,0
328.826743,1,11938.50251,0,0,0,0,1
328.773494,1,11938.965323,0,0,1,0,0
337.800053,1,11939.267693,0,0,0,0,1
337.828619,1,11939.630055,0,0,0,0,1
394.625704,20,11945.01851,0,0,1,0,0
936.876037,36,11985.414957,0,0,1,0,0
328.82862,1,11985.76937,0,0,0,0,1
328.968284,1,11986.136724,0,0,0,0,1
348.604756,20,11990.382448,0,0,1,0,0
328.800053,1,11990.693819,0,0,0,0,1
275.240423,19,11993.356449,0,0,1,0,0
413.42115,23,11997.394711,0,0,1,0,0
-189.760307,5,11999.697544,0,0,1,0,0
328.859287,1,12000.029826,1,0,0,0,0
1965.007402,94,12021.193625,0,0,1,0,0
922.569415,40,12046.999947,0,0,1,0,0
198.123858,15,12050.83507,0,0,1,0,0
383.510142,17,12057.805077,0,0,1,0,0
518.484539,26,12072.37165,0,0,1,0,0
-134.07725,4,12075.855903,0,0,1,0,0
843.271989,36,12107.996438,0,0,1,0,0
488.558187,31,12115.561329,0,0,1,0,0
-196.992706,8,12116.488305,0,0,1,0,0
880.648009,41,12222.463277,0,0,1,0,0
337.997288,1,12222.774239,0,0,0,0,1
328.99729,1,12223.156225,0,0,0,0,1
-124.043381,3,12226.662672,0,0,1,0,0
202.504872,15,12228.911143,1,0,0,0,0
302.223645,36,12241.311392,0,0,1,0,0
-188.764995,5,12243.405655,0,0,1,0,0
328.846564,1,12243.683134,0,0,1,0,0
631.767977,33,12249.312138,0,0,1,0,0
328.778864,1,12249.681353,0,0,0,0,1
328.920203,1,12250.121169,0,0,0,0,1
337.931002,1,12250.45329,0,0,0,0,1
737.604135,13,12261.706958,0,0,0,0,1
328.846564,1,12262.033095,0,0,1,0,0
202.504872,15,12269.905021,1,0,0,0,0
328.800053,1,12270.284109,0,0,0,0,1
328.99729,1,12270.695257,0,0,0,0,1
973.032869,42,12282.759995,0,0,1,0,0
-206.747919,5,12285.205001,0,0,1,0,0
785.127684,36,12293.094063,0,0,1,0,0
171.451962,13,12296.209689,1,0,0,0,0
337.800053,1,12296.601604,0,0,0,0,1
337.997289,1,12296.999033,0,0,0,0,1
535.594808,20,12302.176059,0,0,1,0,0
831.717417,38,12319.889101,0,0,1,0,0
328.881733,1,12320.330476,0,0,1,0,0
-76.559346,4,12321.26916,0,0,1,0,0
328.800053,1,12321.585616,0,0,0,0,1
-140.999267,1,12324.705775,1,0,0,0,0
328.846564,1,12325.024619,0,0,1,0,0
94.441154,14,12327.488875,0,0,1,0,0
706.042934,33,12342.188276,1,0,0,0,0
337.881733,1,12342.639965,0,0,1,0,0
141.752841,14,12345.72791,0,0,1,0,0
1390.724098,58,12381.447999,0,0,1,0,0
328.931002,1,12381.805445,0,0,0,0,1
322.070291,19,12385.096634,0,0,1,0,0
-193.695831,9,12386.268625,0,0,1,0,0
328.947109,1,12386.650357,0,0,0,0,1
526.294635,30,12394.033308,0,0,1,0,0
1423.260058,54,12413.405916,1,0,0,0,0
337.778864,1,12413.812319,0,0,0,0,1
1352.284438,46,12449.783335,0,0,1,0,0
117.412855,8,12457.740834,0,0,1,0,0
-215.614993,6,12460.331595,0,0,1,0,0
609.998921,32,12473.641717,0,0,1,0,0
-10.001463,8,12474.884688,0,0,1,0,0
328.826743,1,12475.208458,0,0,0,0,1
-140.999267,1,12478.130736,1,0,0,0,0
328.800053,1,12478.451076,0,0,0,0,1
1823.535803,84,12499.571397,0,0,1,0,0
-147.12319,6,12503.380921,0,0,1,0,0
435.788953,28,12508.681415,0,0,1,0,0
328.82862,1,12509.026969,0,0,0,0,1
-129.297585,4,12512.091197,0,0,1,0,0
328.946429,1,12512.449245,0,0,0,0,1
328.863408,1,12512.77843,0,0,0,0,1
224.588398,12,12515.062561,1,0,0,0,0
328.931002,1,12515.425993,0,0,0,0,1
903.383335,45,12523.425075,0,0,1,0,0
328.800053,1,12523.752722,0,0,0,0,1
328.99729,1,12524.100389,0,0,0,0,1
328.947109,1,12524.577425,0,0,0,0,1
328.778864,1,12531.15609,0,0,0,0,1
337.931002,1,12531.555896,0,0,0,0,1
337.800054,1,12531.960581,0,0,0,0,1
1194.822945,49,12550.063356,1,0,0,0,0
337.931002,1,12550.406967,0,0,0,0,1
328.931002,1,12550.735665,0,0,0,0,1
337.938688,1,12551.102628,0,0,0,0,1
337.931001,1,12551.515384,0,0,0,0,1
-126.388102,1,12551.913655,0,0,1,0,0
69.155279,11,12554.832742,0,0,1,0,0
337.863408,1,12555.263238,0,0,0,0,1
328.888918,1,12555.618419,0,0,1,0,0
328.859287,1,12555.995081,1,0,0,0,0
328.852829,1,12556.25947,0,0,1,0,0
328.859287,1,12556.595791,1,0,0,0,0
244.98422,13,12571.015537,0,0,1,0,0
328.931002,1,12571.402221,0,0,0,0,1
337.997291,1,12571.787446,0,0,0,0,1
-151.800564,7,12575.976634,0,0,1,0,0
328.859287,1,12576.300129,1,0,0,0,0
337.88892,1,12576.622177,0,0,1,0,0
337.939539,1,12577.006579,0,0,0,0,1
337.826743,1,12577.402248,0,0,0,0,1
328.90969,1,12577.786124,0,0,1,0,0
328.863408,1,12578.111002,0,0,0,0,1
76.55458,8,12580.691444,0,0,1,0,0
-151.800564,7,12584.843078,0,0,1,0,0
146.022437,13,12588.174712,0,0,1,0,0
14.0378,9,12589.356384,0,0,1,0,0
328.852829,1,12589.606577,0,0,1,0,0
328.859287,1,12589.941068,1,0,0,0,0
916.964479,37,12601.283636,0,0,1,0,0
328.859287,1,12601.620654,1,0,0,0,0
337.939541,1,12601.980261,0,0,0,0,1
622.198208,10,12610.782032,0,0,0,0,1
337.863408,1,12611.198825,0,0,0,0,1
337.881734,1,12611.655284,0,0,1,0,0
-148.296399,6,12615.58654,0,0,1,0,0
1326.181608,49,12634.699414,0,0,1,0,0
95.784802,12,12637.816837,0,0,1,0,0
328.859287,1,12638.247048,1,0,0,0,0
328.826743,1,12638.609634,0,0,0,0,1
620.176235,30,12644.850548,0,0,1,0,0
328.800053,1,12645.165044,0,0,0,0,1
328.778864,1,12645.558418,0,0,0,0,1
1103.187995,43,12665.503955,1,0,0,0,0
1378.686289,63,12702.779902,0,0,1,0,0
330.129458,1,12703.13183,0,0,1,0,0
25.652263,9,12704.134417,0,0,1,0,0
328.778864,1,12704.465281,0,0,0,0,1
770.986486,43,12716.647784,1,0,0,0,0
328.800053,1,12716.966057,0,0,0,0,1
337.881733,1,12717.477971,0,0,1,0,0
328.881733,1,12717.915842,0,0,1,0,0
337.826744,1,12718.215876,0,0,0,0,1
328.846564,1,12718.566119,0,0,1,0,0
328.90969,1,12718.979452,0,0,1,0,0
663.11679,34,12732.507286,0,0,1,0,0
328.800053,1,12732.901097,0,0,0,0,1
-207.167766,5,12735.399021,0,0,1,0,0
277.262922,19,12738.58817,0,0,1,0,0
22.432527,9,12739.564013,0,0,1,0,0
328.800053,1,12739.866183,0,0,0,0,1
782.413471,35,12747.30232,0,0,1,0,0
1382.867939,73,12774.592275,0,0,1,0,0
328.99729,1,12774.910722,0,0,0,0,1
328.93954,1,12775.278296,0,0,0,0,1
478.709109,34,12782.729956,0,0,1,0,0
337.800053,1,12783.14169,0,0,0,0,1
-126.999021,3,12785.438795,0,0,1,0,0
337.997291,1,12785.730128,0,0,0,0,1
734.504746,13,12797.313719,0,0,0,0,1
561.477112,26,12801.9309,0,0,1,0,0
328.938687,1,12802.270069,0,0,0,0,1
328.87086,1,12802.751602,0,0,0,0,1
-132.922976,1,12804.643316,0,0,1,0,0
337.778863,1,12804.980364,0,0,0,0,1
328.931002,1,12805.383812,0,0,0,0,1
337.778865,1,12805.796017,0,0,0,0,1
633.743989,10,12823.674311,0,0,0,0,1
337.826742,1,12824.034422,0,0,0,0,1
-126.388102,1,12824.426183,0,0,1,0,0
328.931002,1,12824.763869,0,0,0,0,1
529.386032,23,12833.595812,0,0,1,0,0
-139.243163,5,12836.422414,1,0,0,0,0
328.859287,1,12836.720151,1,0,0,0,0
328.846564,1,12837.087982,0,0,1,0,0
-126.996194,3,12838.437385,1,0,0,0,0
-122.506057,7,12840.851192,0,0,1,0,0
328.778864,1,12841.15276,0,0,0,0,1
219.695309,13,12845.022392,0,0,1,0,0
328.82862,1,12845.382898,0,0,0,0,1
743.51106,34,12851.217242,0,0,1,0,0
202.504872,15,12853.415832,1,0,0,0,0
-123.738968,1,12854.060862,0,0,1,0,0
-115.362118,2,12854.643133,0,0,1,0,0
-123.733913,1,12855.18642,0,0,1,0,0
328.931002,1,12855.60869,0,0,0,0,1
646.973634,28,12867.455845,0,0,1,0,0
29.734404,9,12868.884337,0,0,1,0,0
257.158575,15,13218.704559,0,0,1,0,0
837.342495,36,13241.47643,0,0,1,0,0
-15.589331,8,13244.893531,0,0,1,0,0
434.469001,20,13255.581799,1,0,0,0,0
1425.273183,67,13272.327497,0,0,1,0,0
328.778864,1,13272.745769,0,0,0,0,1
328.881733,1,13273.158746,0,0,1,0,0
328.778864,1,13273.464072,0,0,0,0,1
328.931002,1,13273.856786,0,0,0,0,1
328.826743,1,13274.224279,0,0,0,0,1
328.888918,1,13274.551871,0,0,1,0,0
419.944428,23,13279.156483,0,0,1,0,0
328.947109,1,13279.518055,0,0,0,0,1
328.846564,1,13279.816095,0,0,1,0,0
317.435365,16,13284.264175,0,0,1,0,0
337.881733,1,13284.738642,0,0,1,0,0
337.99729,1,13285.048853,0,0,0,0,1
337.939542,1,13285.395509,0,0,0,0,1
53.583095,10,13287.212572,0,0,1,0,0
-9.242506,8,13288.306586,0,0,1,0,0
337.778864,1,13288.652797,0,0,0,0,1
-33.201764,7,13290.266289,0,0,1,0,0
619.997475,29,13295.228439,0,0,1,0,0
328.826743,1,13295.647644,0,0,0,0,1
-7.883067,8,13296.761988,0,0,1,0,0
-126.968095,3,13298.090288,1,0,0,0,0
478.239873,23,13302.380263,0,0,1,0,0
-153.531006,3,13306.89388,0,0,1,0,0
1385.79196,49,13331.48315,0,0,1,0,0
337.93954,1,13331.787101,0,0,0,0,1
1129.174768,48,13344.11513,0,0,1,0,0
455.850611,29,13348.418985,0,0,1,0,0
328.931002,1,13348.79907,0,0,0,0,1
1553.232872,64,13359.561162,0,0,1,0,0
771.834244,35,13375.591501,0,0,1,0,0
-129.071402,1,13376.116201,0,0,1,0,0
413.058263,18,13394.253322,0,0,1,0,0
337.931001,1,13400.857971,0,0,0,0,1
328.93954,1,13401.234265,0,0,0,0,1
930.62288,48,13417.033019,1,0,0,0,0
328.931002,1,13417.345616,0,0,0,0,1
337.82674,1,13417.700432,0,0,0,0,1
328.968284,1,13418.04768,0,0,0,0,1
632.862869,10,13429.967229,0,0,0,0,1
420.716777,17,13448.897416,0,0,1,0,0
337.99729,1,13449.274452,0,0,0,0,1
328.931002,1,13449.655584,0,0,0,0,1
328.800053,1,13450.017437,0,0,0,0,1
674.585346,31,13465.974545,0,0,1,0,0
328.800053,1,13466.290514,0,0,0,0,1
328.931002,1,13466.669619,0,0,0,0,1
197.999666,15,13469.834424,0,0,1,0,0
328.93954,1,13470.19517,0,0,0,0,1
170.429732,13,13472.87186,0,0,1,0,0
691.87868,38,13478.956378,0,0,1,0,0
-115.404114,2,13479.502844,0,0,1,0,0
-156.0419,6,13483.035457,0,0,1,0,0
182.668425,13,13485.607266,0,0,1,0,0
328.852829,1,13485.860337,0,0,1,0,0
328.99729,1,13486.263129,0,0,0,0,1
328.778864,1,13486.66786,0,0,0,0,1
328.852829,1,13486.991611,0,0,1,0,0
337.800053,1,13487.344172,0,0,0,0,1
679.430925,29,13495.456845,1,0,0,0,0
337.997288,1,13495.81506,0,0,0,0,1
-124.011808,1,13502.421032,0,0,1,0,0
795.979567,32,13518.776212,0,0,1,0,0
506.980227,24,13526.724453,1,0,0,0,0
146.624063,18,13529.778787,0,0,1,0,0
657.833655,32,13536.675045,0,0,1,0,0
337.852829,1,13536.873772,0,0,1,0,0
-147.87485,6,13540.529886,0,0,1,0,0
-108.093758,2,13540.929569,1,0,0,0,0
328.881733,1,13541.4011,0,0,1,0,0
811.6106,37,13566.95721,0,0,1,0,0
328.881733,1,13567.33639,0,0,1,0,0
328.93954,1,13567.66733,0,0,0,0,1
328.888918,1,13568.075243,0,0,1,0,0
578.17733,23,13591.879369,0,0,1,0,0
328.846564,1,13592.262552,0,0,1,0,0
328.778864,1,13592.652544,0,0,0,0,1
328.931002,1,13593.035115,0,0,0,0,1
518.755943,21,13602.131452,0,0,1,0,0
-17.012225,8,13604.57642,0,0,1,0,0
321.129458,1,13604.989048,0,0,1,0,0
-126.999021,3,13607.29034,0,0,1,0,0
458.393457,32,13612.226836,0,0,1,0,0
345.721609,16,13627.773607,0,0,1,0,0
28.434745,10,13631.846922,0,0,1,0,0
328.931002,1,13632.228315,0,0,0,0,1
328.909529,1,13632.580707,0,0,0,0,1
328.881733,1,13633.032762,0,0,1,0,0
1379.635855,59,13666.290996,0,0,1,0,0
173.271903,15,13669.887119,0,0,1,0,0
-154.561185,6,13673.26719,0,0,1,0,0
328.977188,1,13673.627782,0,0,0,0,1
337.800052,1,13673.967055,0,0,0,0,1
572.70477,24,13689.011858,1,0,0,0,0
337.863409,1,13689.399347,0,0,0,0,1
337.800053,1,13689.780818,0,0,0,0,1
177.544042,36,13698.4092,0,0,1,0,0
328.881733,1,13698.783592,0,0,1,0,0
-128.039695,3,13700.316632,1,0,0,0,0
1071.430806,43,13714.427803,0,0,1,0,0
198.184128,14,13717.278903,0,0,1,0,0
525.414367,24,13727.041552,0,0,1,0,0
520.376591,23,13735.730746,0,0,1,0,0
328.931002,1,13736.082413,0,0,0,0,1
453.07556,30,13742.225771,0,0,1,0,0
328.90969,1,13742.638263,0,0,1,0,0
-129.139395,4,13746.006016,0,0,1,0,0
337.826743,1,13746.307152,0,0,0,0,1
328.826743,1,13746.680323,0,0,0,0,1
-199.740197,5,13747.474667,0,0,1,0,0
337.863408,1,13747.74232,0,0,0,0,1
328.931002,1,13748.152834,0,0,0,0,1
308.863435,20,13751.122826,0,0,1,0,0
-108.122235,2,13751.678304,0,0,1,0,0
50.701142,10,13752.808482,0,0,1,0,0
1025.244303,47,13769.829967,1,0,0,0,0
328.93954,1,13770.200471,0,0,0,0,1
328.778864,1,13770.635592,0,0,0,0,1
328.931002,1,13771.035737,0,0,0,0,1
-33.32599,7,13772.703588,0,0,1,0,0
337.931002,1,13773.115801,0,0,0,0,1
328.873836,1,13773.52171,0,0,0,0,1
337.863409,1,13773.859114,0,0,0,0,1
328.93954,1,13774.248425,0,0,0,0,1
328.888918,1,13774.680881,0,0,1,0,0
328.773494,1,13775.257938,0,0,1,0,0
328.778864,1,13775.621628,0,0,0,0,1
328.773494,1,13776.153983,0,0,1,0,0
328.863408,1,13776.482711,0,0,0,0,1
537.442368,27,13782.570731,0,0,1,0,0
328.846564,1,13782.973685,0,0,1,0,0
328.859287,1,13783.318931,1,0,0,0,0
161.365465,10,13789.624731,0,0,1,0,0
328.931002,1,13789.932696,0,0,0,0,1
-15.278787,8,13793.41467,0,0,1,0,0
328.852829,1,13793.683494,0,0,1,0,0
330.129458,1,13794.147727,0,0,1,0,0
-124.595163,3,13797.509559,0,0,1,0,0
337.800052,1,13797.890343,0,0,0,0,1
508.730001,24,13805.631146,0,0,1,0,0
328.826743,1,13805.987281,0,0,0,0,1
570.459159,28,13811.656528,0,0,1,0,0
459.890619,20,13820.943344,0,0,1,0,0
328.82862,1,13821.226165,0,0,0,0,1
491.887506,22,13824.823052,1,0,0,0,0
-129.188536,4,13827.980795,0,0,1,0,0
553.667647,23,13838.614915,0,0,1,0,0
337.888919,1,13839.003349,0,0,1,0,0
854.607624,39,13855.711556,0,0,1,0,0
-132.738533,1,13856.356952,0,0,1,0,0
328.859287,1,13856.75897,1,0,0,0,0
337.931002,1,13857.120322,0,0,0,0,1
768.125103,40,13869.22302,0,0,1,0,0
328.778864,1,13869.588905,0,0,0,0,1
631.129402,10,13881.741901,0,0,0,0,1
-124.135773,5,13884.744649,0,0,1,0,0
581.722935,27,13894.194183,0,0,1,0,0
328.778864,1,13894.704026,0,0,0,0,1
370.313248,19,13898.481283,0,0,1,0,0
328.800053,1,13898.799171,0,0,0,0,1
858.171904,36,13918.420838,0,0,1,0,0
212.380159,13,13926.304999,0,0,1,0,0
328.826743,1,13926.616041,0,0,0,0,1
337.826743,1,13927.01335,0,0,0,0,1
337.997291,1,13927.374146,0,0,0,0,1
328.778864,1,13927.829859,0,0,0,0,1
293.348381,41,13951.852823,0,0,1,0,0
337.800053,1,13952.113462,0,0,0,0,1
-137.276101,5,13954.135858,0,0,1,0,0
328.859287,1,13954.409867,1,0,0,0,0
1211.753147,52,13975.009887,0,0,1,0,0
-108.16604,2,13975.492878,1,0,0,0,0
328.778864,1,13975.916503,0,0,0,0,1
337.800054,1,13976.264349,0,0,0,0,1
111.584079,8,13985.530773,0,0,1,0,0
337.800054,1,13985.865101,0,0,0,0,1
328.99729,1,13986.222457,0,0,0,0,1
328.82862,1,13986.590335,0,0,0,0,1
328.947109,1,13987.090971,0,0,0,0,1
-16.13452,8,13990.587719,0,0,1,0,0
337.800053,1,13990.895586,0,0,0,0,1
-115.362118,2,13991.441281,0,0,1,0,0
250.782492,15,14345.110258,0,0,1,0,0
337.939541,1,14345.459743,0,0,0,0,1
328.800053,1,14345.865106,0,0,0,0,1
-88.131274,2,14347.665262,0,0,1,0,0
330.129458,1,14348.029286,0,0,1,0,0
1106.179093,50,14368.193758,0,0,1,0,0
768.86867,38,14380.98094,0,0,1,0,0
328.99729,1,14381.376594,0,0,0,0,1
-185.425386,5,14383.64958,0,0,1,0,0
211.744483,16,14393.241738,0,0,1,0,0
-132.738533,1,14393.857048,0,0,1,0,0
328.881733,1,14394.29522,0,0,1,0,0
328.859288,1,14394.616911,1,0,0,0,0
-108.16604,2,14395.029521,1,0,0,0,0
879.96269,37,14405.920113,0,0,1,0,0
547.147156,33,14411.321621,0,0,1,0,0
-132.922976,1,14413.261391,0,0,1,0,0
328.947109,1,14413.649611,0,0,0,0,1
328.938687,1,14414.012733,0,0,0,0,1
337.826743,1,14414.405876,0,0,0,0,1
328.826743,1,14414.751384,0,0,0,0,1
69.194604,11,14417.629233,0,0,1,0,0
-133.751894,4,14421.383332,0,0,1,0,0
328.778864,1,14421.735518,0,0,0,0,1
453.21706,22,14426.983593,1,0,0,0,0
328.826743,1,14427.319191,0,0,0,0,1
-71.940018,7,14432.25713,0,0,1,0,0
-199.330781,5,14433.148828,0,0,1,0,0
-135.865648,4,14436.447003,0,0,1,0,0
337.93954,1,14436.788677,0,0,0,0,1
-36.844191,4,14437.856318,0,0,1,0,0
328.93954,1,14438.168772,0,0,0,0,1
328.778864,1,14438.544509,0,0,0,0,1
1060.739115,44,14451.308242,0,0,1,0,0
337.93954,1,14451.655024,0,0,0,0,1
814.20361,39,14468.14421,1,0,0,0,0
328.82862,1,14468.531305,0,0,0,0,1
668.167107,37,14476.872138,0,0,1,0,0
330.129458,1,14477.418789,0,0,1,0,0
328.909529,1,14477.726816,0,0,0,0,1
328.800053,1,14478.079526,0,0,0,0,1
337.863408,1,14478.445457,0,0,0,0,1
337.863409,1,14478.838805,0,0,0,0,1
328.826743,1,14479.190362,0,0,0,0,1
-124.193631,5,14482.225417,0,0,1,0,0
-153.524471,3,14486.678831,0,0,1,0,0
328.800053,1,14486.980394,0,0,0,0,1
337.826742,1,14487.361856,0,0,0,0,1
-141.840242,5,14490.109534,1,0,0,0,0
337.931002,1,14490.42989,0,0,0,0,1
891.718657,39,14501.113333,0,0,1,0,0
328.859287,1,14501.497649,1,0,0,0,0
640.258029,10,14503.729098,0,0,0,0,1
-124.489981,5,14506.701625,0,0,1,0,0
320.643936,20,14509.58148,0,0,1,0,0
630.810585,43,14523.451256,1,0,0,0,0
-153.527846,3,14527.782015,0,0,1,0,0
-149.991568,6,14531.92444,0,0,1,0,0
337.931002,1,14532.247854,0,0,0,0,1
328.778864,1,14532.670568,0,0,0,0,1
328.99729,1,14533.05559,0,0,0,0,1
328.881733,1,14533.483434,0,0,1,0,0
-122.506057,7,14536.015484,0,0,1,0,0
328.778864,1,14536.335279,0,0,0,0,1
-158.133686,4,14540.717177,0,0,1,0,0
328.931002,1,14541.017448,0,0,0,0,1
-124.489981,5,14543.911792,0,0,1,0,0
766.347012,37,14555.269232,0,0,1,0,0
-122.751103,6,14556.896394,0,0,1,0,0
780.368125,33,14567.717633,1,0,0,0,0
95.824334,12,14570.939589,0,0,1,0,0
144.096209,9,14583.394177,0,0,1,0,0
-197.173734,8,14584.334997,0,0,1,0,0
328.826743,1,14584.600244,0,0,0,0,1
1318.596414,55,14606.544426,0,0,1,0,0
594.139156,9,14608.493613,0,0,0,0,1
770.144535,34,14639.394894,0,0,1,0,0
430.795173,39,14652.707478,0,0,1,0,0
337.82862,1,14653.069486,0,0,0,0,1
-129.312562,4,14656.198288,0,0,1,0,0
328.888918,1,14656.486145,0,0,1,0,0
886.386753,36,14667.528738,0,0,1,0,0
665.790144,25,14692.865663,0,0,1,0,0
328.826743,1,14693.180056,0,0,0,0,1
-154.147459,6,14696.87336,0,0,1,0,0
-9.626156,8,14698.003453,0,0,1,0,0
694.466271,29,14709.140418,0,0,1,0,0
531.79844,26,14716.557909,0,0,1,0,0
-148.296399,6,14720.299965,0,0,1,0,0
765.857246,30,14735.743079,0,0,1,0,0
328.909529,1,14736.190445,0,0,0,0,1
424.155144,22,14739.970082,0,0,1,0,0
1378.988832,58,14765.269039,0,0,1,0,0
-207.31961,5,14767.793295,0,0,1,0,0
-123.865686,3,14771.202047,0,0,1,0,0
-122.318419,6,14772.596452,0,0,1,0,0
203.753304,15,14775.501319,0,0,1,0,0
202.504872,15,14777.970044,1,0,0,0,0
328.93954,1,14778.336018,0,0,0,0,1
76.738669,11,14780.397695,0,0,1,0,0
337.800053,1,14780.797022,0,0,0,0,1
170.254401,20,14794.116882,0,0,1,0,0
337.800054,1,14794.410027,0,0,0,0,1
719.278186,36,14801.460877,0,0,1,0,0
328.863408,1,14801.795034,0,0,0,0,1
-115.362118,2,14802.347012,0,0,1,0,0
-139.413322,5,14804.932804,1,0,0,0,0
321.129458,1,14805.361767,0,0,1,0,0
-122.340949,6,14806.810127,0,0,1,0,0
328.778864,1,14807.118191,0,0,0,0,1
328.846564,1,14807.470062,0,0,1,0,0
-44.842087,4,14808.510417,0,0,1,0,0
282.267906,13,14817.801881,0,0,1,0,0
328.80893,1,14818.175576,0,0,0,0,1
328.863408,1,14818.536883,0,0,0,0,1
337.800055,1,14818.915978,0,0,0,0,1
328.99729,1,14819.282373,0,0,0,0,1
605.891337,28,14824.68888,0,0,1,0,0
576.021475,28,14837.699684,0,0,1,0,0
202.504872,15,14840.176455,1,0,0,0,0
111.966983,13,14842.614362,0,0,1,0,0
337.826743,1,14843.027714,0,0,0,0,1
330.129458,1,14843.448085,0,0,1,0,0
-115.362118,2,14843.964349,0,0,1,0,0
65.222319,11,14847.646646,0,0,1,0,0
-128.065243,7,14850.468893,0,0,1,0,0
328.976325,1,14850.857298,0,0,0,0,1
328.800053,1,14851.189076,0,0,0,0,1
328.778864,1,14851.604477,0,0,0,0,1
337.931,1,14852.003967,0,0,0,0,1
351.692096,20,14941.224858,0,0,1,0,0
321.129458,1,14941.630906,0,0,1,0,0
1109.618301,40,14954.294283,0,0,1,0,0
865.294031,39,14968.527483,0,0,1,0,0
337.931002,1,14968.993021,0,0,0,0,1
-115.533297,2,14969.615833,0,0,1,0,0
328.909529,1,14969.972016,0,0,0,0,1
321.129458,1,14970.494949,0,0,1,0,0
328.931002,1,14970.847144,0,0,0,0,1
337.800053,1,14971.231135,0,0,0,0,1
1533.492468,60,15030.28277,0,0,1,0,0
-9.626156,8,15031.426184,0,0,1,0,0
191.048084,16,15034.899248,0,0,1,0,0
-140.999267,1,15037.91581,1,0,0,0,0
-123.736297,1,15038.54072,0,0,1,0,0
328.93954,1,15038.968919,0,0,0,0,1
328.99729,1,15039.394795,0,0,0,0,1
541.748781,27,15045.515797,0,0,1,0,0
612.820722,10,15047.711264,0,0,0,0,1
260.631225,23,15062.98418,0,0,1,0,0
-36.690129,4,15063.898023,0,0,1,0,0
328.859287,1,15064.207566,1,0,0,0,0
-198.663258,8,15065.152375,0,0,1,0,0
337.863408,1,15065.463178,0,0,0,0,1
157.769148,11,15068.148803,0,0,1,0,0
337.826742,1,15068.521449,0,0,0,0,1
66.592517,11,15072.625949,0,0,1,0,0
337.997289,1,15072.920635,0,0,0,0,1
337.778863,1,15073.32348,0,0,0,0,1
430.385779,21,15077.572458,0,0,1,0,0
328.93954,1,15077.955304,0,0,0,0,1
328.881733,1,15078.384296,0,0,1,0,0
337.863407,1,15078.700504,0,0,0,0,1
328.931002,1,15079.086194,0,0,0,0,1
328.859287,1,15079.43036,1,0,0,0,0
-154.561185,6,15089.092019,0,0,1,0,0
-128.534593,6,15092.063833,0,0,1,0,0
-16.158607,6,15093.880561,0,0,1,0,0
328.800053,1,15094.276064,0,0,0,0,1
337.778865,1,15094.636522,0,0,0,0,1
536.135919,39,15101.288322,0,0,1,0,0
328.82862,1,15101.573467,0,0,0,0,1
65.100089,14,15103.896102,0,0,1,0,0
248.731815,15,15456.239789,0,0,1,0,0
-123.752622,6,15457.752022,0,0,1,0,0
337.800054,1,15458.075444,0,0,0,0,1
99.008155,9,15459.924689,0,0,1,0,0
328.826743,1,15460.245941,0,0,0,0,1
328.800053,1,15460.586053,0,0,0,0,1
328.99729,1,15460.956218,0,0,0,0,1
328.800053,1,15461.363385,0,0,0,0,1
337.800053,1,15461.749691,0,0,0,0,1
328.93954,1,15462.154871,0,0,0,0,1
566.332522,25,15466.998187,0,0,1,0,0
-122.506057,7,15469.45033,0,0,1,0,0
-123.129155,3,15472.699487,0,0,1,0,0
825.691329,34,15507.950001,0,0,1,0,0
-122.7621,7,15510.873057,0,0,1,0,0
337.931002,1,15511.176611,0,0,0,0,1
328.90969,1,15511.600294,0,0,1,0,0
-17.444631,6,15513.331209,0,0,1,0,0
642.984462,31,15529.319323,0,0,1,0,0
321.129458,1,15529.844263,0,0,1,0,0
328.773494,1,15530.280689,0,0,1,0,0
328.881733,1,15530.666945,0,0,1,0,0
328.863408,1,15530.985477,0,0,0,0,1
89.807761,14,15533.248688,0,0,1,0,0
628.229312,29,15538.844682,1,0,0,0,0
-16.479937,8,15542.487331,0,0,1,0,0
337.939541,1,15542.905311,0,0,0,0,1
328.800053,1,15543.341454,0,0,0,0,1
5.082982,9,15546.909832,0,0,1,0,0
-129.312562,4,15550.02,0,0,1,0,0
321.129458,1,15550.395141,0,0,1,0,0
337.881734,1,15550.778595,0,0,1,0,0
398.948266,18,15556.799648,0,0,1,0,0
337.778864,1,15557.307223,0,0,0,0,1
711.398355,30,15563.422968,0,0,1,0,0
-118.407336,7,15566.295985,0,0,1,0,0
337.93954,1,15566.578032,0,0,0,0,1
397.491469,17,15570.459482,0,0,1,0,0
328.82862,1,15570.813526,0,0,0,0,1
328.90969,1,15571.234851,0,0,1,0,0
1188.186236,51,15580.191541,0,0,1,0,0
-16.300962,8,15582.516629,0,0,1,0,0
1582.486987,68,15602.221265,0,0,1,0,0
613.260567,10,15604.535887,0,0,0,0,1
-115.118328,2,15605.147587,0,0,1,0,0
337.997289,1,15605.4665,0,0,0,0,1
328.93954,1,15605.82759,0,0,0,0,1
-190.030639,5,15608.006486,0,0,1,0,0
420.673455,22,15612.062173,1,0,0,0,0
150.017435,9,15619.391333,0,0,1,0,0
700.446018,26,15636.186279,1,0,0,0,0
328.99729,1,15636.554007,0,0,0,0,1
-130.696996,4,15639.894726,0,0,1,0,0
337.99729,1,15640.214617,0,0,0,0,1
328.99729,1,15640.645801,0,0,0,0,1
79.33108,11,15642.425623,0,0,1,0,0
328.99729,1,15642.806154,0,0,0,0,1
328.93954,1,15643.197735,0,0,0,0,1
-155.007398,6,15646.788984,0,0,1,0,0
321.129458,1,15647.21445,0,0,1,0,0
328.93954,1,15647.569326,0,0,0,0,1
99.184434,9,15649.563879,0,0,1,0,0
337.826741,1,15649.886857,0,0,0,0,1
337.909528,1,15650.247221,0,0,0,0,1
86.895778,12,15654.043831,0,0,1,0,0
612.585789,31,15662.517961,0,0,1,0,0
959.677555,46,15670.246771,1,0,0,0,0
805.150311,32,15687.655833,0,0,1,0,0
328.93954,1,15688.090545,0,0,0,0,1
328.99729,1,15688.467143,0,0,0,0,1
-123.073322,3,15691.793987,0,0,1,0,0
23.150779,9,15692.645927,0,0,1,0,0
108.864422,12,15694.516907,0,0,1,0,0
-199.801269,8,15695.476566,0,0,1,0,0
99.052097,8,15700.341933,0,0,1,0,0
328.863408,1,15700.652899,0,0,0,0,1
-124.011808,1,15701.132292,0,0,1,0,0
328.831123,1,15701.473687,0,0,0,0,1
-197.015911,8,15702.373439,0,0,1,0,0
97.898915,14,15704.856476,0,0,1,0,0
148.365202,13,15707.850185,0,0,1,0,0
328.99729,1,15708.209227,0,0,0,0,1
465.140308,19,15726.908563,0,0,1,0,0
-140.897522,5,15729.575855,1,0,0,0,0
328.778864,1,15729.926432,0,0,0,0,1
328.826743,1,15730.305995,0,0,0,0,1
328.93954,1,15730.676119,0,0,0,0,1
-154.0275,6,15734.43953,0,0,1,0,0
-137.123292,5,15736.456027,0,0,1,0,0
680.737612,28,15746.381882,1,0,0,0,0
457.27799,27,15756.925583,0,0,1,0,0
-126.741828,7,15759.467863,0,0,1,0,0
328.778864,1,15759.789318,0,0,0,0,1
25.618717,9,15760.882353,0,0,1,0,0
-128.631458,4,15764.132875,0,0,1,0,0
328.800053,1,15764.445953,0,0,0,0,1
-133.853751,4,15767.933895,0,0,1,0,0
328.778864,1,15768.276968,0,0,0,0,1
-115.509732,5,15771.186663,0,0,1,0,0
-76.559346,4,15772.107435,0,0,1,0,0
337.82862,1,15772.404332,0,0,0,0,1
328.93954,1,15772.784592,0,0,0,0,1
337.863408,1,15773.164931,0,0,0,0,1
328.863408,1,15773.558641,0,0,0,0,1
-153.558255,3,15777.990244,0,0,1,0,0
1814.36507,89,15805.167102,0,0,1,0,0
321.269096,15,15810.161442,0,0,1,0,0
621.154336,29,15826.710659,0,0,1,0,0
328.99729,1,15827.139729,0,0,0,0,1
76.594805,11,15829.135685,0,0,1,0,0
337.881734,1,15829.643887,0,0,1,0,0
328.90969,1,15830.06485,0,0,1,0,0
328.800053,1,15830.449615,0,0,0,0,1
-115.102645,2,15831.014627,0,0,1,0,0
328.778864,1,15831.352334,0,0,0,0,1
328.846564,1,15831.733056,0,0,1,0,0
328.947109,1,15832.195972,0,0,0,0,1
362.948882,19,15835.843035,0,0,1,0,0
-108.16604,2,15836.237426,1,0,0,0,0
-125.805349,5,15838.98104,0,0,1,0,0
1039.328947,46,15851.988595,0,0,1,0,0
512.892489,23,15864.333996,0,0,1,0,0
36.654746,10,15868.530988,0,0,1,0,0
163.693022,15,15871.827558,0,0,1,0,0
328.947109,1,15872.224074,0,0,0,0,1
206.943766,15,15876.456545,0,0,1,0,0
-9.38814,8,15877.629584,0,0,1,0,0
820.657506,32,15903.561516,0,0,1,0,0
337.800053,1,15903.847172,0,0,0,0,1
143.645187,16,15912.757483,0,0,1,0,0
433.737748,21,15920.212849,0,0,1,0,0
330.129458,1,15920.570335,0,0,1,0,0
-124.087411,3,15923.960238,0,0,1,0,0
-8.133923,8,15925.192997,0,0,1,0,0
328.846564,1,15925.563339,0,0,1,0,0
12.622133,9,15926.814442,0,0,1,0,0
-158.618287,4,15931.34962,0,0,1,0,0
-123.890629,3,15934.836317,0,0,1,0,0
337.800053,1,15935.154505,0,0,0,0,1
328.826743,1,15935.518425,0,0,0,0,1
328.931002,1,15935.919756,0,0,0,0,1
337.881733,1,15936.357211,0,0,1,0,0
328.800053,1,15936.704303,0,0,0,0,1
440.899103,25,15940.209738,0,0,1,0,0
337.863408,1,15940.624972,0,0,0,0,1
328.99729,1,15941.025004,0,0,0,0,1
328.80893,1,15941.411729,0,0,0,0,1
-129.071402,1,15941.933858,0,0,1,0,0
505.359505,32,15947.865835,0,0,1,0,0
337.939542,1,15948.269924,0,0,0,0,1
337.881733,1,15948.782596,0,0,1,0,0
16.12424,9,15949.93994,0,0,1,0,0
581.339671,39,15982.15592,0,0,1,0,0
582.293629,24,15994.376513,0,0,1,0,0
929.341606,45,16006.759251,0,0,1,0,0
328.826743,1,16007.060108,0,0,0,0,1
328.778864,1,16007.435229,0,0,0,0,1
-132.922976,1,16009.346033,0,0,1,0,0
1031.250387,54,16025.674141,0,0,1,0,0
337.800052,1,16026.095648,0,0,0,0,1
165.029845,11,16029.603499,0,0,1,0,0
328.800053,1,16029.953436,0,0,0,0,1
328.90969,1,16030.404766,0,0,1,0,0
328.99729,1,16030.721734,0,0,0,0,1
1.483019,9,16033.945182,0,0,1,0,0
467.958628,23,16038.016549,0,0,1,0,0
337.93954,1,16038.39625,0,0,0,0,1
-97.103247,2,16040.274269,0,0,1,0,0
328.938687,1,16040.586802,0,0,0,0,1
481.486833,21,16048.369062,0,0,1,0,0
605.071726,33,16054.993742,0,0,1,0,0
328.778864,1,16055.413391,0,0,0,0,1
328.859287,1,16055.783543,1,0,0,0,0
-115.396924,2,16056.318699,0,0,1,0,0
328.881733,1,16056.726643,0,0,1,0,0
328.93954,1,16057.066599,0,0,0,0,1
-199.603445,5,16057.856509,0,0,1,0,0
337.93954,1,16058.184737,0,0,0,0,1
328.778864,1,16058.586595,0,0,0,0,1
-16.305043,6,16060.554462,0,0,1,0,0
700.817121,32,16067.271158,0,0,1,0,0
328.93954,1,16067.696436,0,0,0,0,1
316.638066,21,16078.557557,0,0,1,0,0
328.991637,1,16078.913627,0,0,0,0,1
328.773494,1,16079.340703,0,0,1,0,0
734.430067,33,16085.414478,0,0,1,0,0
-199.603445,5,16086.137865,0,0,1,0,0
328.99729,1,16086.42698,0,0,0,0,1
842.718739,39,16098.121935,0,0,1,0,0
-141.094391,5,16100.873494,1,0,0,0,0
18.156836,9,16101.850413,0,0,1,0,0
328.846564,1,16102.128542,0,0,1,0,0
731.460225,33,16115.274408,0,0,1,0,0
328.778864,1,16115.623566,0,0,0,0,1
660.744556,36,16124.578649,0,0,1,0,0
-125.699345,5,16127.186025,0,0,1,0,0
224.813286,13,16131.259958,0,0,1,0,0
-123.733325,1,16131.937368,0,0,1,0,0
-125.805349,5,16134.773484,0,0,1,0,0
328.931002,1,16135.068217,0,0,0,0,1
328.826743,1,16135.405999,0,0,0,0,1
328.931002,1,16135.779987,0,0,0,0,1
337.881734,1,16136.214934,0,0,1,0,0
-115.362118,2,16136.717942,0,0,1,0,0
337.931002,1,16137.043151,0,0,0,0,1
-122.759003,6,16138.553717,0,0,1,0,0
328.881733,1,16138.929326,0,0,1,0,0
661.545696,32,16148.608254,0,0,1,0,0
337.863408,1,16149.018717,0,0,0,0,1
404.957582,29,16152.248435,1,0,0,0,0
337.778865,1,16152.588214,0,0,0,0,1
337.909529,1,16152.951596,0,0,0,0,1
328.90969,1,16153.412154,0,0,1,0,0
129.946037,12,16156.610095,0,0,1,0,0
253.628963,17,16159.773553,0,0,1,0,0
1010.536548,44,16178.09138,1,0,0,0,0
492.735504,23,16183.765955,1,0,0,0,0
328.778864,1,16184.120309,0,0,0,0,1
388.075523,17,16193.065724,0,0,1,0,0
889.441366,31,16225.32443,0,0,1,0,0
-6.852826,8,16227.259667,0,0,1,0,0
248.585045,14,16251.718601,0,0,1,0,0
-129.322144,4,16255.085359,0,0,1,0,0
337.863407,1,16255.40152,0,0,0,0,1
328.93954,1,16255.794825,0,0,0,0,1
328.778864,1,16256.172285,0,0,0,0,1
656.603505,10,16258.450937,0,0,0,0,1
-108.16604,2,16258.832342,1,0,0,0,0
321.129458,1,16259.313052,0,0,1,0,0
337.931002,1,16259.657453,0,0,0,0,1
659.612676,24,16270.200745,0,0,1,0,0
328.881733,1,16270.703618,0,0,1,0,0
328.931002,1,16271.051575,0,0,0,0,1
484.194716,23,16286.593709,0,0,1,0,0
46.801576,17,16294.10106,0,0,1,0,0
1294.363315,59,16313.491398,0,0,1,0,0
380.909415,18,16324.893462,0,0,1,0,0
929.812731,40,16342.389435,0,0,1,0,0
270.523465,15,16345.321602,0,0,1,0,0
691.690464,31,16351.756399,0,0,1,0,0
794.527479,32,16360.136242,0,0,1,0,0
328.99729,1,16360.552046,0,0,0,0,1
328.778864,1,16360.994045,0,0,0,0,1
337.778864,1,16361.404787,0,0,0,0,1
-206.565173,5,16364.099239,0,0,1,0,0
-116.661247,5,16366.775873,0,0,1,0,0
646.388018,27,16378.820773,0,0,1,0,0
561.536701,28,16385.802105,0,0,1,0,0
328.968284,1,16386.25512,0,0,0,0,1
328.931002,1,16386.676027,0,0,0,0,1
328.93954,1,16387.040707,0,0,0,0,1
321.129458,1,16387.475352,0,0,1,0,0
328.938687,1,16387.854063,0,0,0,0,1
337.826742,1,16388.265903,0,0,0,0,1
673.936581,36,16405.949999,0,0,1,0,0
328.909529,1,16406.280596,0,0,0,0,1
483.819201,25,16412.057233,1,0,0,0,0
328.852829,1,16412.31184,0,0,1,0,0
337.881734,1,16412.775329,0,0,1,0,0
647.998744,40,16425.813272,1,0,0,0,0
328.99729,1,16426.251982,0,0,0,0,1
-108.122235,2,16426.825892,0,0,1,0,0
328.82862,1,16427.142899,0,0,0,0,1
328.93954,1,16427.587598,0,0,0,0,1
332.478883,21,16446.925061,0,0,1,0,0
328.931002,1,16447.351676,0,0,0,0,1
328.846564,1,16447.718299,0,0,1,0,0
328.800053,1,16448.032912,0,0,0,0,1
40.69984,10,16451.073946,0,0,1,0,0
-99.121952,2,16451.655989,0,0,1,0,0
720.077589,33,16458.394503,1,0,0,0,0
337.93954,1,16458.711119,0,0,0,0,1
328.99729,1,16459.07492,0,0,0,0,1
328.931002,1,16459.434219,0,0,0,0,1
162.120137,14,16461.997996,0,0,1,0,0
915.997491,40,16498.751809,0,0,1,0,0
328.881733,1,16499.153477,0,0,1,0,0
328.931002,1,16499.500739,0,0,0,0,1
-191.174474,5,16501.724586,0,0,1,0,0
-188.302648,5,16503.848602,0,0,1,0,0
1342.758074,50,16546.396394,0,0,1,0,0
-132.922976,1,16548.520458,0,0,1,0,0
328.859287,1,16548.805518,1,0,0,0,0
-190.342528,8,16549.716599,0,0,1,0,0
328.875835,1,16550.085217,0,0,0,0,1
268.433295,14,16563.67709,0,0,1,0,0
301.980824,15,16573.307557,0,0,1,0,0
179.072124,13,16584.086568,0,0,1,0,0
328.87411,1,16584.52732,0,0,0,0,1
614.238528,27,16589.513376,0,0,1,0,0
620.091336,32,16595.526045,0,0,1,0,0
337.881733,1,16595.952641,0,0,1,0,0
328.931002,1,16596.30295,0,0,0,0,1
337.778865,1,16596.661581,0,0,0,0,1
-124.087411,3,16599.932026,0,0,1,0,0
331.288367,20,16602.806136,0,0,1,0,0
-36.756604,4,16603.835799,0,0,1,0,0
735.808932,40,16613.250963,1,0,0,0,0
455.599168,22,16620.81174,1,0,0,0,0
337.99729,1,16621.176318,0,0,0,0,1
538.187034,24,16628.1921,0,0,1,0,0
328.846564,1,16628.588789,0,0,1,0,0
328.826743,1,16628.943624,0,0,0,0,1
174.429536,14,16638.307624,0,0,1,0,0
857.963752,44,16648.3319,1,0,0,0,0
328.800053,1,16648.674376,0,0,0,0,1
328.93954,1,16649.049247,0,0,0,0,1
709.618182,42,16658.225477,1,0,0,0,0
-97.103247,2,16660.166564,0,0,1,0,0
-206.717269,5,16662.5472,0,0,1,0,0
788.37703,36,16670.500118,0,0,1,0,0
328.99729,1,16670.907803,0,0,0,0,1
328.93954,1,16671.324179,0,0,0,0,1
330.129458,1,16671.917913,0,0,1,0,0
-129.188444,4,16675.228918,0,0,1,0,0
370.557581,17,16686.581061,0,0,1,0,0
-6.846413,8,16688.282701,0,0,1,0,0
321.129458,1,16688.830734,0,0,1,0,0
706.17646,44,16705.199127,1,0,0,0,0
337.93954,1,16705.686334,0,0,0,0,1
328.99729,1,16706.102842,0,0,0,0,1
118.900225,13,16709.233472,0,0,1,0,0
328.859287,1,16709.604052,1,0,0,0,0
673.95296,11,16712.054648,0,0,0,0,1
-108.122235,2,16712.603266,0,0,1,0,0
328.931002,1,16712.972676,0,0,0,0,1
185.278561,10,16722.84699,0,0,1,0,0
328.93954,1,16723.220111,0,0,0,0,1
656.570534,30,16739.537899,0,0,1,0,0
328.920203,1,16739.93602,0,0,0,0,1
328.909529,1,16740.296854,0,0,0,0,1
265.212294,15,16749.92695,0,0,1,0,0
328.800053,1,16750.259809,0,0,0,0,1
1017.782162,42,16761.66983,1,0,0,0,0
337.881734,1,16762.088294,0,0,1,0,0
328.82862,1,16762.415971,0,0,0,0,1
-126.388102,1,16762.834549,0,0,1,0,0
998.772307,42,16777.454651,0,0,1,0,0
328.80893,1,16784.099131,0,0,0,0,1
909.711498,52,16814.428394,0,0,1,0,0
-149.574416,6,16818.19596,0,0,1,0,0
-72.016815,7,16823.139651,0,0,1,0,0
-126.196356,5,16825.972169,0,0,1,0,0
337.778865,1,16826.312657,0,0,0,0,1
401.670177,24,16844.16867,0,0,1,0,0
-97.103247,2,16846.073308,0,0,1,0,0
328.991637,1,16846.466423,0,0,0,0,1
1163.152253,55,16862.252573,1,0,0,0,0
439.452003,21,16866.131218,0,0,1,0,0
328.863408,1,16866.433296,0,0,0,0,1
328.93954,1,16866.828346,0,0,0,0,1
328.778864,1,16867.247317,0,0,0,0,1
1130.769848,50,16898.59123,0,0,1,0,0
328.888918,1,16898.989584,0,0,1,0,0
328.80893,1,16899.394092,0,0,0,0,1
-115.012032,1,16899.873133,0,0,1,0,0
328.859287,1,16900.187836,1,0,0,0,0
328.859287,1,16900.552957,1,0,0,0,0
328.863408,1,16900.928395,0,0,0,0,1
202.504872,15,16903.348044,1,0,0,0,0
328.859287,1,16903.716982,1,0,0,0,0
328.778864,1,16904.097312,0,0,0,0,1
219.115986,16,16907.051166,0,0,1,0,0
10.797021,9,16908.266395,0,0,1,0,0
922.701818,37,16927.611566,0,0,1,0,0
-129.559736,4,16930.486402,0,0,1,0,0
698.758197,31,16936.909191,0,0,1,0,0
328.93954,1,16937.249377,0,0,0,0,1
450.621648,21,16948.895027,1,0,0,0,0
328.778864,1,16949.24425,0,0,0,0,1
328.863408,1,16949.59408,0,0,0,0,1
328.859287,1,16949.947529,1,0,0,0,0
22.87323,9,16950.922456,0,0,1,0,0
328.826743,1,16951.229302,0,0,0,0,1
337.828619,1,16951.604437,0,0,0,0,1
253.93584,16,16955.169409,0,0,1,0,0
-206.7459,5,16957.925361,0,0,1,0,0
455.581342,22,16965.054431,1,0,0,0,0
328.99729,1,16965.415292,0,0,0,0,1
-200.285999,5,16966.349032,0,0,1,0,0
328.931002,1,16966.653656,0,0,0,0,1
328.93954,1,16967.00933,0,0,0,0,1
328.800053,1,16967.415238,0,0,0,0,1
-146.248219,6,16971.288166,0,0,1,0,0
-140.999267,1,16974.070443,1,0,0,0,0
337.826743,1,16974.417866,0,0,0,0,1
321.129458,1,16974.946915,0,0,1,0,0
146.575924,9,16984.647048,0,0,1,0,0
328.881733,1,16985.187666,0,0,1,0,0
328.93954,1,16985.550625,0,0,0,0,1
717.344131,39,16994.706507,0,0,1,0,0
1512.898142,59,17013.231936,0,0,1,0,0
328.931002,1,17013.520053,0,0,0,0,1
-154.011414,6,17016.954713,0,0,1,0,0
328.800053,1,17017.255266,0,0,0,0,1
-140.999267,1,17020.191418,1,0,0,0,0
328.93954,1,17020.566269,0,0,0,0,1
894.950845,40,17051.873682,0,0,1,0,0
328.93954,1,17052.164709,0,0,0,0,1
328.82862,1,17052.549628,0,0,0,0,1
337.931002,1,17052.932498,0,0,0,0,1
806.658955,39,17064.064028,0,0,1,0,0
328.82862,1,17064.428265,0,0,0,0,1
195.33662,16,17074.188148,0,0,1,0,0
462.364392,19,17093.568709,0,0,1,0,0
-140.99647,1,17096.653843,1,0,0,0,0
324.691464,17,17099.989791,0,0,1,0,0
328.800053,1,17100.35515,0,0,0,0,1
-190.563196,9,17101.768021,0,0,1,0,0
328.93954,1,17102.090764,0,0,0,0,1
501.411478,21,17111.742286,0,0,1,0,0
337.931003,1,17112.064606,0,0,0,0,1
51.713262,10,17113.880368,0,0,1,0,0
168.46463,12,17120.313907,0,0,1,0,0
337.881734,1,17120.667707,0,0,1,0,0
52.73018,10,17122.255431,0,0,1,0,0
337.93954,1,17122.555623,0,0,0,0,1
65.100089,14,17124.872682,0,0,1,0,0
53.423154,10,17126.582328,0,0,1,0,0
939.588562,41,17134.570683,0,0,1,0,0
-193.695831,9,17135.658356,0,0,1,0,0
367.026026,26,17140.412379,0,0,1,0,0
328.778864,1,17140.766533,0,0,0,0,1
330.129458,1,17141.197378,0,0,1,0,0
328.93954,1,17141.515336,0,0,0,0,1
224.71609,11,17151.015218,0,0,1,0,0
337.939541,1,17151.402065,0,0,0,0,1
337.881734,1,17151.854885,0,0,1,0,0
31.10582,10,17156.151451,0,0,1,0,0
328.826743,1,17156.524863,0,0,0,0,1
131.414096,11,17158.844901,0,0,1,0,0
328.82862,1,17159.211019,0,0,0,0,1
328.931002,1,17159.586868,0,0,0,0,1
328.863408,1,17159.921287,0,0,0,0,1
841.880862,35,17197.942122,0,0,1,0,0
-122.103929,6,17206.353343,0,0,1,0,0
-37.012167,4,17207.285764,0,0,1,0,0
-115.578053,2,17207.789093,0,0,1,0,0
328.800053,1,17208.14945,0,0,0,0,1
738.208051,32,17569.257242,0,0,1,0,0
342.589488,19,17572.530652,0,0,1,0,0
337.778863,1,17572.867588,0,0,0,0,1
-199.603445,5,17573.789724,0,0,1,0,0
328.778864,1,17574.129712,0,0,0,0,1
475.58903,22,17583.348517,0,0,1,0,0
584.069296,27,17591.716571,1,0,0,0,0
-246.917104,12,17593.601181,0,0,1,0,0
-9.626156,8,17594.62348,0,0,1,0,0
328.826743,1,17595.006798,0,0,0,0,1
328.881733,1,17595.477411,0,0,1,0,0
328.778864,1,17595.854407,0,0,0,0,1
328.920203,1,17596.338641,0,0,0,0,1
230.031308,15,17599.505771,0,0,1,0,0
146.708993,10,17601.564891,1,0,0,0,0
328.800053,1,17601.912937,0,0,0,0,1
328.846564,1,17602.326082,0,0,1,0,0
-10.84053,8,17603.587708,0,0,1,0,0
-16.380393,6,17605.69768,0,0,1,0,0
562.577493,27,17964.285684,0,0,1,0,0
328.800053,1,17964.606967,0,0,0,0,1
472.653733,33,17982.902642,0,0,1,0,0
757.912709,32,18088.103549,1,0,0,0,0
337.826744,1,18088.47612,0,0,0,0,1
645.012683,15,18092.12571,0,0,0,0,1
328.859286,1,18092.466113,1,0,0,0,0
-37.310457,4,18093.485802,0,0,1,0,0
337.800052,1,18093.788294,0,0,0,0,1
600.183901,28,18101.717176,0,0,1,0,0
450.171121,19,18120.062522,0,0,1,0,0
16.783557,9,18121.317351,0,0,1,0,0
328.90969,1,18121.67269,0,0,1,0,0
-65.429941,7,18126.571988,0,0,1,0,0
-127.125762,3,18129.026857,0,0,1,0,0
330.129458,1,18129.470143,0,0,1,0,0
-140.74974,5,18132.039093,1,0,0,0,0
-140.897522,5,18134.58644,1,0,0,0,0
36.999957,13,18136.686171,0,0,1,0,0
490.228913,22,18141.803549,1,0,0,0,0
328.99729,1,18142.199541,0,0,0,0,1
328.90969,1,18142.693139,0,0,1,0,0
328.826743,1,18143.074046,0,0,0,0,1
328.859287,1,18143.422007,1,0,0,0,0
337.881733,1,18143.84671,0,0,1,0,0
697.822547,38,18159.908071,0,0,1,0,0
321.129458,1,18160.373491,0,0,1,0,0
-206.565173,5,18162.868085,0,0,1,0,0
337.931002,1,18163.171466,0,0,0,0,1
328.968284,1,18163.513077,0,0,0,0,1
646.112432,29,18168.998298,0,0,1,0,0
328.93954,1,18169.319008,0,0,0,0,1
531.63411,25,18174.493569,0,0,1,0,0
337.93954,1,18174.857446,0,0,0,0,1
328.881733,1,18175.307862,0,0,1,0,0
328.93954,1,18175.632414,0,0,0,0,1
328.778864,1,18176.01784,0,0,0,0,1
207.863943,14,18186.693491,0,0,1,0,0
766.296514,32,18553.000014,0,0,1,0,0
328.778864,1,18553.322185,0,0,0,0,1
328.800053,1,18553.682344,0,0,0,0,1
931.090568,38,18569.990988,0,0,1,0,0
-72.03449,7,18574.757272,0,0,1,0,0
337.968284,1,18575.095933,0,0,0,0,1
-188.5092,5,18577.427007,0,0,1,0,0
328.931002,1,18577.716533,0,0,0,0,1
875.053447,38,18602.474731,0,0,1,0,0
142.552828,17,18605.366643,0,0,1,0,0
343.107087,14,18615.244369,0,0,1,0,0
599.762902,29,18620.792929,0,0,1,0,0
337.931002,1,18621.075239,0,0,0,0,1
328.950186,1,18627.824469,0,0,0,0,1
474.152181,19,18645.649494,0,0,1,0,0
337.828619,1,18645.920412,0,0,0,0,1
337.931002,1,18646.291534,0,0,0,0,1
328.826743,1,18646.648223,0,0,0,0,1
328.909529,1,18647.012091,0,0,0,0,1
550.571242,26,18677.404351,0,0,1,0,0
293.829874,16,18686.238683,0,0,1,0,0
-150.963197,5,18689.806525,0,0,1,0,0
328.977188,1,18690.182232,0,0,0,0,1
328.947109,1,18690.6102,0,0,0,0,1
223.485652,14,18697.50158,0,0,1,0,0
337.931002,1,18697.839709,0,0,0,0,1
-15.794994,6,18699.836398,0,0,1,0,0
328.881733,1,18700.196632,0,0,1,0,0
995.99783,43,18724.476832,1,0,0,0,0
648.599498,29,18739.25616,0,0,1,0,0
-117.811533,5,18740.696198,0,0,1,0,0
1094.564547,48,18754.828711,0,0,1,0,0
858.90972,42,18766.711566,0,0,1,0,0
328.82862,1,18767.088502,0,0,0,0,1
-148.875777,6,18770.951818,0,0,1,0,0
-129.315782,4,18774.226527,0,0,1,0,0
441.813122,20,18781.422374,0,0,1,0,0
337.826742,1,18781.737911,0,0,0,0,1
-88.104899,2,18783.549253,0,0,1,0,0
800.735074,38,18808.109511,0,0,1,0,0
98.876914,15,18810.95537,0,0,1,0,0
321.129458,1,18811.403161,0,0,1,0,0
648.37938,10,18813.615053,0,0,0,0,1
328.931002,1,18813.965993,0,0,0,0,1
328.826743,1,18814.303101,0,0,0,0,1
337.931001,1,18814.676118,0,0,0,0,1
649.213895,42,18825.806804,0,0,1,0,0
817.13962,40,18847.096087,0,0,1,0,0
839.604147,36,18854.717485,0,0,1,0,0
299.596834,14,18869.168045,0,0,1,0,0
337.939541,1,18869.490287,0,0,0,0,1
599.110254,33,18874.643116,1,0,0,0,0
1165.532337,46,18900.785935,0,0,1,0,0
328.99729,1,18901.113545,0,0,0,0,1
328.931002,1,18901.479525,0,0,0,0,1
328.888918,1,18901.834215,0,0,1,0,0
337.778864,1,18902.226882,0,0,0,0,1
337.931001,1,18902.560174,0,0,0,0,1
337.991637,1,18903.030943,0,0,0,0,1
328.93954,1,18903.378123,0,0,0,0,1
-97.103247,2,18905.288997,0,0,1,0,0
758.895374,33,18922.247339,0,0,1,0,0
328.93954,1,18922.561505,0,0,0,0,1
222.599782,14,18929.469911,0,0,1,0,0
337.93954,1,18929.800812,0,0,0,0,1
328.99729,1,18930.172822,0,0,0,0,1
158.606367,14,18933.543564,0,0,1,0,0
1325.725052,52,18951.510833,0,0,1,0,0
337.909528,1,18951.916775,0,0,0,0,1
342.799046,14,18966.600326,0,0,1,0,0
-126.388102,1,18967.009077,0,0,1,0,0
328.931002,1,18967.325347,0,0,0,0,1
328.90969,1,18967.781684,0,0,1,0,0
337.93954,1,18968.185433,0,0,0,0,1
609.906495,27,18976.372652,1,0,0,0,0
-147.018123,5,18979.799165,0,0,1,0,0
-116.082914,5,18982.353687,0,0,1,0,0
328.93954,1,18982.663701,0,0,0,0,1
337.778863,1,18983.132591,0,0,0,0,1
146.697759,13,18986.77599,0,0,1,0,0
328.800053,1,18987.167113,0,0,0,0,1
660.312483,28,18994.32988,0,0,1,0,0
618.285888,35,18999.70694,0,0,1,0,0
328.909529,1,19000.087734,0,0,0,0,1
337.99729,1,19000.469271,0,0,0,0,1
337.931,1,19000.84283,0,0,0,0,1
-127.012598,3,19002.369178,1,0,0,0,0
321.129458,1,19002.799983,0,0,1,0,0
678.175621,30,19028.41532,0,0,1,0,0
-99.119711,2,19028.900831,0,0,1,0,0
-199.603445,5,19029.646381,0,0,1,0,0
337.800053,1,19029.925735,0,0,0,0,1
328.859287,1,19030.303473,1,0,0,0,0
328.909529,1,19030.650398,0,0,0,0,1
328.93954,1,19031.033117,0,0,0,0,1
337.931001,1,19031.405593,0,0,0,0,1
632.940129,10,19042.99723,0,0,0,0,1
-158.034737,4,19047.31823,0,0,1,0,0
729.343052,32,19065.940511,0,0,1,0,0
328.99729,1,19066.23262,0,0,0,0,1
337.939541,1,19066.6196,0,0,0,0,1
226.356773,13,19070.529481,0,0,1,0,0
428.207387,21,19074.272748,0,0,1,0,0
328.863408,1,19074.556334,0,0,0,0,1
207.454923,13,19076.729152,0,0,1,0,0
803.860999,34,19088.828355,1,0,0,0,0
337.808929,1,19089.231222,0,0,0,0,1
328.968284,1,19089.625878,0,0,0,0,1
509.59769,23,19099.736099,0,0,1,0,0
-136.772177,5,19101.74114,0,0,1,0,0
328.863408,1,19102.031561,0,0,0,0,1
337.931,1,19102.397757,0,0,0,0,1
337.931003,1,19102.733988,0,0,0,0,1
503.845264,25,19108.657613,0,0,1,0,0
328.93954,1,19109.000574,0,0,0,0,1
400.610658,21,19114.283347,0,0,1,0,0
75.64802,11,19116.138164,0,0,1,0,0
-126.727419,3,19117.643891,1,0,0,0,0
-76.559346,4,19118.581592,0,0,1,0,0
980.671448,42,19141.286323,0,0,1,0,0
337.800053,1,19141.642032,0,0,0,0,1
328.93954,1,19142.015086,0,0,0,0,1
328.826743,1,19142.379592,0,0,0,0,1
337.778864,1,19142.750883,0,0,0,0,1
328.82862,1,19149.468454,0,0,0,0,1
-138.328715,5,19151.425431,0,0,1,0,0
328.99729,1,19151.764344,0,0,0,0,1
1351.712259,53,19166.140106,0,0,1,0,0
337.931002,1,19166.537204,0,0,0,0,1
328.859287,1,19166.871475,1,0,0,0,0
-126.999021,3,19169.136318,0,0,1,0,0
-72.309744,7,19173.946379,0,0,1,0,0
328.991637,1,19174.389451,0,0,0,0,1
414.18034,18,19178.260056,0,0,1,0,0
337.939541,1,19178.563733,0,0,0,0,1
-120.068935,1,19179.128705,0,0,1,0,0
-57.049454,8,19184.372073,0,0,1,0,0
328.99729,1,19184.726869,0,0,0,0,1
710.799975,36,19193.081254,0,0,1,0,0
1097.916322,47,19215.895042,1,0,0,0,0
328.947109,1,19216.297564,0,0,0,0,1
337.93954,1,19216.641453,0,0,0,0,1
328.991637,1,19217.09269,0,0,0,0,1
328.968284,1,19217.404058,0,0,0,0,1
328.778864,1,19217.835969,0,0,0,0,1
328.99729,1,19218.236437,0,0,0,0,1
548.145696,26,19230.006905,0,0,1,0,0
307.034099,17,19234.687007,0,0,1,0,0
328.873836,1,19235.223921,0,0,0,0,1
-10.467338,8,19236.41717,0,0,1,0,0
-123.028012,6,19237.918512,0,0,1,0,0
328.826743,1,19238.221374,0,0,0,0,1
337.939541,1,19238.592518,0,0,0,0,1
-127.089149,3,19240.983127,0,0,1,0,0
600.543526,33,19255.372341,0,0,1,0,0
1183.868216,29,19260.760761,0,0,0,0,1
328.99729,1,19261.10838,0,0,0,0,1
327.906618,18,19275.567881,0,0,1,0,0
328.778864,1,19275.883863,0,0,0,0,1
337.939541,1,19276.266136,0,0,0,0,1
-158.034737,4,19280.446223,0,0,1,0,0
364.481309,19,19286.699468,1,0,0,0,0
797.553174,37,19299.00249,0,0,1,0,0
328.863408,1,19299.426596,0,0,0,0,1
337.881733,1,19299.855635,0,0,1,0,0
328.881733,1,19300.206605,0,0,1,0,0
524.387952,22,19304.227962,0,0,1,0,0
328.778864,1,19304.592959,0,0,0,0,1
-153.527846,3,19308.996917,0,0,1,0,0
328.82862,1,19309.303112,0,0,0,0,1
337.93954,1,19309.708961,0,0,0,0,1
-126.566596,7,19312.426422,0,0,1,0,0
-129.032349,6,19315.644128,0,0,1,0,0
202.504872,15,19317.991954,1,0,0,0,0
618.208569,28,19333.832443,0,0,1,0,0
-45.029304,7,19335.57792,0,0,1,0,0
84.977169,12,19339.142122,0,0,1,0,0
261.818744,14,19341.677523,0,0,1,0,0
328.826743,1,19342.010783,0,0,0,0,1
-133.41482,4,19345.357339,0,0,1,0,0
49.709839,10,19346.391924,0,0,1,0,0
-158.020641,4,19350.757534,0,0,1,0,0
-27.409725,4,19351.726508,0,0,1,0,0
1551.318389,67,19369.665718,0,0,1,0,0
328.977188,1,19370.136016,0,0,0,0,1
328.881733,1,19370.511552,0,0,1,0,0
328.80893,1,19370.815044,0,0,0,0,1
520.925486,30,19381.234097,0,0,1,0,0
-12.194252,8,19382.423945,0,0,1,0,0
-18.09837,6,19384.281476,0,0,1,0,0
328.82862,1,19384.709547,0,0,0,0,1
328.881733,1,19385.212091,0,0,1,0,0
328.881733,1,19385.639094,0,0,1,0,0
328.800053,1,19385.976907,0,0,0,0,1
689.363229,31,19402.946088,0,0,1,0,0
1260.796308,53,19419.256544,0,0,1,0,0
328.99729,1,19419.590259,0,0,0,0,1
727.791542,27,19432.15974,0,0,1,0,0
426.409773,18,19448.829423,0,0,1,0,0
934.885082,38,19462.991189,1,0,0,0,0
992.107929,46,19483.895804,0,0,1,0,0
328.99729,1,19484.189865,0,0,0,0,1
-140.962295,1,19487.149776,1,0,0,0,0
328.93954,1,19487.504336,0,0,0,0,1
337.997291,1,19487.961547,0,0,0,0,1
876.921722,38,19494.829743,0,0,1,0,0
75.364727,11,19496.66271,0,0,1,0,0
366.15221,16,19514.431785,0,0,1,0,0
328.931002,1,19514.786302,0,0,0,0,1
328.968284,1,19515.151828,0,0,0,0,1
328.778864,1,19515.595905,0,0,0,0,1
58.660821,11,19518.784973,0,0,1,0,0
328.826743,1,19519.083214,0,0,0,0,1
-193.695831,9,19520.303696,0,0,1,0,0
337.997289,1,19520.608485,0,0,0,0,1
328.881733,1,19521.026518,0,0,1,0,0
1572.921156,64,19533.644446,0,0,1,0,0
837.222165,37,19545.093185,0,0,1,0,0
328.859287,1,19545.443047,1,0,0,0,0
337.800053,1,19545.794913,0,0,0,0,1
-9.626156,8,19546.996419,0,0,1,0,0
328.93954,1,19547.358801,0,0,0,0,1
-140.87459,5,19550.238247,1,0,0,0,0
269.374598,13,19560.9903,0,0,1,0,0
337.938687,1,19561.474936,0,0,0,0,1
321.129458,1,19561.979673,0,0,1,0,0
328.826743,1,19562.296105,0,0,0,0,1
1133.735294,46,19576.882485,0,0,1,0,0
337.826743,1,19577.35788,0,0,0,0,1
337.778863,1,19577.768351,0,0,0,0,1
744.187607,34,19587.090478,0,0,1,0,0
337.931001,1,19587.463323,0,0,0,0,1
1066.391463,47,19594.747006,0,0,1,0,0
248.180599,18,19598.162794,0,0,1,0,0
328.80893,1,19598.590893,0,0,0,0,1
328.82862,1,19599.014235,0,0,0,0,1
328.82862,1,19599.391194,0,0,0,0,1
328.93954,1,19599.783152,0,0,0,0,1
328.931002,1,19600.151442,0,0,0,0,1
202.504872,15,19602.422413,1,0,0,0,0
328.99729,1,19602.765697,0,0,0,0,1
780.249677,27,19620.972934,1,0,0,0,0
328.826743,1,19621.247215,0,0,0,0,1
191.907037,12,19624.836974,0,0,1,0,0
328.93954,1,19625.298699,0,0,0,0,1
1004.146008,45,19643.618059,0,0,1,0,0
328.976874,1,19644.131502,0,0,0,0,1
374.703382,28,19649.783326,0,0,1,0,0
330.129458,1,19650.263467,0,0,1,0,0
960.967318,32,19672.473503,0,0,1,0,0
425.330139,28,19677.586172,0,0,1,0,0
337.997289,1,19677.975716,0,0,0,0,1
-108.16604,2,19678.489979,1,0,0,0,0
328.846564,1,19678.852988,0,0,1,0,0
-141.238881,5,19681.465863,1,0,0,0,0
12.988584,9,19682.466634,0,0,1,0,0
692.746136,31,19690.314126,0,0,1,0,0
1050.770348,50,19709.266957,0,0,1,0,0
337.826742,1,19709.568277,0,0,0,0,1
-42.18719,7,19711.313388,0,0,1,0,0
-126.063859,3,19713.781576,0,0,1,0,0
328.859287,1,19714.072557,1,0,0,0,0
337.881732,1,19714.463574,0,0,1,0,0
-157.722498,4,19718.781921,0,0,1,0,0
446.689006,28,19731.797413,0,0,1,0,0
-58.503042,4,19732.867527,0,0,1,0,0
328.90969,1,19733.302594,0,0,1,0,0
328.968284,1,19733.688452,0,0,0,0,1
328.826743,1,19734.13022,0,0,0,0,1
220.453384,13,19737.748542,0,0,1,0,0
330.129458,1,19738.248223,0,0,1,0,0
328.881733,1,19738.612531,0,0,1,0,0
328.800053,1,19738.947922,0,0,0,0,1
978.404745,39,19759.99843,0,0,1,0,0
-115.362118,2,19760.45985,0,0,1,0,0
337.99729,1,19760.815391,0,0,0,0,1
328.778864,1,19761.207252,0,0,0,0,1
424.225136,17,19765.698351,0,0,1,0,0
-205.428975,5,19768.193408,0,0,1,0,0
-126.387587,1,19768.541715,0,0,1,0,0
-192.551427,9,19769.895984,0,0,1,0,0
816.062656,35,19777.228674,0,0,1,0,0
321.129458,1,19777.626468,0,0,1,0,0
328.82862,1,19777.957496,0,0,0,0,1
6.165838,9,19779.244366,0,0,1,0,0
328.888918,1,19779.58428,0,0,1,0,0
621.56873,10,19781.846289,0,0,0,0,1
328.846564,1,19782.1825,0,0,1,0,0
-129.498157,4,19785.568021,0,0,1,0,0
-133.419669,4,19788.802083,0,0,1,0,0
328.968284,1,19789.129932,0,0,0,0,1
37.9074,10,19793.552859,0,0,1,0,0
328.99729,1,19793.944954,0,0,0,0,1
328.846564,1,19794.346003,0,0,1,0,0
337.778865,1,19794.718692,0,0,0,0,1
938.254951,34,19818.90445,0,0,1,0,0
288.724768,18,19822.064038,0,0,1,0,0
490.416171,22,19829.31366,0,0,1,0,0
-97.103247,2,19831.159105,0,0,1,0,0
357.558675,16,19838.812626,0,0,1,0,0
343.599572,14,19858.463118,0,0,1,0,0
456.008164,23,19868.756832,0,0,1,0,0
577.882534,34,19876.471497,0,0,1,0,0
328.826743,1,19876.854804,0,0,0,0,1
927.245503,42,19887.974267,0,0,1,0,0
337.826743,1,19888.40893,0,0,0,0,1
337.800053,1,19888.768865,0,0,0,0,1
328.859287,1,19889.107859,1,0,0,0,0
231.125907,12,19902.053915,0,0,1,0,0
479.787317,23,19908.648095,1,0,0,0,0
337.939541,1,19908.987479,0,0,0,0,1
328.881733,1,19909.446792,0,0,1,0,0
328.778864,1,19909.789713,0,0,0,0,1
337.881731,1,19910.25561,0,0,1,0,0
337.881734,1,19910.655895,0,0,1,0,0
-200.601603,5,19911.423082,0,0,1,0,0
235.214133,17,19925.565992,0,0,1,0,0
-151.800564,7,19929.838786,0,0,1,0,0
-137.779756,5,19931.855697,0,0,1,0,0
-153.723718,3,19936.318161,0,0,1,0,0
-2.499713,8,19938.08499,0,0,1,0,0
1531.280279,59,19984.37868,0,0,1,0,0
-201.657451,8,19985.320265,0,0,1,0,0
791.071712,35,19992.69208,0,0,1,0,0
328.80893,1,19993.003312,0,0,0,0,1
648.464152,26,20003.703492,0,0,1,0,0
-124.011808,1,20004.082656,0,0,1,0,0
-125.582195,5,20006.69259,0,0,1,0,0
-35.73324,4,20007.60911,0,0,1,0,0
-129.071402,1,20008.071777,0,0,1,0,0
541.583339,24,20019.865737,0,0,1,0,0
-140.999267,1,20023.018073,1,0,0,0,0
295.018601,16,20376.826135,0,0,1,0,0
-125.911895,5,20379.372436,0,0,1,0,0
337.931002,1,20379.684771,0,0,0,0,1
637.228791,31,20389.122734,0,0,1,0,0
337.93954,1,20389.559355,0,0,0,0,1
328.99729,1,20389.983024,0,0,0,0,1
328.99729,1,20390.358785,0,0,0,0,1
227.503586,13,20394.569641,0,0,1,0,0
-194.907272,8,20395.600825,0,0,1,0,0
-197.91971,9,20396.846184,0,0,1,0,0
912.560976,39,20408.153311,0,0,1,0,0
328.90969,1,20408.608639,0,0,1,0,0
328.968284,1,20408.965727,0,0,0,0,1
193.37537,16,20412.1132,0,0,1,0,0
918.605166,41,20425.965347,0,0,1,0,0
321.129458,1,20426.476419,0,0,1,0,0
12.101923,9,20427.554397,0,0,1,0,0
87.534523,14,20429.809801,0,0,1,0,0
328.773494,1,20430.380135,0,0,1,0,0
328.826743,1,20430.692874,0,0,0,0,1
360.184982,25,20436.954132,1,0,0,0,0
328.778864,1,20437.411037,0,0,0,0,1
613.308115,10,20439.906266,0,0,0,0,1
328.881733,1,20440.396052,0,0,1,0,0
328.846564,1,20440.709975,0,0,1,0,0
-108.16604,2,20441.20324,1,0,0,0,0
328.82862,1,20441.630053,0,0,0,0,1
337.881733,1,20442.128073,0,0,1,0,0
337.939541,1,20442.481443,0,0,0,0,1
328.93954,1,20442.861362,0,0,0,0,1
1612.666373,74,20456.263176,1,0,0,0,0
337.939539,1,20456.655308,0,0,0,0,1
177.058458,10,20469.557423,0,0,1,0,0
328.800053,1,20469.976289,0,0,0,0,1
337.93954,1,20470.382264,0,0,0,0,1
328.99729,1,20470.743786,0,0,0,0,1
-132.738533,1,20471.372709,0,0,1,0,0
642.925856,28,20486.207191,1,0,0,0,0
328.909529,1,20486.597309,0,0,0,0,1
87.534523,14,20489.000734,0,0,1,0,0
-16.398171,6,20490.85647,0,0,1,0,0
862.706613,38,20498.331853,0,0,1,0,0
451.334705,20,20511.386918,0,0,1,0,0
328.931002,1,20511.716233,0,0,0,0,1
281.955074,15,20525.453625,0,0,1,0,0
716.446595,31,20543.172187,0,0,1,0,0
328.931002,1,20543.529876,0,0,0,0,1
1028.266848,53,20567.031627,0,0,1,0,0
328.968284,1,20567.315187,0,0,0,0,1
-8.901247,8,20568.516591,0,0,1,0,0
328.800053,1,20568.831987,0,0,0,0,1
833.708776,35,20577.095564,0,0,1,0,0
321.129458,1,20577.50283,0,0,1,0,0
-153.584176,3,20581.556646,0,0,1,0,0
321.129458,1,20581.927443,0,0,1,0,0
408.773926,21,20591.815302,0,0,1,0,0
92.6091,15,20594.248539,0,0,1,0,0
328.931002,1,20594.655269,0,0,0,0,1
1581.861493,69,20609.545478,0,0,1,0,0
328.859287,1,20609.877393,1,0,0,0,0
465.30557,22,20614.134125,0,0,1,0,0
328.846564,1,20614.455879,0,0,1,0,0
328.920203,1,20614.880854,0,0,0,0,1
-125.652433,5,20617.454253,0,0,1,0,0
67.766129,13,20619.689435,0,0,1,0,0
328.881733,1,20620.108779,0,0,1,0,0
337.90953,1,20620.429157,0,0,0,0,1
328.773494,1,20620.89495,0,0,1,0,0
337.931001,1,20621.242241,0,0,0,0,1
328.93954,1,20621.610556,0,0,0,0,1
610.331025,30,20627.162688,1,0,0,0,0
328.931002,1,20627.562077,0,0,0,0,1
337.82862,1,20627.960377,0,0,0,0,1
328.931002,1,20628.323983,0,0,0,0,1
160.880071,15,20631.663811,0,0,1,0,0
328.881733,1,20632.011416,0,0,1,0,0
946.78759,43,20646.387845,1,0,0,0,0
145.499715,16,20649.053059,0,0,1,0,0
328.778864,1,20649.502263,0,0,0,0,1
-132.738533,1,20650.163504,0,0,1,0,0
430.110584,23,20661.922504,0,0,1,0,0
337.778863,1,20662.280232,0,0,0,0,1
337.800053,1,20662.665681,0,0,0,0,1
337.800053,1,20663.023349,0,0,0,0,1
697.05063,32,20668.974882,0,0,1,0,0
-230.798375,14,20670.59155,0,0,1,0,0
448.350975,20,20677.948528,0,0,1,0,0
337.881733,1,20678.448293,0,0,1,0,0
328.778864,1,20678.774974,0,0,0,0,1
337.881734,1,20679.186626,0,0,1,0,0
458.790011,23,20683.139097,0,0,1,0,0
328.859287,1,20683.493713,1,0,0,0,0
328.826743,1,20683.85544,0,0,0,0,1
328.863408,1,20684.194255,0,0,0,0,1
581.982648,33,20689.058449,0,0,1,0,0
307.384391,21,20692.911955,0,0,1,0,0
-151.800564,7,20696.928227,0,0,1,0,0
723.228689,30,20709.082573,1,0,0,0,0
328.773494,1,20709.523322,0,0,1,0,0
-129.071402,1,20709.974576,0,0,1,0,0
328.931002,1,20710.382876,0,0,0,0,1
-124.97895,7,20712.785426,0,0,1,0,0
1.483019,9,20716.089682,0,0,1,0,0
328.90969,1,20716.584011,0,0,1,0,0
337.931002,1,20716.974709,0,0,0,0,1
930.294146,38,20736.38659,0,0,1,0,0
337.997289,1,20736.867185,0,0,0,0,1
-132.738533,1,20737.60404,0,0,1,0,0
541.500367,32,20823.20235,0,0,1,0,0
-108.299829,2,20823.667117,1,0,0,0,0
537.242265,27,20837.985698,0,0,1,0,0
328.800053,1,20838.390346,0,0,0,0,1
328.888918,1,20838.757638,0,0,1,0,0
476.627927,21,20847.185378,0,0,1,0,0
328.859287,1,20847.491771,1,0,0,0,0
409.795805,19,20852.312876,0,0,1,0,0
622.19363,10,20854.770387,0,0,0,0,1
328.778864,1,20855.191113,0,0,0,0,1
-16.375528,6,20857.137171,0,0,1,0,0
337.831124,1,20857.569835,0,0,0,0,1
321.129458,1,20857.999533,0,0,1,0,0
-73.137137,7,20862.981534,0,0,1,0,0
337.778864,1,20863.33928,0,0,0,0,1
630.152729,34,20871.352988,0,0,1,0,0
328.778864,1,20871.758091,0,0,0,0,1
328.931002,1,20872.151831,0,0,0,0,1
328.826743,1,20872.507944,0,0,0,0,1
732.859096,32,20883.35411,0,0,1,0,0
959.052706,47,20892.025877,0,0,1,0,0
660.900869,49,20907.822964,0,0,1,0,0
337.939539,1,20908.269353,0,0,0,0,1
328.859287,1,20908.630986,1,0,0,0,0
623.077013,14,20911.979204,0,0,0,0,1
328.93954,1,20912.388983,0,0,0,0,1
-123.336534,6,20913.940531,0,0,1,0,0
328.968284,1,20914.245282,0,0,0,0,1
328.800053,1,20914.713091,0,0,0,0,1
551.472848,25,20921.841528,1,0,0,0,0
-132.922976,1,20923.85144,0,0,1,0,0
328.778864,1,20924.170507,0,0,0,0,1
1475.543295,62,20945.593382,1,0,0,0,0
202.504872,15,20948.058737,1,0,0,0,0
337.939541,1,20948.447599,0,0,0,0,1
337.997289,1,20948.899367,0,0,0,0,1
834.049201,29,20964.096796,0,0,1,0,0
-127.939622,6,20967.077445,0,0,1,0,0
633.562275,10,20985.6993,0,0,0,0,1
328.778864,1,20986.056497,0,0,0,0,1
328.881733,1,20986.475272,0,0,1,0,0
633.147527,10,20998.689064,0,0,0,0,1
328.931002,1,20999.029048,0,0,0,0,1
337.828619,1,20999.380083,0,0,0,0,1
286.441085,14,21002.521807,0,0,1,0,0
328.82862,1,21002.835987,0,0,0,0,1
785.843415,34,21011.255651,0,0,1,0,0
337.778864,1,21011.649868,0,0,0,0,1
337.997289,1,21012.056088,0,0,0,0,1
487.329677,23,21018.834726,0,0,1,0,0
285.272538,16,21021.863083,0,0,1,0,0
328.938687,1,21022.28417,0,0,0,0,1
321.129458,1,21022.814877,0,0,1,0,0
991.779016,50,21036.882187,0,0,1,0,0
328.778864,1,21037.277719,0,0,0,0,1
802.029333,31,21047.694492,0,0,1,0,0
14.863044,9,21048.761003,0,0,1,0,0
649.148301,11,21057.449228,0,0,0,0,1
328.863408,1,21057.839973,0,0,0,0,1
321.129458,1,21058.323777,0,0,1,0,0
629.27792,30,21064.561179,0,0,1,0,0
-139.013332,5,21067.274338,1,0,0,0,0
337.99729,1,21067.613075,0,0,0,0,1
-141.558489,5,21070.460331,1,0,0,0,0
673.203346,36,21078.466667,0,0,1,0,0
328.800053,1,21078.835763,0,0,0,0,1
328.90969,1,21079.281938,0,0,1,0,0
433.845061,37,21111.072163,0,0,1,0,0
-124.310145,5,21114.065424,0,0,1,0,0
630.25684,31,21132.283253,0,0,1,0,0
328.931002,1,21132.59977,0,0,0,0,1
361.622433,22,21149.369162,0,0,1,0,0
337.826743,1,21149.692181,0,0,0,0,1
574.984568,26,21164.589148,0,0,1,0,0
-140.897522,5,21167.227947,1,0,0,0,0
418.205408,20,21172.321643,0,0,1,0,0
798.215773,35,21187.93633,0,0,1,0,0
620.82999,24,21203.258403,0,0,1,0,0
1142.622565,48,21219.923386,1,0,0,0,0
328.881733,1,21220.451857,0,0,1,0,0
328.778864,1,21220.784462,0,0,0,0,1
328.920203,1,21221.272974,0,0,0,0,1
328.931002,1,21221.606644,0,0,0,0,1
-126.999021,3,21224.03749,0,0,1,0,0
1970.189728,87,21242.586609,1,0,0,0,0
293.310668,14,21249.539796,0,0,1,0,0
749.101607,35,21256.94212,1,0,0,0,0
328.931002,1,21257.248245,0,0,0,0,1
-141.012032,1,21260.316029,1,0,0,0,0
328.90969,1,21260.754128,0,0,1,0,0
864.276868,38,21272.209473,0,0,1,0,0
328.888918,1,21272.534927,0,0,1,0,0
328.881733,1,21272.968799,0,0,1,0,0
1102.994055,26,21277.895491,0,0,0,0,1
337.939539,1,21278.248201,0,0,0,0,1
512.567224,25,21292.257163,0,0,1,0,0
1111.054458,53,21308.122011,0,0,1,0,0
328.99729,1,21308.47505,0,0,0,0,1
328.800053,1,21308.905885,0,0,0,0,1
-148.308552,6,21313.051883,0,0,1,0,0
330.129458,1,21313.486992,0,0,1,0,0
1142.566559,44,21342.165951,0,0,1,0,0
-140.999267,1,21345.728553,1,0,0,0,0
755.167838,34,21359.676416,1,0,0,0,0
328.778864,1,21360.066828,0,0,0,0,1
-16.214054,6,21362.087319,0,0,1,0,0
462.929305,32,21368.277711,1,0,0,0,0
552.55827,26,21373.844962,0,0,1,0,0
328.90969,1,21374.289967,0,0,1,0,0
130.72877,10,21376.954556,0,0,1,0,0
328.846564,1,21377.40312,0,0,1,0,0
328.846564,1,21377.765497,0,0,1,0,0
337.931001,1,21378.131851,0,0,0,0,1
1063.823358,43,21395.872504,0,0,1,0,0
328.863408,1,21396.27986,0,0,0,0,1
1932.331435,83,21423.826105,0,0,1,0,0
22.800704,9,21424.831615,0,0,1,0,0
632.481997,31,21443.280273,0,0,1,0,0
-153.527846,3,21448.221692,0,0,1,0,0
337.778863,1,21448.551882,0,0,0,0,1
17.775633,9,21449.774532,0,0,1,0,0
602.205407,40,21475.679941,0,0,1,0,0
328.99729,1,21475.995043,0,0,0,0,1
659.310676,30,21504.853701,1,0,0,0,0
328.90969,1,21505.274276,0,0,1,0,0
-16.146246,6,21507.303312,0,0,1,0,0
328.99729,1,21507.704037,0,0,0,0,1
-140.557606,5,21510.730012,1,0,0,0,0
328.909529,1,21511.071027,0,0,0,0,1
328.920203,1,21511.588685,0,0,0,0,1
328.931002,1,21511.954552,0,0,0,0,1
328.826743,1,21512.320907,0,0,0,0,1
1595.314846,46,21522.810363,0,0,0,0,1
870.483354,38,21560.350214,1,0,0,0,0
328.931002,1,21560.72103,0,0,0,0,1
321.129458,1,21561.177111,0,0,1,0,0
521.985219,23,21573.099553,1,0,0,0,0
337.800051,1,21573.415418,0,0,0,0,1
328.863408,1,21573.741953,0,0,0,0,1
328.778864,1,21574.118317,0,0,0,0,1
223.836084,13,21576.434367,0,0,1,0,0
329.129458,1,21576.868322,0,0,1,0,0
328.991637,1,21577.263891,0,0,0,0,1
328.931002,1,21577.596932,0,0,0,0,1
328.93954,1,21577.919652,0,0,0,0,1
328.99729,1,21578.281414,0,0,0,0,1
328.800053,1,21580.898988,0,0,0,0,1
-115.362118,2,21581.506309,0,0,1,0,0
321.129458,1,21581.93992,0,0,1,0,0
332.078056,16,21587.878594,0,0,1,0,0
321.129458,1,21588.303142,0,0,1,0,0
789.280594,35,21607.781808,0,0,1,0,0
-193.695831,9,21609.113904,0,0,1,0,0
337.831123,1,21609.433831,0,0,0,0,1
467.1681,23,21615.202925,0,0,1,0,0
337.93954,1,21615.582081,0,0,0,0,1
337.826742,1,21615.96194,0,0,0,0,1
337.800054,1,21616.308969,0,0,0,0,1
328.931002,1,21616.676535,0,0,0,0,1
328.778864,1,21617.053688,0,0,0,0,1
65.100089,14,21619.477893,0,0,1,0,0
658.762832,30,21625.75769,0,0,1,0,0
337.939541,1,21626.127868,0,0,0,0,1
253.086981,17,21629.901799,0,0,1,0,0
328.82862,1,21630.330526,0,0,0,0,1
328.859288,1,21630.735166,1,0,0,0,0
328.881733,1,21631.166574,0,0,1,0,0
328.968284,1,21631.44102,0,0,0,0,1
328.846564,1,21638.159825,0,0,1,0,0
328.846564,1,21638.469567,0,0,1,0,0
526.297369,24,21651.691209,0,0,1,0,0
328.859287,1,21652.088894,1,0,0,0,0
328.93954,1,21652.470495,0,0,0,0,1
416.037391,22,21656.967072,1,0,0,0,0
-193.622626,7,21657.824065,0,0,1,0,0
734.915071,36,21670.725795,0,0,1,0,0
328.863408,1,21671.050695,0,0,0,0,1
294.446022,22,21674.934374,0,0,1,0,0
328.93954,1,21675.311494,0,0,0,0,1
328.909529,1,21675.721609,0,0,0,0,1
328.99729,1,21676.139396,0,0,0,0,1
636.522798,29,21682.220232,0,0,1,0,0
-142.082328,5,21684.95625,1,0,0,0,0
328.873836,1,21685.362616,0,0,0,0,1
328.826743,1,21685.699192,0,0,0,0,1
337.931002,1,21686.088931,0,0,0,0,1
-99.121763,2,21686.642198,0,0,1,0,0
337.888919,1,21687.008082,0,0,1,0,0
337.863408,1,21687.375049,0,0,0,0,1
328.931002,1,21687.770871,0,0,0,0,1
7.498719,9,21690.854488,0,0,1,0,0
328.931002,1,21691.249688,0,0,0,0,1
337.863408,1,21691.628419,0,0,0,0,1
337.881732,1,21692.111799,0,0,1,0,0
337.931001,1,21692.421646,0,0,0,0,1
328.846564,1,21692.75292,0,0,1,0,0
328.980168,1,21693.234398,0,0,0,0,1
337.531749,16,21698.947182,0,0,1,0,0
-36.775567,4,21699.923511,0,0,1,0,0
328.80893,1,21700.22756,0,0,0,0,1
400.578295,21,21704.977052,0,0,1,0,0
328.90969,1,21705.387414,0,0,1,0,0
727.755436,31,21714.190494,0,0,1,0,0
330.129458,1,21714.557218,0,0,1,0,0
240.203354,15,22073.022158,0,0,1,0,0
328.846564,1,22073.300087,0,0,1,0,0
-137.606449,5,22075.350052,0,0,1,0,0
328.859286,1,22075.706652,1,0,0,0,0
964.267199,46,22089.76373,0,0,1,0,0
337.939541,1,22090.050147,0,0,0,0,1
328.93954,1,22090.438991,0,0,0,0,1
137.939723,10,22093.705464,0,0,1,0,0
275.569154,18,22097.562702,0,0,1,0,0
406.737932,20,22102.56616,0,0,1,0,0
152.487457,14,22105.394607,0,0,1,0,0
328.859287,1,22105.776534,1,0,0,0,0
337.931001,1,22106.205048,0,0,0,0,1
357.939478,16,22113.896024,0,0,1,0,0
328.931002,1,22114.202689,0,0,0,0,1
328.991637,1,22114.659998,0,0,0,0,1
-132.931117,1,22116.778386,0,0,1,0,0
15.647771,9,22117.702781,0,0,1,0,0
328.778864,1,22118.095811,0,0,0,0,1
197.429603,11,22122.874783,0,0,1,0,0
548.825822,30,22128.562838,0,0,1,0,0
-221.093391,12,22130.392383,0,0,1,0,0
328.881733,1,22130.776008,0,0,1,0,0
-16.309022,6,22132.70988,0,0,1,0,0
-139.443488,5,22135.517432,1,0,0,0,0
1093.59006,45,22157.275652,0,0,1,0,0
337.939541,1,22157.7272,0,0,0,0,1
337.863408,1,22158.104975,0,0,0,0,1
328.826743,1,22158.482545,0,0,0,0,1
328.931002,1,22158.908249,0,0,0,0,1
337.800053,1,22159.269384,0,0,0,0,1
721.657987,35,22173.473155,1,0,0,0,0
-125.360191,5,22176.093096,0,0,1,0,0
328.863408,1,22176.385299,0,0,0,0,1
-198.663258,8,22177.35421,0,0,1,0,0
567.949856,33,22183.686308,0,0,1,0,0
328.931002,1,22184.105711,0,0,0,0,1
328.826743,1,22184.457866,0,0,0,0,1
328.888918,1,22184.795331,0,0,1,0,0
-138.826121,5,22186.803639,0,0,1,0,0
328.826743,1,22187.109569,0,0,0,0,1
942.642374,42,22198.478173,0,0,1,0,0
-88.101205,2,22200.392672,0,0,1,0,0
570.612741,21,22221.297152,0,0,1,0,0
328.863408,1,22221.646977,0,0,0,0,1
328.859287,1,22222.024543,1,0,0,0,0
337.778863,1,22222.408686,0,0,0,0,1
328.778864,1,22222.803493,0,0,0,0,1
466.62973,23,22228.805414,0,0,1,0,0
647.669347,10,22230.935931,0,0,0,0,1
328.859287,1,22231.283325,1,0,0,0,0
681.62203,30,22255.48192,0,0,1,0,0
-127.059944,7,22258.248369,0,0,1,0,0
-139.268866,5,22260.95435,1,0,0,0,0
337.881733,1,22261.316318,0,0,1,0,0
253.923087,15,22274.863581,0,0,1,0,0
328.778864,1,22275.225976,0,0,0,0,1
328.90969,1,22275.695527,0,0,1,0,0
-126.986849,3,22277.049998,1,0,0,0,0
-158.056618,4,22281.511634,0,0,1,0,0
-140.999267,1,22284.661867,1,0,0,0,0
328.93954,1,22285.022847,0,0,0,0,1
330.129458,1,22285.530778,0,0,1,0,0
337.939542,1,22285.910783,0,0,0,0,1
337.888919,1,22286.290913,0,0,1,0,0
302.253846,17,22289.777343,0,0,1,0,0
163.539887,11,22291.917031,1,0,0,0,0
337.828619,1,22292.371428,0,0,0,0,1
427.34498,24,22295.520467,0,0,1,0,0
-191.840017,9,22296.776747,0,0,1,0,0
-88.122296,2,22298.519945,0,0,1,0,0
-128.742864,4,22301.755114,0,0,1,0,0
-49.539018,4,22302.712559,0,0,1,0,0
258.175338,16,22317.103085,0,0,1,0,0
328.846564,1,22317.453034,0,0,1,0,0
328.800053,1,22317.773703,0,0,0,0,1
503.860958,23,22323.244946,1,0,0,0,0
328.931002,1,22323.640105,0,0,0,0,1
328.800053,1,22324.025295,0,0,0,0,1
140.211944,13,22327.456255,0,0,1,0,0
328.859287,1,22327.798734,1,0,0,0,0
597.274969,24,22341.056885,0,0,1,0,0
722.664802,34,22358.219351,0,0,1,0,0
328.859287,1,22358.626727,1,0,0,0,0
736.85095,13,22369.871863,0,0,0,0,1
337.938688,1,22370.275291,0,0,0,0,1
328.826743,1,22370.705594,0,0,0,0,1
337.778864,1,22371.068561,0,0,0,0,1
328.931002,1,22371.432411,0,0,0,0,1
450.461134,34,22390.420628,0,0,1,0,0
330.129458,1,22390.789859,0,0,1,0,0
328.931002,1,22391.135867,0,0,0,0,1
165.96046,10,22407.702075,0,0,1,0,0
328.859287,1,22408.032895,1,0,0,0,0
36.544779,10,22412.3513,0,0,1,0,0
-132.922812,1,22414.415943,0,0,1,0,0
328.93954,1,22414.754815,0,0,0,0,1
337.863409,1,22415.143298,0,0,0,0,1
328.859287,1,22415.509983,1,0,0,0,0
337.968285,1,22415.896084,0,0,0,0,1
-124.087411,3,22419.333702,0,0,1,0,0
790.142599,33,22452.092809,0,0,1,0,0
739.560651,34,22463.503252,0,0,1,0,0
328.99729,1,22463.872789,0,0,0,0,1
669.108429,32,22470.14851,0,0,1,0,0
577.735669,33,22481.737295,0,0,1,0,0
208.567712,13,22489.384607,0,0,1,0,0
-153.046559,6,22493.029462,0,0,1,0,0
1043.729729,53,22508.065117,0,0,1,0,0
-199.603445,5,22508.817628,0,0,1,0,0
-120.058902,1,22509.321825,0,0,1,0,0
446.626343,24,22514.182682,0,0,1,0,0
337.800053,1,22514.567792,0,0,0,0,1
328.991637,1,22515.005085,0,0,0,0,1
328.826743,1,22515.332326,0,0,0,0,1
1143.388385,50,22529.000158,0,0,1,0,0
-158.034737,4,22533.23755,0,0,1,0,0
328.846564,1,22533.533258,0,0,1,0,0
-124.011808,1,22533.966837,0,0,1,0,0
-193.069501,13,22535.970937,0,0,1,0,0
337.939539,1,22536.322406,0,0,0,0,1
991.901386,42,22548.22468,0,0,1,0,0
328.800053,1,22548.572689,0,0,0,0,1
677.272243,31,22575.27553,0,0,1,0,0
-126.389332,1,22575.650801,0,0,1,0,0
-133.459524,4,22579.019191,0,0,1,0,0
-88.104386,2,22580.887589,0,0,1,0,0
1044.644333,45,22603.504569,0,0,1,0,0
-67.53692,4,22604.695028,0,0,1,0,0
-153.064731,3,22609.272476,0,0,1,0,0
328.778864,1,22609.605056,0,0,0,0,1
512.690456,24,22615.37609,1,0,0,0,0
-134.979754,4,22618.958664,0,0,1,0,0
337.881733,1,22619.35951,0,0,1,0,0
287.219172,19,22623.381321,0,0,1,0,0
328.931002,1,22623.760515,0,0,0,0,1
328.90969,1,22624.228951,0,0,1,0,0
267.394913,12,22632.685316,0,0,1,0,0
328.800053,1,22633.071858,0,0,0,0,1
337.863409,1,22633.382103,0,0,0,0,1
321.129458,1,22633.896805,0,0,1,0,0
328.931002,1,22634.267477,0,0,0,0,1
328.826743,1,22634.659845,0,0,0,0,1
-132.34662,4,22638.143994,0,0,1,0,0
328.778864,1,22638.495719,0,0,0,0,1
328.863408,1,22638.858897,0,0,0,0,1
321.129458,1,22639.32871,0,0,1,0,0
205.539682,13,22990.551572,0,0,1,0,0
265.009838,15,23003.516061,0,0,1,0,0
337.931001,1,23003.832922,0,0,0,0,1
337.863408,1,23004.197184,0,0,0,0,1
337.93954,1,23011.186004,0,0,0,0,1
-13.984099,8,23012.427453,0,0,1,0,0
13.626241,9,23013.538268,0,0,1,0,0
453.471125,25,23024.091292,0,0,1,0,0
337.931002,1,23024.430202,0,0,0,0,1
-115.392863,2,23025.012135,0,0,1,0,0
286.578466,15,23030.076819,0,0,1,0,0
897.138398,44,23054.057191,0,0,1,0,0
3.573643,9,23057.513808,0,0,1,0,0
328.826743,1,23057.838194,0,0,0,0,1
321.129458,1,23058.307671,0,0,1,0,0
328.909529,1,23058.666043,0,0,0,0,1
-122.506057,7,23061.346169,0,0,1,0,0
407.098967,18,23074.782603,0,0,1,0,0
328.90969,1,23075.182985,0,0,1,0,0
567.175155,26,23084.398001,1,0,0,0,0
-97.103247,2,23086.353481,0,0,1,0,0
328.859288,1,23086.643526,1,0,0,0,0
337.852829,1,23086.902633,0,0,1,0,0
1365.433632,56,23106.2552,1,0,0,0,0
328.778864,1,23106.640835,0,0,0,0,1
1355.257448,54,23125.060924,1,0,0,0,0
328.931002,1,23125.446777,0,0,0,0,1
-126.987002,3,23126.98692,1,0,0,0,0
-157.978338,4,23131.192478,0,0,1,0,0
131.983761,10,23140.647239,0,0,1,0,0
328.826743,1,23141.035956,0,0,0,0,1
-13.896035,8,23142.355988,0,0,1,0,0
51.442098,10,23143.560011,0,0,1,0,0
722.834695,33,23178.312875,0,0,1,0,0
328.931002,1,23178.649891,0,0,0,0,1
337.881734,1,23179.111091,0,0,1,0,0
622.263924,10,23181.472499,0,0,0,0,1
337.99729,1,23181.871154,0,0,0,0,1
542.866409,26,23188.46562,0,0,1,0,0
149.040083,13,23191.839148,0,0,1,0,0
-97.103247,2,23193.74657,0,0,1,0,0
328.931002,1,23194.062362,0,0,0,0,1
402.80284,20,23198.794731,0,0,1,0,0
-206.565173,5,23201.433601,0,0,1,0,0
624.16256,27,23209.562702,1,0,0,0,0
598.451885,24,23223.359924,0,0,1,0,0
12.508683,9,23226.585031,0,0,1,0,0
337.939539,1,23226.915584,0,0,0,0,1
337.82862,1,23227.289986,0,0,0,0,1
15.480129,12,23229.430048,0,0,1,0,0
328.99729,1,23229.805137,0,0,0,0,1
337.881733,1,23230.247571,0,0,1,0,0
1067.482063,45,23284.402694,0,0,1,0,0
337.931,1,23284.761987,0,0,0,0,1
1235.774078,52,23303.115403,0,0,1,0,0
376.041481,19,23309.765088,1,0,0,0,0
1069.425285,45,23345.359252,0,0,1,0,0
-125.103513,3,23348.597036,0,0,1,0,0
328.99729,1,23348.917682,0,0,0,0,1
-14.846449,8,23351.888133,0,0,1,0,0
328.93954,1,23352.222015,0,0,0,0,1
-124.489981,5,23355.44999,0,0,1,0,0
328.826743,1,23355.73622,0,0,0,0,1
328.931002,1,23356.115613,0,0,0,0,1
328.87153,1,23356.629946,0,0,0,0,1
328.931002,1,23357.022085,0,0,0,0,1
632.346804,10,23369.34129,0,0,0,0,1
1576.181795,58,23400.749212,1,0,0,0,0
-115.358683,2,23401.311106,0,0,1,0,0
328.93954,1,23401.669586,0,0,0,0,1
36.343983,10,23405.868269,0,0,1,0,0
254.776977,12,23414.820071,0,0,1,0,0
350.963652,17,23425.088583,0,0,1,0,0
328.846564,1,23425.442834,0,0,1,0,0
328.800053,1,23425.81364,0,0,0,0,1
-158.976492,4,23430.297247,0,0,1,0,0
330.129458,1,23430.663249,0,0,1,0,0
13.15717,9,23431.876344,0,0,1,0,0
425.751458,28,23437.090527,1,0,0,0,0
328.93954,1,23437.541594,0,0,0,0,1
524.008297,26,23445.677446,0,0,1,0,0
328.881733,1,23446.170734,0,0,1,0,0
-234.233117,12,23448.129623,0,0,1,0,0
1080.635213,43,23495.065094,0,0,1,0,0
-148.848908,6,23499.336331,0,0,1,0,0
337.991637,1,23499.717604,0,0,0,0,1
-129.071402,1,23500.204347,0,0,1,0,0
337.93954,1,23500.621412,0,0,0,0,1
330.129458,1,23501.081471,0,0,1,0,0
246.33804,33,23516.339305,0,0,1,0,0
337.778863,1,23516.667856,0,0,0,0,1
380.270526,21,23532.328869,0,0,1,0,0
-192.354257,7,23533.206214,0,0,1,0,0
337.778864,1,23533.547893,0,0,0,0,1
337.831123,1,23533.905719,0,0,0,0,1
328.93954,1,23534.271144,0,0,0,0,1
781.253588,29,23543.473651,0,0,1,0,0
-194.187938,9,23544.663561,0,0,1,0,0
478.674554,20,23564.75141,0,0,1,0,0
337.826743,1,23565.062727,0,0,0,0,1
328.881733,1,23565.470579,0,0,1,0,0
246.80579,12,23570.368356,0,0,1,0,0
328.800053,1,23570.688051,0,0,0,0,1
328.93954,1,23571.077267,0,0,0,0,1
387.900421,17,23579.277328,0,0,1,0,0
-108.16604,2,23579.668272,1,0,0,0,0
337.826742,1,23580.067993,0,0,0,0,1
693.195246,33,23589.201373,0,0,1,0,0
328.99729,1,23589.571908,0,0,0,0,1
-124.528032,5,23592.597657,0,0,1,0,0
328.826743,1,23592.894704,0,0,0,0,1
328.931002,1,23593.241352,0,0,0,0,1
328.859287,1,23593.577023,1,0,0,0,0
1304.882413,56,23619.759996,0,0,1,0,0
328.872183,1,23620.245555,0,0,0,0,1
80.099674,7,23629.394078,0,0,1,0,0
328.778864,1,23629.802855,0,0,0,0,1
328.863408,1,23630.183221,0,0,0,0,1
1464.968354,56,23662.226477,0,0,1,0,0
328.931002,1,23662.629389,0,0,0,0,1
792.425906,16,23666.096861,0,0,0,0,1
337.831123,1,23666.470357,0,0,0,0,1
481.61366,23,23679.9492,1,0,0,0,0
328.859287,1,23680.372476,1,0,0,0,0
328.93954,1,23680.792458,0,0,0,0,1
-27.788411,4,23681.83149,0,0,1,0,0
328.966897,17,23687.689374,1,0,0,0,0
328.99729,1,23688.090571,0,0,0,0,1
328.888918,1,23688.437034,0,0,1,0,0
337.99729,1,23688.804812,0,0,0,0,1
764.422915,14,23700.63991,0,0,0,0,1
-115.362118,2,23701.16887,0,0,1,0,0
328.863408,1,23701.470682,0,0,0,0,1
685.387184,28,23822.088876,0,0,1,0,0
355.142716,24,23832.36592,1,0,0,0,0
328.99729,1,23832.647518,0,0,0,0,1
662.127038,25,23858.336132,0,0,1,0,0
-137.606449,5,23860.336058,0,0,1,0,0
337.831123,1,23860.645898,0,0,0,0,1
-9.67532,8,23861.92714,0,0,1,0,0
-191.725536,8,23862.870514,0,0,1,0,0
1178.6543,57,23876.864517,0,0,1,0,0
727.362292,27,23888.533143,0,0,1,0,0
594.478009,28,23894.55963,0,0,1,0,0
328.826743,1,23894.903906,0,0,0,0,1
-124.011808,1,23895.331805,0,0,1,0,0
328.778864,1,23895.671162,0,0,0,0,1
130.765855,9,23898.094024,0,0,1,0,0
1111.266395,46,23920.935798,0,0,1,0,0
337.888918,1,23921.382675,0,0,1,0,0
924.81238,45,23932.854286,0,0,1,0,0
-115.362118,2,23933.460688,0,0,1,0,0
321.129458,1,23933.916225,0,0,1,0,0
328.93954,1,23934.261715,0,0,0,0,1
337.888918,1,23934.666308,0,0,1,0,0
265.504105,13,23953.788716,0,0,1,0,0
1840.229284,76,24003.633491,0,0,1,0,0
337.828619,1,24003.930235,0,0,0,0,1
328.778864,1,24004.377606,0,0,0,0,1
304.057228,16,24007.403487,0,0,1,0,0
-25.007239,7,24009.066376,0,0,1,0,0
515.761536,23,24014.356992,0,0,1,0,0
328.863408,1,24014.695647,0,0,0,0,1
328.99729,1,24015.038602,0,0,0,0,1
328.82862,1,24015.463624,0,0,0,0,1
-122.103929,6,24016.975456,0,0,1,0,0
328.778864,1,24017.299718,0,0,0,0,1
850.447729,46,24035.492745,0,0,1,0,0
268.04121,36,24049.014496,0,0,1,0,0
337.93954,1,24049.344851,0,0,0,0,1
463.78541,25,24054.325721,0,0,1,0,0
808.643395,28,24067.119557,0,0,1,0,0
698.881765,40,24076.840548,0,0,1,0,0
328.881733,1,24077.318522,0,0,1,0,0
328.931002,1,24077.655369,0,0,0,0,1
328.831123,1,24077.984225,0,0,0,0,1
195.655875,10,24087.587575,0,0,1,0,0
2.776142,13,24090.030948,0,0,1,0,0
328.863408,1,24090.414025,0,0,0,0,1
337.931002,1,24090.886643,0,0,0,0,1
328.875727,1,24091.403864,0,0,0,0,1
-124.011808,1,24091.887152,0,0,1,0,0
-140.999267,1,24094.845122,1,0,0,0,0
328.859288,1,24095.208861,1,0,0,0,0
328.968284,1,24095.608363,0,0,0,0,1
-146.807635,6,24099.848823,0,0,1,0,0
321.228804,17,24102.982904,0,0,1,0,0
314.199005,16,24105.933107,0,0,1,0,0
-11.877277,8,24107.083736,0,0,1,0,0
328.931002,1,24107.423488,0,0,0,0,1
22.432527,9,24108.334175,0,0,1,0,0
-39.560202,7,24110.033618,0,0,1,0,0
858.590091,40,24126.352729,1,0,0,0,0
337.831123,1,24126.646716,0,0,0,0,1
158.08245,13,24130.09939,0,0,1,0,0
328.863408,1,24130.468625,0,0,0,0,1
335.075946,19,24134.312932,0,0,1,0,0
487.93678,28,24139.45364,0,0,1,0,0
328.863408,1,24139.764685,0,0,0,0,1
328.800053,1,24146.820328,0,0,0,0,1
598.354146,28,24160.507571,0,0,1,0,0
337.778864,1,24160.876821,0,0,0,0,1
328.826743,1,24161.243576,0,0,0,0,1
328.778864,1,24161.668645,0,0,0,0,1
366.472039,17,24164.644303,0,0,1,0,0
321.129458,1,24165.175063,0,0,1,0,0
328.826743,1,24165.538441,0,0,0,0,1
328.90969,1,24166.013416,0,0,1,0,0
328.826743,1,24166.362559,0,0,0,0,1
-7.820713,8,24167.705299,0,0,1,0,0
1004.139021,42,24185.601581,0,0,1,0,0
328.826743,1,24185.969779,0,0,0,0,1
337.888917,1,24186.309423,0,0,1,0,0
250.740502,14,24190.667333,0,0,1,0,0
736.16795,33,24199.146769,0,0,1,0,0
337.881734,1,24199.589689,0,0,1,0,0
328.90969,1,24199.941685,0,0,1,0,0
-137.477349,5,24201.94209,0,0,1,0,0
217.558972,13,24204.478552,1,0,0,0,0
782.481634,33,24212.517932,0,0,1,0,0
536.156572,30,24226.678692,0,0,1,0,0
328.859287,1,24227.023229,1,0,0,0,0
337.826742,1,24227.393867,0,0,0,0,1
328.93954,1,24227.776715,0,0,0,0,1
202.504872,15,24230.332385,1,0,0,0,0
164.809518,14,24233.379539,0,0,1,0,0
195.324214,11,24238.504306,0,0,1,0,0
328.888918,1,24238.832734,0,0,1,0,0
328.99729,1,24239.23068,0,0,0,0,1
328.93954,1,24239.646783,0,0,0,0,1
138.987919,11,24253.017865,0,0,1,0,0
520.036014,24,24259.208228,1,0,0,0,0
157.086142,12,24269.754814,0,0,1,0,0
438.544766,19,24279.226032,1,0,0,0,0
754.691324,38,24286.52282,0,0,1,0,0
-128.867362,6,24289.67138,0,0,1,0,0
337.800053,1,24289.947773,0,0,0,0,1
-108.16604,2,24290.342374,1,0,0,0,0
337.778864,1,24290.757789,0,0,0,0,1
708.420508,33,24299.416975,1,0,0,0,0
644.602805,15,24302.97647,0,0,0,0,1
328.920203,1,24303.455305,0,0,0,0,1
328.93954,1,24303.843124,0,0,0,0,1
364.625501,19,24319.861972,0,0,1,0,0
328.931002,1,24320.279056,0,0,0,0,1
-31.309141,7,24321.950818,0,0,1,0,0
328.863408,1,24322.311283,0,0,0,0,1
328.778864,1,24322.733459,0,0,0,0,1
81.339057,8,24324.622999,0,0,1,0,0
65.000281,11,24328.09383,0,0,1,0,0
328.93954,1,24328.512672,0,0,0,0,1
-36.815325,4,24329.572,0,0,1,0,0
1747.726878,65,24356.155587,0,0,1,0,0
328.800053,1,24356.491053,0,0,0,0,1
-140.999267,1,24359.624526,1,0,0,0,0
235.280182,12,24364.885821,0,0,1,0,0
275.746362,20,24368.883954,0,0,1,0,0
485.373872,23,24375.807922,0,0,1,0,0
615.798261,30,24383.233843,1,0,0,0,0
704.929369,43,24392.092614,0,0,1,0,0
490.094274,26,24394.961067,0,0,1,0,0
328.859287,1,24395.263325,1,0,0,0,0
40.844411,10,24396.570875,0,0,1,0,0
337.831125,1,24396.929044,0,0,0,0,1
328.931002,1,24397.326137,0,0,0,0,1
337.778863,1,24397.686523,0,0,0,0,1
304.642615,14,24416.912994,0,0,1,0,0
885.560246,38,24435.044048,0,0,1,0,0
-129.192543,4,24438.324919,0,0,1,0,0
-122.183974,6,24439.817711,0,0,1,0,0
-128.250961,7,24442.547288,0,0,1,0,0
97.672255,12,24445.412256,0,0,1,0,0
328.931002,1,24445.865228,0,0,0,0,1
328.881733,1,24446.348693,0,0,1,0,0
-124.093869,3,24449.631231,0,0,1,0,0
337.93954,1,24450.000421,0,0,0,0,1
763.741433,32,24458.165833,1,0,0,0,0
328.846564,1,24458.543969,0,0,1,0,0
328.931002,1,24458.913147,0,0,0,0,1
373.369015,24,24462.915025,0,0,1,0,0
328.800053,1,24463.247942,0,0,0,0,1
788.951219,34,24488.616282,1,0,0,0,0
328.863408,1,24488.963264,0,0,0,0,1
861.44585,35,24523.016216,1,0,0,0,0
337.826742,1,24523.295446,0,0,0,0,1
97.521173,8,24525.15519,0,0,1,0,0
337.931003,1,24525.472681,0,0,0,0,1
328.773494,1,24526.028664,0,0,1,0,0
830.100618,37,24539.736143,0,0,1,0,0
445.799814,19,24557.119833,0,0,1,0,0
739.147033,35,24574.329041,0,0,1,0,0
-108.122235,2,24574.974096,0,0,1,0,0
518.092348,27,24581.279703,0,0,1,0,0
927.203963,42,24599.592458,0,0,1,0,0
337.881734,1,24599.989676,0,0,1,0,0
337.997288,1,24600.277966,0,0,0,0,1
26.182214,9,24601.37401,0,0,1,0,0
-115.689435,2,24601.938617,0,0,1,0,0
981.996388,43,24616.631471,1,0,0,0,0
152.266325,9,24622.463511,0,0,1,0,0
328.93954,1,24622.807985,0,0,0,0,1
-6.846413,8,24624.665924,0,0,1,0,0
328.99729,1,24625.074278,0,0,0,0,1
-126.999021,3,24627.545532,0,0,1,0,0
328.826743,1,24627.856225,0,0,0,0,1
328.888918,1,24628.213898,0,0,1,0,0
328.99729,1,24628.677551,0,0,0,0,1
328.93954,1,24635.688268,0,0,0,0,1
328.778864,1,24636.090062,0,0,0,0,1
340.546121,17,24641.111187,0,0,1,0,0
328.778864,1,24641.52492,0,0,0,0,1
328.93954,1,24641.963348,0,0,0,0,1
1620.469819,64,24666.678819,0,0,1,0,0
328.93954,1,24667.068952,0,0,0,0,1
1024.659395,43,24677.830857,1,0,0,0,0
328.90969,1,24678.321549,0,0,1,0,0
-126.451004,3,24679.826185,1,0,0,0,0
-97.103247,2,24681.577111,0,0,1,0,0
328.93954,1,24681.875529,0,0,0,0,1
-132.148649,4,24685.431518,0,0,1,0,0
733.59057,35,24703.89661,0,0,1,0,0
683.968421,31,24719.654897,0,0,1,0,0
328.778864,1,24720.018014,0,0,0,0,1
328.863408,1,24720.397042,0,0,0,0,1
328.778864,1,24720.806514,0,0,0,0,1
337.997289,1,24721.25551,0,0,0,0,1
623.758897,14,24724.625896,0,0,0,0,1
328.90969,1,24725.0959,0,0,1,0,0
328.831123,1,24725.454378,0,0,0,0,1
328.931002,1,24725.836295,0,0,0,0,1
328.881733,1,24726.235948,0,0,1,0,0
668.631243,30,24744.277228,0,0,1,0,0
328.82862,1,24744.662069,0,0,0,0,1
459.082476,20,24759.020407,0,0,1,0,0
328.931002,1,24759.371606,0,0,0,0,1
328.846564,1,24759.717036,0,0,1,0,0
636.927774,32,24765.313758,0,0,1,0,0
466.181527,22,24780.638444,0,0,1,0,0
13.626241,9,24781.699583,0,0,1,0,0
328.99729,1,24782.084442,0,0,0,0,1
-5.591216,8,24783.257143,0,0,1,0,0
-133.419669,4,24786.745745,0,0,1,0,0
520.279851,24,24791.284194,0,0,1,0,0
-198.663258,8,24792.194576,0,0,1,0,0
430.118561,19,24800.273764,0,0,1,0,0
328.881733,1,24800.748469,0,0,1,0,0
337.826743,1,24801.061923,0,0,0,0,1
476.871756,23,24813.814439,0,0,1,0,0
328.99729,1,24814.22694,0,0,0,0,1
-158.034737,4,24818.609987,0,0,1,0,0
31.189267,9,24820.230551,0,0,1,0,0
328.82862,1,24820.602163,0,0,0,0,1
328.778864,1,24821.033922,0,0,0,0,1
-79.085481,2,24823.016228,0,0,1,0,0
-6.846413,8,24831.176327,0,0,1,0,0
867.761899,36,24852.005778,0,0,1,0,0
328.90969,1,24852.42046,0,0,1,0,0
328.778864,1,24852.793517,0,0,0,0,1
328.99729,1,24853.1962,0,0,0,0,1
570.048955,29,24859.778105,0,0,1,0,0
328.931002,1,24860.186373,0,0,0,0,1
337.778864,1,24860.546747,0,0,0,0,1
328.846564,1,24860.924603,0,0,1,0,0
397.543829,19,24866.559047,0,0,1,0,0
328.93954,1,24866.967826,0,0,0,0,1
-140.956766,1,24869.959739,1,0,0,0,0
321.129458,1,24870.43866,0,0,1,0,0
58.524309,11,24874.672827,0,0,1,0,0
844.38687,42,24887.424646,1,0,0,0,0
639.390747,10,24889.895772,0,0,0,0,1
337.80893,1,24890.248858,0,0,0,0,1
337.828619,1,24890.611574,0,0,0,0,1
-120.156034,7,24893.335489,0,0,1,0,0
479.331442,20,24914.67664,0,0,1,0,0
-108.16604,2,24915.13203,1,0,0,0,0
122.688692,9,24924.024354,0,0,1,0,0
243.556746,17,24928.306997,0,0,1,0,0
510.493881,27,24937.368356,0,0,1,0,0
13.626241,9,24938.423366,0,0,1,0,0
802.886463,35,24955.361326,0,0,1,0,0
328.881733,1,24955.79261,0,0,1,0,0
337.863407,1,24956.124116,0,0,0,0,1
296.775671,18,24960.344561,0,0,1,0,0
2.822738,9,24963.783144,0,0,1,0,0
328.778864,1,24964.176811,0,0,0,0,1
532.795125,25,24970.657448,0,0,1,0,0
328.852829,1,24970.962373,0,0,1,0,0
337.778862,1,24971.34305,0,0,0,0,1
328.800053,1,24971.736862,0,0,0,0,1
328.863408,1,24972.10891,0,0,0,0,1
328.931002,1,24972.494345,0,0,0,0,1
326.353515,20,24992.477898,0,0,1,0,0
424.346696,18,25010.1962,0,0,1,0,0
-129.071402,1,25010.700452,0,0,1,0,0
-124.011808,1,25011.217265,0,0,1,0,0
167.111885,14,25014.548884,0,0,1,0,0
328.931002,1,25014.889467,0,0,0,0,1
328.778864,1,25015.306257,0,0,0,0,1
752.745216,39,25023.00402,0,0,1,0,0
150.623838,9,25035.600414,0,0,1,0,0
-148.880725,6,25039.62322,0,0,1,0,0
330.129458,1,25046.545201,0,0,1,0,0
-41.649107,7,25048.263513,0,0,1,0,0
471.005129,22,25052.957253,0,0,1,0,0
328.859287,1,25053.368539,1,0,0,0,0
232.167527,15,25056.513134,0,0,1,0,0
405.837061,23,25060.833562,0,0,1,0,0
118.151005,13,25064.113323,0,0,1,0,0
-140.897522,5,25066.852829,1,0,0,0,0
1459.552343,60,25099.169049,0,0,1,0,0
894.098693,33,25116.718862,1,0,0,0,0
337.931002,1,25117.124951,0,0,0,0,1
187.378801,11,25125.01103,0,0,1,0,0
321.129458,1,25125.396021,0,0,1,0,0
337.931002,1,25125.723931,0,0,0,0,1
-185.092549,9,25126.963995,0,0,1,0,0
337.99729,1,25127.248213,0,0,0,0,1
337.778862,1,25127.643818,0,0,0,0,1
328.99729,1,25128.154639,0,0,0,0,1
1062.177414,45,25137.490537,0,0,1,0,0
52.571993,6,25143.256425,0,0,1,0,0
328.968284,1,25143.587427,0,0,0,0,1
22.746766,9,25144.788176,0,0,1,0,0
751.195306,41,25152.551957,0,0,1,0,0
452.660699,25,25161.150379,0,0,1,0,0
-191.831707,8,25162.105002,0,0,1,0,0
328.99729,1,25162.413978,0,0,0,0,1
1056.252563,36,25190.081219,0,0,1,0,0
628.142934,30,25197.089859,0,0,1,0,0
-115.011697,1,25197.612007,0,0,1,0,0
872.195475,43,25223.090574,0,0,1,0,0
328.947109,1,25223.549343,0,0,0,0,1
272.732932,17,25226.678332,0,0,1,0,0
-129.316379,4,25230.026456,0,0,1,0,0
328.859286,1,25230.330222,1,0,0,0,0
177.965174,13,25233.490375,1,0,0,0,0
328.93954,1,25233.927967,0,0,0,0,1
807.107066,34,25246.929766,0,0,1,0,0
1371.846662,64,25289.358049,0,0,1,0,0
85.318728,7,25295.508871,0,0,1,0,0
330.129458,1,25295.935114,0,0,1,0,0
328.800053,1,25296.257328,0,0,0,0,1
328.800053,1,25296.612096,0,0,0,0,1
328.778864,1,25297.013683,0,0,0,0,1
-121.115082,7,25299.697994,0,0,1,0,0
-119.34853,6,25301.129556,0,0,1,0,0
735.352793,33,25317.211667,0,0,1,0,0
-151.328913,7,25321.396213,0,0,1,0,0
328.863408,1,25321.710759,0,0,0,0,1
337.931002,1,25322.1236,0,0,0,0,1
8.284605,9,25323.308608,0,0,1,0,0
337.800053,1,25323.62361,0,0,0,0,1
328.99729,1,25323.971231,0,0,0,0,1
328.800053,1,25324.335024,0,0,0,0,1
328.93954,1,25324.708381,0,0,0,0,1
337.828619,1,25325.073026,0,0,0,0,1
622.585298,23,25337.753683,0,0,1,0,0
328.931002,1,25338.125619,0,0,0,0,1
996.6243,52,25351.091629,0,0,1,0,0
328.82862,1,25351.442656,0,0,0,0,1
328.778864,1,25351.969316,0,0,0,0,1
-123.967876,3,25355.164399,0,0,1,0,0
227.174373,17,25358.515462,0,0,1,0,0
337.931001,1,25358.922606,0,0,0,0,1
737.714794,13,25369.921469,0,0,0,0,1
328.931002,1,25370.2267,0,0,0,0,1
769.575048,34,25378.104573,0,0,1,0,0
-151.800564,7,25382.172675,0,0,1,0,0
328.888918,1,25382.481184,0,0,1,0,0
337.93954,1,25382.896234,0,0,0,0,1
328.800053,1,25383.280002,0,0,0,0,1
-157.359761,4,25387.780268,0,0,1,0,0
328.846564,1,25388.117098,0,0,1,0,0
532.338195,31,25393.210227,0,0,1,0,0
-140.722669,5,25395.897727,1,0,0,0,0
328.800053,1,25396.224786,0,0,0,0,1
328.881733,1,25403.126534,0,0,1,0,0
337.800053,1,25403.429378,0,0,0,0,1
494.024067,22,25407.501482,1,0,0,0,0
328.800053,1,25407.861227,0,0,0,0,1
224.111424,14,25753.938686,0,0,1,0,0
328.778864,1,25754.250807,0,0,0,0,1
337.826744,1,25754.59625,0,0,0,0,1
690.758116,30,25763.446841,0,0,1,0,0
-132.922976,1,25765.575944,0,0,1,0,0
-124.813182,5,25768.488692,0,0,1,0,0
328.826743,1,25768.780723,0,0,0,0,1
337.93954,1,25769.166445,0,0,0,0,1
-126.388102,1,25769.615407,0,0,1,0,0
43.881385,13,25771.951901,0,0,1,0,0
328.859287,1,25772.418957,1,0,0,0,0
328.778864,1,25772.846839,0,0,0,0,1
337.99729,1,25773.24641,0,0,0,0,1
321.129458,1,25773.709561,0,0,1,0,0
675.115236,11,25776.146818,0,0,0,0,1
1079.92403,46,25785.878109,0,0,1,0,0
337.931002,1,25786.232687,0,0,0,0,1
573.659966,34,25791.967773,0,0,1,0,0
337.931001,1,25792.275675,0,0,0,0,1
765.210048,14,25803.521487,0,0,0,0,1
201.248647,13,25811.250929,0,0,1,0,0
512.738719,21,25836.636794,0,0,1,0,0
328.931002,1,25836.975874,0,0,0,0,1
384.773369,17,25840.896503,0,0,1,0,0
801.913021,36,25848.10443,0,0,1,0,0
328.778864,1,25848.465907,0,0,0,0,1
-196.14522,8,25849.496701,0,0,1,0,0
328.778864,1,25849.807652,0,0,0,0,1
328.931002,1,25850.133921,0,0,0,0,1
503.685018,23,25855.523437,1,0,0,0,0
717.231831,37,25865.183637,0,0,1,0,0
455.001375,22,25872.688877,1,0,0,0,0
-125.608457,5,25875.521709,0,0,1,0,0
645.846621,44,25896.439928,0,0,1,0,0
115.195158,13,25899.257207,0,0,1,0,0
337.863407,1,25899.564744,0,0,0,0,1
181.186592,11,25909.56133,0,0,1,0,0
1225.975885,50,25938.922616,0,0,1,0,0
328.968284,1,25939.243979,0,0,0,0,1
239.14924,21,25949.73776,0,0,1,0,0
328.99729,1,25950.119291,0,0,0,0,1
631.057097,10,25962.463887,0,0,0,0,1
321.129458,1,25962.905953,0,0,1,0,0
480.516394,24,25993.708637,0,0,1,0,0
491.758037,31,25998.485009,0,0,1,0,0
328.93954,1,25998.874461,0,0,0,0,1
476.751312,22,26006.593435,0,0,1,0,0
328.931002,1,26006.897364,0,0,0,0,1
395.163373,17,26015.623882,0,0,1,0,0
328.859287,1,26015.921524,1,0,0,0,0
328.881733,1,26016.385473,0,0,1,0,0
191.018109,15,26019.081864,0,0,1,0,0
328.778864,1,26019.400097,0,0,0,0,1
328.800053,1,26019.760139,0,0,0,0,1
328.99729,1,26020.130609,0,0,0,0,1
328.778864,1,26020.554834,0,0,0,0,1
-16.323684,6,26022.561633,0,0,1,0,0
-126.359721,5,26025.399553,0,0,1,0,0
299.684845,17,26029.808289,0,0,1,0,0
-185.345288,9,26031.060356,0,0,1,0,0
5.575677,9,26034.549505,0,0,1,0,0
-189.199445,5,26036.728621,0,0,1,0,0
535.887659,25,26058.691777,0,0,1,0,0
328.931002,1,26059.002322,0,0,0,0,1
33.719314,10,26062.156322,0,0,1,0,0
460.238864,20,26082.132925,0,0,1,0,0
328.90969,1,26082.570959,0,0,1,0,0
1526.798375,65,26111.940332,0,0,1,0,0
328.968284,1,26112.3397,0,0,0,0,1
196.973328,12,26115.757733,0,0,1,0,0
648.715181,33,26142.407839,0,0,1,0,0
-41.839113,7,26144.076267,0,0,1,0,0
337.778863,1,26144.487037,0,0,0,0,1
328.931002,1,26144.876988,0,0,0,0,1
547.92935,32,26149.984821,0,0,1,0,0
-119.621401,7,26152.670743,0,0,1,0,0
616.659676,34,26159.737427,0,0,1,0,0
851.859931,44,26181.974848,0,0,1,0,0
-157.540311,4,26186.504779,0,0,1,0,0
-115.38657,2,26186.942559,0,0,1,0,0
-124.650755,6,26188.351506,0,0,1,0,0
148.34835,9,26197.862777,0,0,1,0,0
-153.717261,6,26201.437672,0,0,1,0,0
-9.566185,8,26202.590844,0,0,1,0,0
328.93954,1,26203.011504,0,0,0,0,1
729.537422,31,26216.921586,0,0,1,0,0
337.800053,1,26217.205586,0,0,0,0,1
-41.904957,7,26218.943659,0,0,1,0,0
-132.738533,1,26219.582342,0,0,1,0,0
-126.388102,1,26219.96759,0,0,1,0,0
374.338288,21,26230.679764,0,0,1,0,0
328.93954,1,26231.003455,0,0,0,0,1
587.450312,24,26241.223405,0,0,1,0,0
934.242533,41,26251.032005,0,0,1,0,0
328.800053,1,26251.464508,0,0,0,0,1
328.90969,1,26251.896743,0,0,1,0,0
13.648631,9,26253.754071,0,0,1,0,0
328.881733,1,26254.29981,0,0,1,0,0
324.080104,15,26325.743969,0,0,1,0,0
328.881733,1,26326.160155,0,0,1,0,0
711.581203,32,26332.638284,0,0,1,0,0
328.931002,1,26339.370604,0,0,0,0,1
337.939539,1,26339.733732,0,0,0,0,1
328.938687,1,26340.127744,0,0,0,0,1
328.881733,1,26340.653948,0,0,1,0,0
586.526442,25,26345.638287,1,0,0,0,0
-124.011808,1,26346.10132,0,0,1,0,0
337.888918,1,26346.443869,0,0,1,0,0
228.852129,17,26349.558302,0,0,1,0,0
328.93954,1,26349.968625,0,0,0,0,1
-133.419669,4,26353.542904,0,0,1,0,0
613.308991,10,26355.839377,0,0,0,0,1
119.468191,13,26358.830384,0,0,1,0,0
328.873836,1,26359.289743,0,0,0,0,1
328.931002,1,26359.629424,0,0,0,0,1
22.223228,9,26360.569031,0,0,1,0,0
328.800053,1,26360.890402,0,0,0,0,1
328.93954,1,26361.283034,0,0,0,0,1
-125.138257,5,26364.270649,0,0,1,0,0
582.216275,27,26370.876232,1,0,0,0,0
716.674206,30,26736.747585,0,0,1,0,0
328.778864,1,26737.098952,0,0,0,0,1
328.826743,1,26737.47639,0,0,0,0,1
328.90969,1,26737.898798,0,0,1,0,0
328.931002,1,26738.268451,0,0,0,0,1
-158.034737,4,26742.69652,0,0,1,0,0
-136.274963,5,26744.634115,0,0,1,0,0
-115.354061,2,26745.113994,0,0,1,0,0
216.611982,17,26748.537439,0,0,1,0,0
328.93954,1,26749.014095,0,0,0,0,1
366.770459,16,26757.74418,0,0,1,0,0
321.129458,1,26758.156834,0,0,1,0,0
328.800053,1,26758.48528,0,0,0,0,1
303.814894,19,26768.186505,0,0,1,0,0
337.939541,1,26768.580069,0,0,0,0,1
328.859287,1,26768.953405,1,0,0,0,0
651.707243,38,26774.583811,0,0,1,0,0
-123.736881,1,26775.168367,0,0,1,0,0
204.275256,15,26778.509758,0,0,1,0,0
-129.071402,1,26779.07225,0,0,1,0,0
328.859287,1,26779.461717,1,0,0,0,0
165.269411,14,26782.776561,0,0,1,0,0
-133.419669,4,26786.356139,0,0,1,0,0
889.498611,43,26797.818955,1,0,0,0,0
975.193558,43,26806.23261,0,0,1,0,0
-194.450631,7,26807.033164,0,0,1,0,0
328.800053,1,26807.310627,0,0,0,0,1
-129.071402,1,26807.861394,0,0,1,0,0
337.852829,1,26808.18162,0,0,1,0,0
98.690259,15,26810.780948,0,0,1,0,0
-122.323174,6,26812.309486,0,0,1,0,0
347.747256,16,26820.122982,0,0,1,0,0
463.144604,22,26824.178556,0,0,1,0,0
-193.695831,9,26825.286978,0,0,1,0,0
-151.549408,7,26829.430162,0,0,1,0,0
328.93954,1,26829.746397,0,0,0,0,1
-115.378031,2,26830.324887,0,0,1,0,0
98.352107,11,26843.010252,0,0,1,0,0
328.938687,1,26843.369082,0,0,0,0,1
-108.032979,2,26843.889597,1,0,0,0,0
582.974784,27,26855.511211,0,0,1,0,0
694.317582,40,26863.517414,1,0,0,0,0
-33.91288,7,26865.272199,0,0,1,0,0
330.129458,1,26865.791819,0,0,1,0,0
321.129458,1,26866.191788,0,0,1,0,0
337.931003,1,26866.487844,0,0,0,0,1
-206.565173,5,26868.922884,0,0,1,0,0
337.881733,1,26869.251738,0,0,1,0,0
454.46675,22,26878.478338,1,0,0,0,0
337.888918,1,26878.822551,0,0,1,0,0
337.852829,1,26879.145203,0,0,1,0,0
146.53406,10,26881.060441,1,0,0,0,0
53.153831,10,26882.851719,0,0,1,0,0
-198.663258,8,26883.858191,0,0,1,0,0
328.931002,1,26884.164807,0,0,0,0,1
337.778864,1,26884.543135,0,0,0,0,1
337.800052,1,26884.945299,0,0,0,0,1
337.93954,1,26885.363411,0,0,0,0,1
337.800054,1,26885.764473,0,0,0,0,1
173.871826,14,26888.874403,0,0,1,0,0
328.874311,1,26889.368296,0,0,0,0,1
328.991637,1,26889.781323,0,0,0,0,1
281.764635,13,26895.237689,0,0,1,0,0
-207.656745,5,26897.569062,0,0,1,0,0
-154.612492,6,26900.941958,0,0,1,0,0
328.863408,1,26901.236745,0,0,0,0,1
328.778864,1,26901.662274,0,0,0,0,1
328.99729,1,26902.06661,0,0,0,0,1
552.26777,25,26910.526673,0,0,1,0,0
-158.076723,4,26914.919149,0,0,1,0,0
-108.122235,2,26915.464118,0,0,1,0,0
337.881733,1,26915.876458,0,0,1,0,0
328.778864,1,26916.184592,0,0,0,0,1
-189.120827,5,26918.328692,0,0,1,0,0
-206.664047,5,26920.759351,0,0,1,0,0
328.93954,1,26921.044795,0,0,0,0,1
-125.78321,5,26923.708947,0,0,1,0,0
754.310248,40,26942.698016,0,0,1,0,0
337.93954,1,26943.02767,0,0,0,0,1
328.931002,1,26943.428303,0,0,0,0,1
-153.311706,3,26947.831039,0,0,1,0,0
-120.061529,1,26954.814748,0,0,1,0,0
746.009989,32,26961.7485,0,0,1,0,0
328.968284,1,26962.070168,0,0,0,0,1
269.821758,14,26966.725719,0,0,1,0,0
-200.471505,5,26967.637747,0,0,1,0,0
-193.052756,5,26969.949276,0,0,1,0,0
337.93954,1,26970.298824,0,0,0,0,1
298.637208,17,26977.403108,0,0,1,0,0
143.793161,11,26983.098006,0,0,1,0,0
328.938687,1,26983.421857,0,0,0,0,1
328.93954,1,26983.8144,0,0,0,0,1
650.397897,29,26988.313304,0,0,1,0,0
453.621009,26,26993.229667,0,0,1,0,0
337.778864,1,26993.589745,0,0,0,0,1
715.512222,18,26997.228615,0,0,0,0,1
-41.124008,7,26998.820211,0,0,1,0,0
328.920203,1,26999.272735,0,0,0,0,1
328.99729,1,26999.636766,0,0,0,0,1
321.129458,1,27000.144251,0,0,1,0,0
204.758933,13,27346.919517,0,0,1,0,0
337.826743,1,27347.257429,0,0,0,0,1
821.810269,38,27365.977469,0,0,1,0,0
328.93954,1,27366.416338,0,0,0,0,1
1641.692632,68,27395.454151,0,0,1,0,0
825.588917,17,27398.773879,0,0,0,0,1
-150.638193,6,27402.45368,0,0,1,0,0
328.82862,1,27402.741932,0,0,0,0,1
328.93954,1,27403.141011,0,0,0,0,1
792.49341,40,27411.043121,0,0,1,0,0
328.778864,1,27411.435988,0,0,0,0,1
40.356654,10,27414.850128,0,0,1,0,0
184.991847,15,27417.660194,0,0,1,0,0
328.881733,1,27418.080418,0,0,1,0,0
328.93954,1,27418.395649,0,0,0,0,1
-5.919122,8,27420.280443,0,0,1,0,0
335.560715,17,27423.771427,0,0,1,0,0
337.99729,1,27424.141804,0,0,0,0,1
-16.239113,6,27426.050635,0,0,1,0,0
-115.012565,1,27426.514999,0,0,1,0,0
328.826743,1,27426.875885,0,0,0,0,1
-31.938887,7,27428.573115,0,0,1,0,0
-7.121985,8,27430.533377,0,0,1,0,0
448.374318,19,27450.389117,0,0,1,0,0
337.931002,1,27450.685859,0,0,0,0,1
699.541818,34,27461.361238,0,0,1,0,0
753.265006,34,27466.858705,0,0,1,0,0
337.888917,1,27467.156672,0,0,1,0,0
328.826743,1,27467.541177,0,0,0,0,1
328.826743,1,27467.891772,0,0,0,0,1
328.931002,1,27468.281335,0,0,0,0,1
328.93954,1,27468.647102,0,0,0,0,1
328.881733,1,27469.097372,0,0,1,0,0
754.152024,29,27495.247262,0,0,1,0,0
815.154958,38,27505.010835,0,0,1,0,0
202.504872,15,27507.40358,1,0,0,0,0
-71.484569,7,27512.409189,0,0,1,0,0
-6.846413,8,27514.308672,0,0,1,0,0
-108.295248,2,27514.848513,1,0,0,0,0
337.881733,1,27515.331635,0,0,1,0,0
331.572928,18,27518.970867,0,0,1,0,0
946.00074,37,27530.363833,0,0,1,0,0
337.826744,1,27530.779605,0,0,0,0,1
328.978392,1,27531.230437,0,0,0,0,1
328.99729,1,27531.55538,0,0,0,0,1
770.274623,29,27543.126355,0,0,1,0,0
88.844922,8,27551.208174,0,0,1,0,0
1151.424089,49,27589.566634,0,0,1,0,0
7.062856,9,27593.183622,0,0,1,0,0
337.968284,1,27593.57778,0,0,0,0,1
519.824834,26,27947.960405,0,0,1,0,0
328.99729,1,27948.275502,0,0,0,0,1
328.99729,1,27948.695573,0,0,0,0,1
330.129458,1,27949.115721,0,0,1,0,0
328.93954,1,27949.451921,0,0,0,0,1
295.440342,23,27955.062315,1,0,0,0,0
415.775321,21,27972.025445,0,0,1,0,0
328.778864,1,27972.337114,0,0,0,0,1
337.997288,1,27972.708246,0,0,0,0,1
328.859287,1,27973.07231,1,0,0,0,0
238.454722,13,27980.691799,0,0,1,0,0
328.800053,1,27981.037963,0,0,0,0,1
-132.930137,1,27983.049316,0,0,1,0,0
791.31215,32,27994.325738,1,0,0,0,0
337.881733,1,27994.706714,0,0,1,0,0
-122.171359,6,27996.122908,0,0,1,0,0
148.983621,9,28008.458432,0,0,1,0,0
328.778864,1,28008.815289,0,0,0,0,1
459.018524,22,28014.338301,1,0,0,0,0
328.881733,1,28014.822258,0,0,1,0,0
673.162353,30,28030.17602,1,0,0,0,0
743.292863,28,28035.663909,0,0,1,0,0
328.800053,1,28035.988106,0,0,0,0,1
328.93954,1,28036.411072,0,0,0,0,1
36.355339,10,28040.689451,0,0,1,0,0
16.298842,9,28041.692733,0,0,1,0,0
-120.076892,1,28042.226029,0,0,1,0,0
-16.398171,6,28044.205686,0,0,1,0,0
328.931002,1,28044.601993,0,0,0,0,1
652.97498,30,28060.88608,0,0,1,0,0
328.800053,1,28061.268481,0,0,0,0,1
220.621777,15,28064.484383,0,0,1,0,0
337.968285,1,28064.850048,0,0,0,0,1
196.364444,15,28068.357613,0,0,1,0,0
328.852829,1,28068.631445,0,0,1,0,0
-133.405993,4,28072.172187,0,0,1,0,0
328.778864,1,28072.570482,0,0,0,0,1
249.83709,14,28079.535903,0,0,1,0,0
-189.135845,9,28080.753176,0,0,1,0,0
-124.011808,1,28081.146033,0,0,1,0,0
328.846564,1,28081.449514,0,0,1,0,0
328.93954,1,28081.820398,0,0,0,0,1
328.800053,1,28082.205633,0,0,0,0,1
-9.626156,8,28083.297081,0,0,1,0,0
328.778864,1,28083.658115,0,0,0,0,1
7.169858,9,28086.763459,0,0,1,0,0
-16.398171,6,28088.624187,0,0,1,0,0
328.859287,1,28089.013976,1,0,0,0,0
438.180339,22,28093.363594,0,0,1,0,0
1044.479654,43,28114.405831,0,0,1,0,0
328.778864,1,28121.181144,0,0,0,0,1
-149.476069,6,28124.8664,0,0,1,0,0
328.90969,1,28125.229275,0,0,1,0,0
328.826743,1,28125.56838,0,0,0,0,1
711.273668,32,28140.801823,0,0,1,0,0
328.800053,1,28141.136441,0,0,0,0,1
-153.639197,3,28145.483951,0,0,1,0,0
337.778864,1,28145.811025,0,0,0,0,1
337.99729,1,28146.161288,0,0,0,0,1
474.91244,24,28151.003546,1,0,0,0,0
-137.606449,5,28153.053286,0,0,1,0,0
1988.796793,75,28189.079818,0,0,1,0,0
328.881733,1,28189.470874,0,0,1,0,0
669.049746,30,28212.890764,1,0,0,0,0
-17.831041,6,28214.655808,0,0,1,0,0
174.652096,15,28218.286676,0,0,1,0,0
771.983812,29,28230.058342,0,0,1,0,0
1117.584937,48,28260.597271,0,0,1,0,0
225.434294,14,28267.476535,0,0,1,0,0
328.90969,1,28267.880516,0,0,1,0,0
328.93954,1,28268.212905,0,0,0,0,1
935.877023,50,28284.715718,0,0,1,0,0
337.997289,1,28285.091988,0,0,0,0,1
330.129458,1,28285.62404,0,0,1,0,0
328.778864,1,28285.966843,0,0,0,0,1
328.873836,1,28286.437664,0,0,0,0,1
328.93954,1,28286.811954,0,0,0,0,1
328.859287,1,28287.184917,1,0,0,0,0
-123.100194,3,28290.396735,0,0,1,0,0
-132.922976,1,28292.354987,0,0,1,0,0
505.260568,22,28297.565907,0,0,1,0,0
328.93954,1,28297.943484,0,0,0,0,1
328.99729,1,28298.346834,0,0,0,0,1
789.085303,32,28330.438361,0,0,1,0,0
559.444391,28,28334.808776,0,0,1,0,0
328.881733,1,28335.187472,0,0,1,0,0
337.828619,1,28335.524131,0,0,0,0,1
337.826745,1,28335.925763,0,0,0,0,1
1070.167045,57,28347.36996,0,0,1,0,0
328.93954,1,28347.717461,0,0,0,0,1
328.778864,1,28348.158227,0,0,0,0,1
328.912437,19,28351.688334,0,0,1,0,0
594.960999,29,28361.229134,0,0,1,0,0
13.626241,9,28362.353688,0,0,1,0,0
328.800053,1,28362.723375,0,0,0,0,1
328.93954,1,28363.095143,0,0,0,0,1
337.881733,1,28363.534491,0,0,1,0,0
-137.299606,5,28365.628088,0,0,1,0,0
337.931002,1,28365.947539,0,0,0,0,1
328.90969,1,28366.352967,0,0,1,0,0
337.991637,1,28366.761354,0,0,0,0,1
-99.122016,2,28367.298438,0,0,1,0,0
374.011077,17,28376.673826,0,0,1,0,0
1001.91716,37,28407.310338,0,0,1,0,0
-126.979903,3,28409.759989,0,0,1,0,0
328.931002,1,28410.027797,0,0,0,0,1
596.904,34,28416.299453,0,0,1,0,0
-207.47228,5,28418.642038,0,0,1,0,0
14.084379,9,28419.743817,0,0,1,0,0
328.931002,1,28420.033361,0,0,0,0,1
942.240815,48,28429.929237,1,0,0,0,0
315.211971,19,28433.789898,0,0,1,0,0
337.881733,1,28434.221318,0,0,1,0,0
328.931002,1,28434.533069,0,0,0,0,1
328.881733,1,28434.952505,0,0,1,0,0
737.291404,13,28445.9893,0,0,0,0,1
1830.272884,82,28470.608911,0,0,1,0,0
333.990824,15,28488.21497,0,0,1,0,0
337.931001,1,28488.594834,0,0,0,0,1
328.800053,1,28488.945835,0,0,0,0,1
507.322011,24,28493.554431,0,0,1,0,0
328.968284,1,28493.903095,0,0,0,0,1
328.863408,1,28494.320109,0,0,0,0,1
328.93954,1,28494.71026,0,0,0,0,1
328.920203,1,28495.172173,0,0,0,0,1
669.057415,29,28509.882276,0,0,1,0,0
890.9619,36,28522.518399,1,0,0,0,0
123.044521,15,28531.458124,0,0,1,0,0
337.939542,1,28531.929187,0,0,0,0,1
-132.922976,1,28533.966416,0,0,1,0,0
328.859287,1,28534.268888,1,0,0,0,0
914.775174,44,28541.914608,0,0,1,0,0
328.826743,1,28542.283784,0,0,0,0,1
-76.559346,4,28543.270709,0,0,1,0,0
1054.102879,46,28557.667828,0,0,1,0,0
631.701105,10,28570.234841,0,0,0,0,1
1321.427531,51,28590.394455,0,0,1,0,0
328.859287,1,28590.663747,1,0,0,0,0
328.82862,1,28591.018677,0,0,0,0,1
-11.530874,8,28593.905222,0,0,1,0,0
328.920203,1,28594.340187,0,0,0,0,1
-151.800564,7,28598.486495,0,0,1,0,0
-154.879426,6,28601.944008,0,0,1,0,0
1968.568629,87,28622.073686,0,0,1,0,0
337.778863,1,28622.397216,0,0,0,0,1
13.490489,9,28623.429106,0,0,1,0,0
328.778864,1,28623.761083,0,0,0,0,1
328.931002,1,28624.121028,0,0,0,0,1
1103.220686,49,28633.751896,1,0,0,0,0
337.800055,1,28634.111362,0,0,0,0,1
-108.122235,2,28634.719166,0,0,1,0,0
337.931002,1,28635.067325,0,0,0,0,1
328.800053,1,28635.405222,0,0,0,0,1
283.62581,15,28645.779777,0,0,1,0,0
1301.118203,53,28655.738342,0,0,1,0,0
-115.38286,2,28656.299296,0,0,1,0,0
336.881734,1,28656.698746,0,0,1,0,0
86.91149,8,28658.716347,0,0,1,0,0
84.977169,12,28662.30436,0,0,1,0,0
1022.29978,51,28674.077591,0,0,1,0,0
328.99729,1,28674.451074,0,0,0,0,1
518.347252,24,28680.341296,1,0,0,0,0
328.93954,1,28680.807261,0,0,0,0,1
337.881733,1,28681.253714,0,0,1,0,0
628.440267,30,28687.325679,0,0,1,0,0
328.873836,1,28687.767143,0,0,0,0,1
328.920203,1,28688.182258,0,0,0,0,1
-7.78158,8,28690.047601,0,0,1,0,0
328.845413,19,28699.649445,0,0,1,0,0
-132.936435,1,28701.805418,0,0,1,0,0
337.800053,1,28702.147673,0,0,0,0,1
827.211121,38,28713.336696,0,0,1,0,0
196.876616,13,28719.771104,0,0,1,0,0
421.75084,19,28723.657976,0,0,1,0,0
337.99729,1,28724.003011,0,0,0,0,1
337.939541,1,28724.414272,0,0,0,0,1
328.90969,1,28724.883712,0,0,1,0,0
202.504872,15,28727.312179,1,0,0,0,0
113.570683,13,28729.70055,0,0,1,0,0
337.888918,1,28729.978117,0,0,1,0,0
552.317346,26,28737.585572,0,0,1,0,0
328.778864,1,28737.944484,0,0,0,0,1
328.968284,1,28738.344638,0,0,0,0,1
603.135572,33,28746.122461,0,0,1,0,0
328.778864,1,28746.580841,0,0,0,0,1
328.99729,1,28746.953862,0,0,0,0,1
87.534523,14,28749.287011,0,0,1,0,0
328.99729,1,28749.679492,0,0,0,0,1
1484.728845,59,28772.808032,0,0,1,0,0
328.99729,1,28773.096418,0,0,0,0,1
22.917606,9,28774.109139,0,0,1,0,0
337.968285,1,28774.383828,0,0,0,0,1
862.328758,48,28789.852345,0,0,1,0,0
328.82862,1,28790.191248,0,0,0,0,1
320.656509,15,28796.889452,0,0,1,0,0
328.931002,1,28797.193361,0,0,0,0,1
249.481239,14,28804.004855,0,0,1,0,0
328.931002,1,28804.293824,0,0,0,0,1
-120.065373,1,28804.87683,0,0,1,0,0
337.778864,1,28805.250705,0,0,0,0,1
328.931002,1,28805.621659,0,0,0,0,1
328.778864,1,28806.007479,0,0,0,0,1
896.698577,38,28829.793293,1,0,0,0,0
1034.149695,39,28855.708146,0,0,1,0,0
747.754942,34,28862.306018,1,0,0,0,0
-88.101446,2,28864.165908,0,0,1,0,0
-133.75421,4,28867.402865,0,0,1,0,0
139.271045,17,28870.65155,0,0,1,0,0
-158.034737,4,28874.997747,0,0,1,0,0
-44.842087,4,28875.934431,0,0,1,0,0
1212.113036,57,28884.352792,0,0,1,0,0
328.826743,1,28884.703514,0,0,0,0,1
535.030963,23,28905.557659,0,0,1,0,0
335.23863,20,28916.683631,1,0,0,0,0
328.93954,1,28917.078182,0,0,0,0,1
328.863408,1,28917.463471,0,0,0,0,1
62.335199,13,28919.736652,0,0,1,0,0
337.778865,1,28920.167054,0,0,0,0,1
328.93954,1,28920.576464,0,0,0,0,1
328.991637,1,28921.000189,0,0,0,0,1
548.356192,22,28926.288637,0,0,1,0,0
-126.999021,3,28928.589338,0,0,1,0,0
524.3759,23,28931.529762,0,0,1,0,0
328.863408,1,28931.806942,0,0,0,0,1
184.219924,11,28936.715885,0,0,1,0,0
228.067981,16,28940.158513,0,0,1,0,0
299.505291,17,28943.70244,0,0,1,0,0
328.90969,1,28944.115341,0,0,1,0,0
166.300971,14,28947.256265,0,0,1,0,0
12.965432,9,28951.256665,0,0,1,0,0
317.903529,19,28954.864286,0,0,1,0,0
328.90969,1,28955.306627,0,0,1,0,0
328.888918,1,28955.652792,0,0,1,0,0
279.02172,19,28958.638069,0,0,1,0,0
328.93954,1,28958.995924,0,0,0,0,1
337.828619,1,28959.374769,0,0,0,0,1
328.826743,1,28959.740721,0,0,0,0,1
897.14616,46,28966.615567,0,0,1,0,0
328.852829,1,28966.890304,0,0,1,0,0
-158.034737,4,28971.012441,0,0,1,0,0
353.956499,37,28985.086245,0,0,1,0,0
409.980992,18,28998.335039,0,0,1,0,0
480.374943,31,29005.2149,0,0,1,0,0
-209.452061,13,29006.90265,0,0,1,0,0
-223.793572,12,29008.661017,0,0,1,0,0
328.826743,1,29008.956977,0,0,0,0,1
328.99729,1,29009.316678,0,0,0,0,1
328.800053,1,29009.682553,0,0,0,0,1
313.468,15,29015.111549,0,0,1,0,0
337.881734,1,29015.462515,0,0,1,0,0
113.980387,13,29018.823401,0,0,1,0,0
-108.122235,2,29019.421907,0,0,1,0,0
-124.430259,3,29022.809135,0,0,1,0,0
-132.924754,1,29024.794319,0,0,1,0,0
337.826741,1,29025.102927,0,0,0,0,1
140.270786,13,29027.881106,0,0,1,0,0
337.888919,1,29028.273867,0,0,1,0,0
328.800053,1,29028.66687,0,0,0,0,1
669.994386,36,29038.15168,1,0,0,0,0
328.968284,1,29038.529365,0,0,0,0,1
267.297679,14,29041.013916,0,0,1,0,0
683.240769,32,29052.402567,0,0,1,0,0
328.99729,1,29052.756954,0,0,0,0,1
337.778864,1,29053.205546,0,0,0,0,1
202.504872,15,29055.72589,1,0,0,0,0
328.947109,1,29056.188397,0,0,0,0,1
625.194624,32,29062.503543,0,0,1,0,0
328.863408,1,29062.797797,0,0,0,0,1
328.82862,1,29063.155427,0,0,0,0,1
328.93954,1,29063.519611,0,0,0,0,1
337.991637,1,29063.94915,0,0,0,0,1
328.90969,1,29064.357157,0,0,1,0,0
328.863408,1,29064.691031,0,0,0,0,1
146.442875,9,29074.498867,0,0,1,0,0
-151.800564,7,29078.560122,0,0,1,0,0
328.846564,1,29078.836819,0,0,1,0,0
328.800053,1,29079.152108,0,0,0,0,1
330.425582,21,29093.600796,0,0,1,0,0
493.738599,21,29103.890922,0,0,1,0,0
328.80893,1,29104.23906,0,0,0,0,1
321.129458,1,29104.746772,0,0,1,0,0
-16.398171,6,29106.632727,0,0,1,0,0
323.2863,16,29113.376532,0,0,1,0,0
61.25009,11,29117.731274,0,0,1,0,0
328.931002,1,29118.121285,0,0,0,0,1
1280.494161,55,29156.047678,0,0,1,0,0
337.99729,1,29156.388051,0,0,0,0,1
337.778864,1,29156.794325,0,0,0,0,1
870.562262,42,29170.413681,0,0,1,0,0
328.881733,1,29170.789618,0,0,1,0,0
393.864473,16,29183.663286,0,0,1,0,0
328.778864,1,29183.963805,0,0,0,0,1
328.863408,1,29184.281651,0,0,0,0,1
34.297862,10,29188.50147,0,0,1,0,0
328.826743,1,29188.85153,0,0,0,0,1
851.544476,18,29192.167785,0,0,0,0,1
570.111474,25,29197.222157,1,0,0,0,0
963.64691,45,29215.49017,0,0,1,0,0
328.800053,1,29215.82638,0,0,0,0,1
328.80893,1,29216.175303,0,0,0,0,1
-125.805349,5,29218.833462,0,0,1,0,0
-126.996194,3,29220.105898,1,0,0,0,0
328.90969,1,29220.485468,0,0,1,0,0
-22.232932,7,29222.230848,0,0,1,0,0
337.778863,1,29222.635549,0,0,0,0,1
-200.38731,5,29300.773826,0,0,1,0,0
29.591791,10,29305.070067,0,0,1,0,0
76.025429,11,29307.008015,0,0,1,0,0
328.800053,1,29307.347902,0,0,0,0,1
328.82862,1,29307.689921,0,0,0,0,1
87.534523,14,29309.910028,0,0,1,0,0
729.746282,31,29315.525647,0,0,1,0,0
384.88486,24,29319.530852,0,0,1,0,0
337.931001,1,29319.898124,0,0,0,0,1
788.923521,16,29323.101091,0,0,0,0,1
665.369183,16,29326.8028,0,0,0,0,1
-133.868048,4,29330.28713,0,0,1,0,0
328.778864,1,29330.601252,0,0,0,0,1
328.846564,1,29330.931429,0,0,1,0,0
328.800053,1,29331.274071,0,0,0,0,1
328.778864,1,29331.654293,0,0,0,0,1
982.677658,42,29345.617404,0,0,1,0,0
328.863408,1,29345.911607,0,0,0,0,1
-123.737093,1,29346.531054,0,0,1,0,0
1379.291261,54,29356.713942,0,0,1,0,0
-115.362118,2,29357.129791,0,0,1,0,0
328.99729,1,29357.436517,0,0,0,0,1
998.696343,44,29378.511605,0,0,1,0,0
337.863408,1,29378.851012,0,0,0,0,1
193.495092,12,29382.531345,0,0,1,0,0
337.939539,1,29382.973559,0,0,0,0,1
328.947109,1,29383.417042,0,0,0,0,1
328.82862,1,29383.755238,0,0,0,0,1
582.229281,26,29387.455137,0,0,1,0,0
328.800053,1,29387.764638,0,0,0,0,1
800.154596,38,29397.758662,1,0,0,0,0
328.931002,1,29398.196867,0,0,0,0,1
328.931002,1,29398.591688,0,0,0,0,1
328.859287,1,29398.968429,1,0,0,0,0
328.93954,1,29399.343093,0,0,0,0,1
399.440981,18,29404.428861,0,0,1,0,0
328.93954,1,29404.807727,0,0,0,0,1
328.800053,1,29405.189691,0,0,0,0,1
-79.105195,2,29407.081873,0,0,1,0,0
315.319186,41,29428.789406,0,0,1,0,0
328.931002,1,29429.100904,0,0,0,0,1
889.399584,37,29444.493215,0,0,1,0,0
-122.315846,7,29447.083729,0,0,1,0,0
-126.362185,5,29449.733498,0,0,1,0,0
328.931002,1,29450.04056,0,0,0,0,1
574.641168,26,29459.123895,1,0,0,0,0
383.220544,18,29463.657456,0,0,1,0,0
328.90969,1,29464.074702,0,0,1,0,0
37.170721,10,29467.358632,0,0,1,0,0
328.826743,1,29467.659291,0,0,0,0,1
337.931001,1,29468.033946,0,0,0,0,1
1259.987412,54,29481.993344,0,0,1,0,0
160.124104,11,29484.45814,0,0,1,0,0
328.800053,1,29484.79817,0,0,0,0,1
454.333561,21,29490.092043,0,0,1,0,0
328.99729,1,29490.497957,0,0,0,0,1
127.415507,12,29493.704674,0,0,1,0,0
-30.195776,7,29495.465987,0,0,1,0,0
851.171247,37,29516.045967,0,0,1,0,0
1202.344018,46,29578.161222,0,0,1,0,0
328.82862,1,29578.573146,0,0,0,0,1
95.673988,12,29581.916828,0,0,1,0,0
337.93954,1,29582.367885,0,0,0,0,1
166.950343,15,29585.629486,0,0,1,0,0
337.968284,1,29585.971523,0,0,0,0,1
328.846564,1,29586.376584,0,0,1,0,0
328.938687,1,29586.73301,0,0,0,0,1
-157.721585,4,29591.096894,0,0,1,0,0
328.991637,1,29591.465549,0,0,0,0,1
328.846564,1,29591.790665,0,0,1,0,0
174.244491,10,29600.656182,0,0,1,0,0
-120.0653,1,29601.186731,0,0,1,0,0
328.831123,1,29601.613802,0,0,0,0,1
879.494698,37,29608.862427,1,0,0,0,0
397.067313,17,29627.636863,0,0,1,0,0
337.881734,1,29628.07242,0,0,1,0,0
337.931001,1,29628.415968,0,0,0,0,1
-188.764995,5,29630.606738,0,0,1,0,0
1140.757489,52,29642.984399,1,0,0,0,0
117.670714,8,29649.501022,0,0,1,0,0
773.132684,48,29664.919574,0,0,1,0,0
337.863408,1,29665.309787,0,0,0,0,1
412.561894,37,29684.756382,0,0,1,0,0
337.863409,1,29685.054712,0,0,0,0,1
-151.800564,7,29689.344296,0,0,1,0,0
427.683033,21,29694.487023,0,0,1,0,0
480.076599,30,29703.281575,1,0,0,0,0
-72.123484,7,29708.259768,0,0,1,0,0
75.429035,7,29717.319315,0,0,1,0,0
328.968284,1,29717.700552,0,0,0,0,1
-215.534865,6,29720.252496,0,0,1,0,0
330.311198,18,29725.151487,0,0,1,0,0
797.455803,41,29735.470349,0,0,1,0,0
259.35754,13,29739.917865,0,0,1,0,0
914.360444,47,29756.740701,0,0,1,0,0
337.826742,1,29757.141437,0,0,0,0,1
328.968284,1,29757.490251,0,0,0,0,1
220.85986,17,29761.096772,0,0,1,0,0
328.863408,1,29761.410694,0,0,0,0,1
576.152727,35,29767.118554,0,0,1,0,0
-35.990606,4,29768.084053,0,0,1,0,0
328.778864,1,29768.371911,0,0,0,0,1
505.430466,22,29773.263646,0,0,1,0,0
661.851818,38,29781.422096,0,0,1,0,0
-40.644588,7,29783.066887,0,0,1,0,0
794.397645,36,29799.139244,0,0,1,0,0
737.371533,13,29809.714569,0,0,0,0,1
624.707523,27,29818.542533,1,0,0,0,0
531.07333,25,29823.397738,0,0,1,0,0
328.931002,1,29823.772492,0,0,0,0,1
464.144622,22,29828.222746,0,0,1,0,0
1242.045544,51,29849.815748,0,0,1,0,0
328.93954,1,29850.20291,0,0,0,0,1
-132.738533,1,29850.857514,0,0,1,0,0
665.242839,33,29861.340485,0,0,1,0,0
328.93954,1,29861.674851,0,0,0,0,1
280.256464,17,29865.388546,0,0,1,0,0
337.881733,1,29865.855804,0,0,1,0,0
1222.391279,47,29882.888579,0,0,1,0,0
328.82862,1,29883.28926,0,0,0,0,1
-71.802867,7,29888.145903,0,0,1,0,0
340.260399,21,29891.241707,0,0,1,0,0
328.82862,1,29891.632871,0,0,0,0,1
-6.846413,8,29893.394331,0,0,1,0,0
-139.834806,5,29896.184585,1,0,0,0,0
1035.042552,45,29916.039045,1,0,0,0,0
337.881733,1,29916.555077,0,0,1,0,0
328.99729,1,29916.894866,0,0,0,0,1
-193.188428,9,29918.199098,0,0,1,0,0
328.881733,1,29918.549368,0,0,1,0,0
-72.03449,7,29923.36053,0,0,1,0,0
202.504872,15,29925.572186,1,0,0,0,0
-125.398016,5,29928.607323,0,0,1,0,0
-124.123692,3,29931.753935,0,0,1,0,0
337.888918,1,29932.05742,0,0,1,0,0
328.93954,1,29932.44704,0,0,0,0,1
328.888918,1,29932.801272,0,0,1,0,0
897.264641,42,29941.389446,0,0,1,0,0
-158.034737,4,29945.88803,0,0,1,0,0
-188.764995,5,29948.046779,0,0,1,0,0
328.800053,1,29948.353485,0,0,0,0,1
328.931002,1,29948.711176,0,0,0,0,1
423.456981,20,29952.548121,0,0,1,0,0
-147.367062,5,29956.160778,0,0,1,0,0
337.778863,1,29956.487537,0,0,0,0,1
337.931002,1,29956.860908,0,0,0,0,1
583.675732,26,29967.622527,0,0,1,0,0
328.826743,1,29967.994698,0,0,0,0,1
850.596419,36,29974.029768,0,0,1,0,0
-133.44817,4,29977.307118,0,0,1,0,0
328.909529,1,29977.629748,0,0,0,0,1
-126.996194,3,29979.04385,1,0,0,0,0
328.93954,1,29979.353113,0,0,0,0,1
166.597488,14,29981.958745,0,0,1,0,0
328.778864,1,29982.339312,0,0,0,0,1
149.38468,13,29985.111314,0,0,1,0,0
337.931002,1,29985.466922,0,0,0,0,1
-199.173354,5,29986.249329,0,0,1,0,0
328.93954,1,29986.563745,0,0,0,0,1
328.93954,1,29986.962111,0,0,0,0,1
710.08288,12,29997.63844,0,0,0,0,1
337.93954,1,29997.983106,0,0,0,0,1
-193.695831,9,29999.177299,0,0,1,0,0
328.80893,1,29999.436451,0,0,0,0,1
337.826743,1,29999.786044,0,0,0,0,1
337.800054,1,30000.134815,0,0,0,0,1
337.888918,1,30000.491458,0,0,1,0,0
328.82862,1,30000.851089,0,0,0,0,1
928.801909,42,30022.053484,0,0,1,0,0
610.623086,36,30029.487779,0,0,1,0,0
328.826743,1,30029.871079,0,0,0,0,1
321.129458,1,30030.330472,0,0,1,0,0
95.748129,12,30033.795713,0,0,1,0,0
328.826743,1,30034.25104,0,0,0,0,1
834.717045,38,30047.56583,0,0,1,0,0
328.859287,1,30047.887618,1,0,0,0,0
337.997289,1,30048.264946,0,0,0,0,1
-124.011808,1,30048.746446,0,0,1,0,0
318.464238,16,30051.697415,0,0,1,0,0
443.165338,20,30058.210323,0,0,1,0,0
337.800055,1,30058.644071,0,0,0,0,1
633.697124,31,30064.950935,0,0,1,0,0
-190.400018,5,30067.194846,0,0,1,0,0
-99.122346,2,30067.721249,0,0,1,0,0
337.888919,1,30068.063744,0,0,1,0,0
337.938688,1,30068.465952,0,0,0,0,1
1054.295166,44,30088.614937,0,0,1,0,0
328.863408,1,30088.979194,0,0,0,0,1
651.003609,36,30095.422545,0,0,1,0,0
1720.61384,71,30112.83773,0,0,1,0,0
328.881733,1,30113.348248,0,0,1,0,0
328.99729,1,30113.659447,0,0,0,0,1
328.859286,1,30114.053095,1,0,0,0,0
598.199457,22,30123.118514,0,0,1,0,0
-124.011808,1,30123.575292,0,0,1,0,0
-127.017623,3,30124.949934,1,0,0,0,0
328.93954,1,30125.332761,0,0,0,0,1
165.757878,15,30128.245995,0,0,1,0,0
1906.992247,67,30202.112525,0,0,0,0,1
932.784077,41,30213.917887,0,0,1,0,0
761.571562,47,30224.735137,1,0,0,0,0
52.288398,32,30243.868407,0,0,1,0,0
328.826743,1,30244.209735,0,0,0,0,1
-140.999267,1,30247.254738,1,0,0,0,0
-76.559346,4,30248.262761,0,0,1,0,0
337.99729,1,30248.581162,0,0,0,0,1
328.93954,1,30248.948546,0,0,0,0,1
1720.52316,71,30307.35553,0,0,1,0,0
-88.101387,2,30309.254065,0,0,1,0,0
881.564234,40,30335.278032,0,0,1,0,0
65.557136,11,30338.722372,0,0,1,0,0
-9.626156,8,30339.799323,0,0,1,0,0
328.93954,1,30340.152226,0,0,0,0,1
-189.982347,5,30342.434181,0,0,1,0,0
328.859287,1,30342.771812,1,0,0,0,0
337.828619,1,30343.169716,0,0,0,0,1
48.065552,10,30346.580862,0,0,1,0,0
328.873836,1,30347.03584,0,0,0,0,1
102.366128,15,30349.646119,0,0,1,0,0
321.129458,1,30350.11812,0,0,1,0,0
722.44467,37,30359.862971,0,0,1,0,0
328.846564,1,30360.288709,0,0,1,0,0
328.881733,1,30360.701959,0,0,1,0,0
328.881733,1,30361.084778,0,0,1,0,0
99.041678,9,30363.099078,0,0,1,0,0
-132.922976,1,30365.106166,0,0,1,0,0
-199.603445,5,30365.866584,0,0,1,0,0
587.011171,36,30392.415511,0,0,1,0,0
337.881735,1,30392.794271,0,0,1,0,0
939.261738,42,30413.409361,0,0,1,0,0
1348.779226,61,30427.331541,0,0,1,0,0
86.680014,14,30436.181609,0,0,1,0,0
328.846564,1,30436.592364,0,0,1,0,0
632.481687,24,30441.393795,0,0,1,0,0
-245.571646,12,30443.199922,0,0,1,0,0
-124.087411,3,30446.374986,0,0,1,0,0
118.552866,13,30449.306028,0,0,1,0,0
182.660804,12,30451.5217,0,0,1,0,0
340.260399,21,30454.622892,0,0,1,0,0
299.833795,15,30471.247555,0,0,1,0,0
328.852829,1,30471.464144,0,0,1,0,0
104.379999,9,30474.150338,0,0,1,0,0
328.888918,1,30474.535702,0,0,1,0,0
328.920203,1,30475.024573,0,0,0,0,1
424.47108,21,30482.13761,1,0,0,0,0
595.116323,29,30487.81915,0,0,1,0,0
-140.869833,5,30490.535472,1,0,0,0,0
762.20159,31,30510.053814,0,0,1,0,0
328.863408,1,30510.439991,0,0,0,0,1
328.800053,1,30510.81671,0,0,0,0,1
337.778863,1,30511.176225,0,0,0,0,1
-124.011808,1,30511.605548,0,0,1,0,0
-3.049025,8,30513.423399,0,0,1,0,0
-129.389537,4,30516.543265,0,0,1,0,0
201.676746,12,30525.827446,0,0,1,0,0
328.99729,1,30526.2275,0,0,0,0,1
124.825804,10,30528.432819,0,0,1,0,0
328.93954,1,30528.820535,0,0,0,0,1
328.846564,1,30529.207354,0,0,1,0,0
84.977169,12,30532.742295,0,0,1,0,0
-124.011808,1,30533.207911,0,0,1,0,0
337.82862,1,30533.494985,0,0,0,0,1
328.800053,1,30533.849575,0,0,0,0,1
-151.800564,7,30537.915856,0,0,1,0,0
337.800053,1,30538.256417,0,0,0,0,1
621.518761,30,30547.596425,0,0,1,0,0
328.859287,1,30548.0426,1,0,0,0,0
696.115988,27,30560.848486,0,0,1,0,0
-201.436849,5,30561.739757,0,0,1,0,0
321.129458,1,30562.167446,0,0,1,0,0
328.93954,1,30562.502811,0,0,0,0,1
221.961536,14,30569.588688,0,0,1,0,0
202.504872,15,30571.906044,1,0,0,0,0
676.678358,29,30578.02253,1,0,0,0,0
328.931002,1,30578.366487,0,0,0,0,1
411.933466,20,30586.860509,0,0,1,0,0
453.8113,26,30595.901057,0,0,1,0,0
337.800052,1,30596.200651,0,0,0,0,1
328.931002,1,30603.034586,0,0,0,0,1
1053.627907,43,30618.072134,0,0,1,0,0
337.778863,1,30618.498945,0,0,0,0,1
328.931002,1,30618.884318,0,0,0,0,1
375.747459,18,30624.680679,0,0,1,0,0
328.82862,1,30625.125499,0,0,0,0,1
328.846564,1,30625.498536,0,0,1,0,0
303.523506,18,30628.799489,0,0,1,0,0
399.379397,16,30641.942806,0,0,1,0,0
-199.156293,5,30642.691798,0,0,1,0,0
870.169714,40,30655.22754,0,0,1,0,0
337.778865,1,30655.546017,0,0,0,0,1
640.054136,10,30657.713955,0,0,0,0,1
740.829267,32,30668.215235,1,0,0,0,0
641.623677,35,30683.646576,1,0,0,0,0
54.126564,10,30685.326459,0,0,1,0,0
-9.00921,8,30686.537098,0,0,1,0,0
1448.676599,63,30714.475389,0,0,1,0,0
337.93954,1,30714.783182,0,0,0,0,1
337.82862,1,30715.165984,0,0,0,0,1
328.931002,1,30715.563329,0,0,0,0,1
321.129458,1,30716.02339,0,0,1,0,0
-126.388102,1,30716.368221,0,0,1,0,0
321.129458,1,30716.815935,0,0,1,0,0
337.931002,1,30717.174218,0,0,0,0,1
328.93954,1,30717.560748,0,0,0,0,1
328.97759,1,30718.093372,0,0,0,0,1
328.800053,1,30718.47423,0,0,0,0,1
328.826743,1,30718.817472,0,0,0,0,1
-126.489354,5,30721.604689,0,0,1,0,0
-122.103929,6,30723.023093,0,0,1,0,0
1048.916179,43,31102.318583,0,0,1,0,0
328.931002,1,31102.641044,0,0,0,0,1
328.931002,1,31102.986868,0,0,0,0,1
337.778863,1,31103.354023,0,0,0,0,1
-44.842087,4,31104.400811,0,0,1,0,0
328.826743,1,31104.695589,0,0,0,0,1
-147.324383,6,31108.282349,0,0,1,0,0
-206.412167,5,31110.781918,0,0,1,0,0
328.826743,1,31111.0831,0,0,0,0,1
372.343631,20,31122.85593,0,0,1,0,0
1647.506725,73,31160.905477,0,0,1,0,0
-58.549512,4,31161.766058,0,0,1,0,0
1000.666487,43,31176.982912,0,0,1,0,0
-99.092757,2,31177.636031,0,0,1,0,0
321.129458,1,31178.07316,0,0,1,0,0
-129.163894,45,31183.518488,0,0,1,0,0
337.800053,1,31183.836024,0,0,0,0,1
169.785642,9,31190.18708,0,0,1,0,0
840.264367,37,31197.613225,0,0,1,0,0
1476.429609,58,31214.380521,0,0,1,0,0
215.309972,15,31217.593226,0,0,1,0,0
-130.69383,4,31220.837251,0,0,1,0,0
634.614265,36,31233.043861,0,0,1,0,0
328.846564,1,31233.418943,0,0,1,0,0
337.778865,1,31233.784837,0,0,0,0,1
1278.704568,50,31250.404803,0,0,1,0,0
328.931002,1,31250.812718,0,0,0,0,1
548.397323,31,31259.222102,0,0,1,0,0
328.859287,1,31259.613987,1,0,0,0,0
328.863408,1,31259.98121,0,0,0,0,1
337.997289,1,31260.374455,0,0,0,0,1
-108.122235,2,31260.993232,0,0,1,0,0
573.559681,24,31265.352436,0,0,1,0,0
328.90969,1,31265.827124,0,0,1,0,0
-132.922976,1,31267.903949,0,0,1,0,0
328.90969,1,31268.294981,0,0,1,0,0
337.800053,1,31268.642748,0,0,0,0,1
328.931002,1,31269.036656,0,0,0,0,1
579.802081,34,31274.076983,0,0,1,0,0
-99.119268,2,31274.65251,0,0,1,0,0
328.859287,1,31274.97604,1,0,0,0,0
328.82862,1,31275.331357,0,0,0,0,1
649.104156,10,31283.965624,0,0,0,0,1
-108.16604,2,31284.481159,1,0,0,0,0
337.826742,1,31284.894312,0,0,0,0,1
337.80893,1,31285.293652,0,0,0,0,1
978.974998,41,31300.685084,0,0,1,0,0
-129.071402,1,31301.267903,0,0,1,0,0
337.863408,1,31301.648294,0,0,0,0,1
-108.16604,2,31302.143059,1,0,0,0,0
-126.387655,1,31302.573786,0,0,1,0,0
39.244096,10,31306.139732,0,0,1,0,0
330.129458,1,31306.630256,0,0,1,0,0
578.916286,21,31326.254666,0,0,1,0,0
328.778864,1,31326.624271,0,0,0,0,1
337.881733,1,31327.037953,0,0,1,0,0
328.826743,1,31327.343823,0,0,0,0,1
268.44029,15,31335.099616,0,0,1,0,0
328.93954,1,31335.418364,0,0,0,0,1
321.129458,1,31335.934958,0,0,1,0,0
88.459295,16,31347.88711,0,0,1,0,0
337.800053,1,31348.197615,0,0,0,0,1
-132.926859,1,31350.334823,0,0,1,0,0
465.946353,19,31362.191868,0,0,1,0,0
715.223757,34,31367.808347,0,0,1,0,0
328.99729,1,31368.108605,0,0,0,0,1
-199.412561,5,31368.948303,0,0,1,0,0
-132.914389,1,31370.886574,0,0,1,0,0
1129.983125,45,31389.273909,0,0,1,0,0
632.47767,28,31405.561761,0,0,1,0,0
521.884248,35,31412.824889,0,0,1,0,0
328.920203,1,31413.312958,0,0,0,0,1
328.778864,1,31413.651411,0,0,0,0,1
283.231479,13,31419.208931,0,0,1,0,0
737.584012,13,31429.649165,0,0,0,0,1
13.626241,9,31437.210841,0,0,1,0,0
291.667163,16,31440.395395,0,0,1,0,0
1420.66449,54,31451.704378,0,0,1,0,0
337.968285,1,31452.037859,0,0,0,0,1
328.979336,1,31452.583186,0,0,0,0,1
328.778864,1,31452.973961,0,0,0,0,1
-70.468257,7,31458.018841,0,0,1,0,0
337.808929,1,31458.360353,0,0,0,0,1
883.682445,35,31468.230992,0,0,1,0,0
325.457741,18,31471.63225,0,0,1,0,0
328.93954,1,31472.030982,0,0,0,0,1
321.129458,1,31472.54504,0,0,1,0,0
337.931004,1,31472.888605,0,0,0,0,1
752.719439,29,31482.542005,0,0,1,0,0
328.863408,1,31482.965845,0,0,0,0,1
328.99729,1,31483.362253,0,0,0,0,1
328.93954,1,31483.815816,0,0,0,0,1
328.863408,1,31484.192816,0,0,0,0,1
291.344785,14,31491.27083,0,0,1,0,0
-132.923744,1,31493.236421,0,0,1,0,0
-107.972963,2,31493.667253,1,0,0,0,0
337.778864,1,31494.129369,0,0,0,0,1
321.129458,1,31494.601253,0,0,1,0,0
-140.999267,1,31497.439623,1,0,0,0,0
328.800053,1,31497.803121,0,0,0,0,1
45.810405,10,31498.881725,0,0,1,0,0
337.863407,1,31499.171794,0,0,0,0,1
623.133123,14,31502.567742,0,0,0,0,1
584.550025,25,31516.31544,1,0,0,0,0
328.93954,1,31516.714366,0,0,0,0,1
337.800055,1,31517.177238,0,0,0,0,1
1211.21162,56,31527.556535,0,0,1,0,0
328.93954,1,31527.930013,0,0,0,0,1
328.968284,1,31528.304046,0,0,0,0,1
259.254665,15,31879.798873,0,0,1,0,0
328.826743,1,31880.129073,0,0,0,0,1
633.793764,10,31892.190424,0,0,0,0,1
245.630728,13,31894.742934,1,0,0,0,0
330.129458,1,31895.234471,0,0,1,0,0
1118.353585,48,31911.57616,0,0,1,0,0
337.800052,1,31911.981703,0,0,0,0,1
699.050901,34,31924.604643,1,0,0,0,0
337.826743,1,31925.027274,0,0,0,0,1
246.205879,13,31969.823309,0,0,1,0,0
657.962975,30,31974.90343,0,0,1,0,0
380.070896,18,31980.988073,0,0,1,0,0
328.778864,1,31981.265051,0,0,0,0,1
402.32808,16,31993.790415,0,0,1,0,0
-90.102962,2,31994.254308,0,0,1,0,0
328.800053,1,31994.596066,0,0,0,0,1
328.846564,1,31994.922717,0,0,1,0,0
-153.381049,6,31998.348304,0,0,1,0,0
539.444682,27,32002.448058,0,0,1,0,0
124.386299,10,32004.684563,0,0,1,0,0
328.931002,1,32004.99926,0,0,0,0,1
328.863408,1,32005.330077,0,0,0,0,1
328.931002,1,32005.698274,0,0,0,0,1
-121.752662,7,32008.392196,0,0,1,0,0
337.968283,1,32008.655226,0,0,0,0,1
-119.490737,7,32011.264846,0,0,1,0,0
328.863408,1,32011.583424,0,0,0,0,1
599.882138,31,32024.687309,0,0,1,0,0
337.93954,1,32025.04645,0,0,0,0,1
328.826743,1,32025.390426,0,0,0,0,1
337.968284,1,32025.777783,0,0,0,0,1
328.931002,1,32026.202296,0,0,0,0,1
328.800053,1,32026.563168,0,0,0,0,1
328.93954,1,32026.959821,0,0,0,0,1
740.122616,38,32036.505364,0,0,1,0,0
490.534847,24,32041.158412,0,0,1,0,0
328.82862,1,32041.567205,0,0,0,0,1
632.254311,26,32051.432834,0,0,1,0,0
1381.056014,56,32078.319671,0,0,1,0,0
-21.154748,7,32080.060497,0,0,1,0,0
-150.302564,6,32083.737252,0,0,1,0,0
328.931002,1,32084.041585,0,0,0,0,1
-126.999021,3,32086.448105,0,0,1,0,0
119.822324,15,32088.896505,0,0,1,0,0
328.888918,1,32089.249616,0,0,1,0,0
-123.738801,1,32089.930622,0,0,1,0,0
337.826742,1,32090.399512,0,0,0,0,1
328.82862,1,32090.816238,0,0,0,0,1
328.99729,1,32091.19434,0,0,0,0,1
945.168599,45,32102.796434,0,0,1,0,0
221.145102,13,32127.27451,0,0,1,0,0
337.938687,1,32127.583996,0,0,0,0,1
238.727904,17,32130.910388,0,0,1,0,0
328.93954,1,32131.27316,0,0,0,0,1
337.863408,1,32131.670815,0,0,0,0,1
328.93954,1,32132.035924,0,0,0,0,1
478.076323,22,32140.658376,0,0,1,0,0
324.472203,15,32155.559117,0,0,1,0,0
-121.139083,7,32158.192972,0,0,1,0,0
460.661646,23,32164.518344,1,0,0,0,0
-6.846413,8,32166.296101,0,0,1,0,0
328.778864,1,32166.716531,0,0,0,0,1
-206.565173,5,32175.431441,0,0,1,0,0
674.234823,30,32181.331838,0,0,1,0,0
328.99729,1,32181.710766,0,0,0,0,1
328.90969,1,32182.199437,0,0,1,0,0
337.93954,1,32182.57745,0,0,0,0,1
337.778865,1,32183.003868,0,0,0,0,1
-229.247305,14,32184.698723,0,0,1,0,0
633.923703,27,32193.634336,0,0,1,0,0
202.504872,15,32196.022326,1,0,0,0,0
328.920203,1,32196.471093,0,0,0,0,1
328.93954,1,32196.857256,0,0,0,0,1
328.946533,1,32197.356948,0,0,0,0,1
674.45034,30,32206.299104,0,0,1,0,0
321.129458,1,32206.708208,0,0,1,0,0
917.336326,45,32218.708147,0,0,1,0,0
328.831123,1,32219.084746,0,0,0,0,1
704.901728,31,32235.124523,1,0,0,0,0
328.863408,1,32235.465575,0,0,0,0,1
328.778864,1,32235.894826,0,0,0,0,1
-119.362425,7,32238.567591,0,0,1,0,0
1478.611657,59,32254.326123,0,0,1,0,0
-128.656931,4,32257.510392,0,0,1,0,0
-6.846413,8,32259.351883,0,0,1,0,0
328.991637,1,32259.867736,0,0,0,0,1
328.800053,1,32260.177482,0,0,0,0,1
-0.361095,8,32261.05136,0,0,1,0,0
328.931002,1,32261.342717,0,0,0,0,1
328.852829,1,32261.631743,0,0,1,0,0
328.909529,1,32261.997779,0,0,0,0,1
297.436688,15,32264.715517,0,0,1,0,0
-141.012305,1,32267.681066,1,0,0,0,0
136.939898,10,32270.504885,0,0,1,0,0
-108.16604,2,32271.10816,1,0,0,0,0
84.898751,14,32273.393226,0,0,1,0,0
337.800053,1,32273.85917,0,0,0,0,1
309.693521,17,32277.316442,0,0,1,0,0
531.449138,21,32285.277052,0,0,1,0,0
449.762123,22,32294.098969,0,0,1,0,0
263.713113,14,32296.705945,1,0,0,0,0
629.283021,32,32304.176627,0,0,1,0,0
328.778864,1,32304.642501,0,0,0,0,1
850.962496,35,32338.747997,0,0,1,0,0
321.129458,1,32339.143001,0,0,1,0,0
328.800053,1,32339.460714,0,0,0,0,1
328.991637,1,32339.90882,0,0,0,0,1
1513.502658,59,32348.452857,0,0,1,0,0
201.942825,13,32362.831114,0,0,1,0,0
328.99729,1,32363.153876,0,0,0,0,1
425.850382,24,32366.651267,0,0,1,0,0
521.214445,21,32390.604814,0,0,1,0,0
557.915658,23,32394.923937,0,0,1,0,0
-153.486783,3,32399.184101,0,0,1,0,0
328.93954,1,32399.512644,0,0,0,0,1
543.184658,25,32406.469419,1,0,0,0,0
337.99729,1,32406.818844,0,0,0,0,1
4.161224,9,32410.344561,0,0,1,0,0
-242.112176,15,32416.975672,0,0,1,0,0
-13.615819,8,32419.845713,0,0,1,0,0
-125.347192,5,32422.59206,0,0,1,0,0
-6.846413,8,32424.257866,0,0,1,0,0
777.785078,40,32431.797093,0,0,1,0,0
-228.78518,14,32433.382678,0,0,1,0,0
337.881733,1,32433.757194,0,0,1,0,0
328.99729,1,32434.068851,0,0,0,0,1
337.939541,1,32434.464341,0,0,0,0,1
328.778864,1,32434.889827,0,0,0,0,1
328.909529,1,32435.257935,0,0,0,0,1
-140.152722,5,32438.12749,1,0,0,0,0
328.826743,1,32438.48015,0,0,0,0,1
493.524477,24,32446.414068,1,0,0,0,0
246.593203,14,32454.867022,0,0,1,0,0
383.188862,20,32466.38099,0,0,1,0,0
328.826743,1,32466.754835,0,0,0,0,1
-6.846413,8,32468.451747,0,0,1,0,0
87.534523,14,32470.815481,0,0,1,0,0
337.93954,1,32471.242165,0,0,0,0,1
1635.870268,69,32491.596606,0,0,1,0,0
328.974066,1,32491.9722,0,0,0,0,1
471.522529,25,32497.980837,1,0,0,0,0
859.296822,39,32510.064813,0,0,1,0,0
328.93954,1,32510.431456,0,0,0,0,1
328.778864,1,32510.829075,0,0,0,0,1
583.268177,25,32522.036366,0,0,1,0,0
328.778864,1,32522.353786,0,0,0,0,1
741.013521,28,32532.970596,0,0,1,0,0
163.27454,11,32536.139912,0,0,1,0,0
759.186819,36,32550.211592,0,0,1,0,0
267.904167,13,32564.43028,0,0,1,0,0
245.749008,12,32578.167614,0,0,1,0,0
890.859799,35,32608.719813,0,0,1,0,0
-42.18719,7,32610.262911,0,0,1,0,0
328.82862,1,32610.635824,0,0,0,0,1
282.672273,21,32621.022933,0,0,1,0,0
13.508715,9,32622.24685,0,0,1,0,0
321.129458,1,32622.729228,0,0,1,0,0
2005.37294,85,32640.828206,0,0,1,0,0
111.438953,13,32643.378413,0,0,1,0,0
328.826743,1,32643.728262,0,0,0,0,1
-107.955952,2,32644.150382,1,0,0,0,0
204.478907,13,32990.498222,0,0,1,0,0
114.884171,13,32993.03347,0,0,1,0,0
321.129458,1,32993.487735,0,0,1,0,0
328.863408,1,32993.792818,0,0,0,0,1
328.800053,1,32994.164125,0,0,0,0,1
328.931002,1,32994.532207,0,0,0,0,1
328.93954,1,32994.885129,0,0,0,0,1
328.800053,1,32995.250937,0,0,0,0,1
328.931002,1,32995.632907,0,0,0,0,1
328.968284,1,32996.024023,0,0,0,0,1
-126.38827,1,32996.510737,0,0,1,0,0
-129.191255,4,32999.701845,0,0,1,0,0
328.93954,1,33000.014596,0,0,0,0,1
253.842172,14,33004.424956,0,0,1,0,0
337.938687,1,33004.855656,0,0,0,0,1
615.75233,28,33009.997205,0,0,1,0,0
-115.362118,2,33010.446773,0,0,1,0,0
328.800053,1,33010.756301,0,0,0,0,1
202.504872,15,33012.907129,1,0,0,0,0
630.049602,36,33020.970004,0,0,1,0,0
79.594595,11,33022.803175,0,0,1,0,0
337.931,1,33023.177579,0,0,0,0,1
328.93954,1,33023.566354,0,0,0,0,1
328.931002,1,33023.958953,0,0,0,0,1
328.800053,1,33024.307554,0,0,0,0,1
337.778864,1,33031.160103,0,0,0,0,1
328.931002,1,33031.56241,0,0,0,0,1
74.654073,11,33034.701507,0,0,1,0,0
868.720786,36,33047.051158,0,0,1,0,0
328.778864,1,33047.554948,0,0,0,0,1
744.171043,32,33060.643968,0,0,1,0,0
-127.166518,3,33062.142163,1,0,0,0,0
328.93954,1,33062.462125,0,0,0,0,1
337.778864,1,33062.873766,0,0,0,0,1
337.778864,1,33063.321503,0,0,0,0,1
328.90969,1,33063.77432,0,0,1,0,0
328.881733,1,33064.173221,0,0,1,0,0
328.846564,1,33064.471098,0,0,1,0,0
675.597841,30,33079.297095,0,0,1,0,0
337.939541,1,33079.731713,0,0,0,0,1
337.828619,1,33080.105358,0,0,0,0,1
328.773494,1,33080.555281,0,0,1,0,0
337.939541,1,33080.868326,0,0,0,0,1
-129.312562,4,33083.881786,0,0,1,0,0
-154.365845,6,33087.277949,0,0,1,0,0
229.799024,18,33101.62967,0,0,1,0,0
538.749707,25,33105.123988,0,0,1,0,0
328.863408,1,33105.38968,0,0,0,0,1
328.852829,1,33105.674163,0,0,1,0,0
328.863408,1,33106.023915,0,0,0,0,1
501.839091,23,33112.624927,0,0,1,0,0
328.778864,1,33119.539866,0,0,0,0,1
337.778865,1,33119.963357,0,0,0,0,1
151.76621,9,33124.349314,0,0,1,0,0
328.888918,1,33124.699274,0,0,1,0,0
337.826744,1,33125.138059,0,0,0,0,1
328.93954,1,33125.524934,0,0,0,0,1
-126.843133,3,33127.820324,0,0,1,0,0
981.563123,42,33137.169165,0,0,1,0,0
337.99729,1,33137.553692,0,0,0,0,1
393.577929,19,33141.295377,0,0,1,0,0
328.859287,1,33141.656121,1,0,0,0,0
328.859287,1,33142.032943,1,0,0,0,0
-126.335026,5,33144.782941,0,0,1,0,0
330.129458,1,33145.14644,0,0,1,0,0
328.931002,1,33145.481721,0,0,0,0,1
-193.496637,9,33146.737602,0,0,1,0,0
328.863408,1,33147.040408,0,0,0,0,1
328.931002,1,33147.422174,0,0,0,0,1
328.800053,1,33147.787159,0,0,0,0,1
-115.270301,2,33148.41201,0,0,1,0,0
1334.488142,58,33165.223961,1,0,0,0,0
-129.071402,1,33165.71133,0,0,1,0,0
-142.554391,14,33167.690878,0,0,1,0,0
683.082919,12,33170.611682,0,0,0,0,1
-140.999267,1,33173.584569,1,0,0,0,0
328.846564,1,33173.899975,0,0,1,0,0
328.931002,1,33174.262914,0,0,0,0,1
735.262237,33,33194.815438,1,0,0,0,0
784.161653,32,33227.656048,0,0,1,0,0
795.041383,33,33262.45561,0,0,1,0,0
-117.324646,5,33265.129932,0,0,1,0,0
148.120071,9,33274.709893,0,0,1,0,0
453.093607,20,33286.68435,0,0,1,0,0
337.831123,1,33287.083059,0,0,0,0,1
65.551567,13,33289.329082,0,0,1,0,0
1096.11141,45,33309.72702,1,0,0,0,0
337.888918,1,33310.104175,0,0,1,0,0
328.968284,1,33310.516368,0,0,0,0,1
1044.366372,46,33344.236554,0,0,1,0,0
11.254666,9,33347.238599,0,0,1,0,0
328.968284,1,33347.610518,0,0,0,0,1
337.826743,1,33348.01219,0,0,0,0,1
24.231147,9,33349.02021,0,0,1,0,0
269.125314,13,33359.468965,0,0,1,0,0
745.59872,31,33367.46817,0,0,1,0,0
-188.199141,5,33369.728082,0,0,1,0,0
328.931002,1,33370.023901,0,0,0,0,1
877.132945,19,33373.854945,0,0,0,0,1
118.336311,12,33376.770901,0,0,1,0,0
328.778864,1,33377.18215,0,0,0,0,1
-149.256348,5,33380.902495,0,0,1,0,0
65.100089,14,33383.394796,0,0,1,0,0
202.504872,15,33392.35213,1,0,0,0,0
178.206665,10,33405.627723,0,0,1,0,0
785.906418,38,33414.235065,0,0,1,0,0
328.846564,1,33414.576351,0,0,1,0,0
-137.836692,5,33416.38965,0,0,1,0,0
328.931002,1,33416.665111,0,0,0,0,1
328.881733,1,33417.056449,0,0,1,0,0
-198.164929,8,33417.918024,0,0,1,0,0
328.99729,1,33418.19772,0,0,0,0,1
613.294307,10,33420.401986,0,0,0,0,1
110.044496,10,33425.654779,0,0,1,0,0
328.863408,1,33425.971478,0,0,0,0,1
793.225251,34,33446.743143,1,0,0,0,0
328.931002,1,33447.072162,0,0,0,0,1
834.434736,39,33456.023285,0,0,1,0,0
-138.357512,5,33458.151765,0,0,1,0,0
708.626864,32,33491.005476,0,0,1,0,0
337.93954,1,33491.354797,0,0,0,0,1
-115.362118,2,33491.904537,0,0,1,0,0
328.93954,1,33492.237187,0,0,0,0,1
-129.312562,4,33495.326191,0,0,1,0,0
202.504872,15,33497.617919,1,0,0,0,0
-225.425862,13,33505.641981,0,0,1,0,0
328.873836,1,33506.013181,0,0,0,0,1
328.99729,1,33506.363297,0,0,0,0,1
138.758368,11,33508.656085,0,0,1,0,0
529.017098,23,33514.559889,0,0,1,0,0
328.846564,1,33514.987124,0,0,1,0,0
651.84901,29,33527.389602,0,0,1,0,0
507.818282,26,33533.034559,0,0,1,0,0
337.800053,1,33533.432672,0,0,0,0,1
7.15468,9,33536.411954,0,0,1,0,0
328.859287,1,33536.780705,1,0,0,0,0
249.489341,15,33888.943932,0,0,1,0,0
328.846564,1,33889.252642,0,0,1,0,0
286.216306,14,33897.45801,0,0,1,0,0
328.938687,1,33897.767541,0,0,0,0,1
596.805176,28,33902.612525,0,0,1,0,0
337.93954,1,33902.955304,0,0,0,0,1
337.931001,1,33903.308712,0,0,0,0,1
337.778864,1,33903.679378,0,0,0,0,1
321.129458,1,33904.21295,0,0,1,0,0
-108.122235,2,33904.78051,0,0,1,0,0
337.881734,1,33905.251044,0,0,1,0,0
483.563155,24,33911.686975,0,0,1,0,0
337.826743,1,33912.183305,0,0,0,0,1
328.99729,1,33912.550765,0,0,0,0,1
328.931002,1,33912.947583,0,0,0,0,1
328.852829,1,33913.266971,0,0,1,0,0
219.826336,11,33927.715133,0,0,1,0,0
1564.414299,74,33955.586239,0,0,1,0,0
212.554596,15,33959.739408,0,0,1,0,0
328.888918,1,33960.114664,0,0,1,0,0
65.352427,13,33962.202818,0,0,1,0,0
328.826743,1,33962.570987,0,0,0,0,1
818.856674,36,33969.156461,0,0,1,0,0
727.549122,28,33984.873406,0,0,1,0,0
337.939538,1,33985.24549,0,0,0,0,1
337.931002,1,33985.612371,0,0,0,0,1
328.859287,1,33985.973233,1,0,0,0,0
765.042972,41,33991.797097,0,0,1,0,0
337.82862,1,33992.117909,0,0,0,0,1
337.997288,1,33992.480315,0,0,0,0,1
337.778864,1,33992.869554,0,0,0,0,1
-132.922976,1,33994.850369,0,0,1,0,0
328.938687,1,33995.160597,0,0,0,0,1
337.881733,1,33995.588815,0,0,1,0,0
335.179825,20,33998.081388,0,0,1,0,0
337.939541,1,33998.486683,0,0,0,0,1
328.93954,1,33998.89661,0,0,0,0,1
328.881733,1,33999.410943,0,0,1,0,0
328.931002,1,33999.729537,0,0,0,0,1
328.991637,1,34000.155049,0,0,0,0,1
615.09337,28,34014.163105,1,0,0,0,0
328.859287,1,34014.446559,1,0,0,0,0
-130.00067,4,34017.532357,0,0,1,0,0
328.852829,1,34017.729281,0,0,1,0,0
-202.473764,5,34018.57435,0,0,1,0,0
328.93954,1,34018.945721,0,0,0,0,1
458.768437,21,34024.191232,1,0,0,0,0
328.99729,1,34024.587189,0,0,0,0,1
337.939541,1,34024.972197,0,0,0,0,1
207.08375,11,34038.444839,0,0,1,0,0
337.881735,1,34038.858966,0,0,1,0,0
480.883777,22,34046.087039,1,0,0,0,0
328.977188,1,34046.51014,0,0,0,0,1
328.800053,1,34046.865686,0,0,0,0,1
328.778864,1,34047.243544,0,0,0,0,1
1002.024835,42,34059.39243,0,0,1,0,0
328.93954,1,34059.788455,0,0,0,0,1
319.69528,15,34064.048705,0,0,1,0,0
337.931002,1,34064.469152,0,0,0,0,1
328.82862,1,34064.820583,0,0,0,0,1
-63.562336,7,34069.741916,0,0,1,0,0
298.683322,15,34079.142599,0,0,1,0,0
446.772269,22,34083.094628,0,0,1,0,0
440.559494,22,34088.518768,0,0,1,0,0
328.826743,1,34088.914388,0,0,0,0,1
328.826743,1,34089.302797,0,0,0,0,1
337.778864,1,34089.660546,0,0,0,0,1
334.222729,17,34096.387651,0,0,1,0,0
328.82862,1,34096.678203,0,0,0,0,1
337.778864,1,34097.046943,0,0,0,0,1
10.647994,13,34105.828703,0,0,1,0,0
-153.460905,3,34110.02303,0,0,1,0,0
156.535395,13,34113.520931,0,0,1,0,0
328.93954,1,34113.909955,0,0,0,0,1
328.931002,1,34114.291765,0,0,0,0,1
1.550953,9,34117.637411,0,0,1,0,0
328.93954,1,34117.975047,0,0,0,0,1
328.93954,1,34118.373789,0,0,0,0,1
-126.388102,1,34118.774237,0,0,1,0,0
328.826743,1,34119.132179,0,0,0,0,1
621.496056,10,34121.436016,0,0,0,0,1
321.129458,1,34121.921307,0,0,1,0,0
-188.742651,5,34124.072071,0,0,1,0,0
548.710666,32,34131.261665,0,0,1,0,0
35.745744,10,34135.349471,0,0,1,0,0
321.129458,1,34135.809497,0,0,1,0,0
589.009367,25,34141.957492,0,0,1,0,0
328.863408,1,34142.338558,0,0,0,0,1
337.991637,1,34142.756268,0,0,0,0,1
448.106837,20,34149.552456,0,0,1,0,0
328.881733,1,34150.070341,0,0,1,0,0
-129.312562,4,34153.155266,0,0,1,0,0
497.231724,25,34156.942696,0,0,1,0,0
321.129458,1,34157.28045,0,0,1,0,0
640.492261,33,34164.027798,0,0,1,0,0
328.800053,1,34170.746041,0,0,0,0,1
328.859287,1,34171.143301,1,0,0,0,0
654.789466,30,34180.024487,0,0,1,0,0
328.778864,1,34180.502319,0,0,0,0,1
328.826743,1,34180.884296,0,0,0,0,1
356.285776,21,34185.248687,0,0,1,0,0
337.826743,1,34185.59732,0,0,0,0,1
328.82862,1,34185.959095,0,0,0,0,1
1187.800881,51,34206.935098,0,0,1,0,0
-137.606449,5,34208.95567,0,0,1,0,0
337.939541,1,34209.29855,0,0,0,0,1
257.846298,15,34212.103464,0,0,1,0,0
328.888918,1,34212.422193,0,0,1,0,0
-129.057689,6,34215.542178,0,0,1,0,0
328.93954,1,34215.874716,0,0,0,0,1
328.881733,1,34216.376433,0,0,1,0,0
328.909529,1,34216.670342,0,0,0,0,1
150.070624,14,34219.766137,0,0,1,0,0
328.93954,1,34220.1681,0,0,0,0,1
337.800053,1,34220.565638,0,0,0,0,1
613.312117,10,34222.808293,0,0,0,0,1
328.826743,1,34223.184786,0,0,0,0,1
-124.45742,3,34226.504928,0,0,1,0,0
337.828618,1,34226.832492,0,0,0,0,1
328.931002,1,34227.20902,0,0,0,0,1
641.105111,29,34232.415892,0,0,1,0,0
141.752841,14,34235.541561,0,0,1,0,0
-115.362118,2,34236.011439,0,0,1,0,0
321.129458,1,34236.418066,0,0,1,0,0
234.866729,17,34239.473551,0,0,1,0,0
657.009977,11,34241.948497,0,0,0,0,1
-198.663258,8,34242.902055,0,0,1,0,0
-150.074914,6,34246.593339,0,0,1,0,0
-158.926833,4,34257.524251,0,0,1,0,0
483.744485,23,34263.208034,1,0,0,0,0
291.304011,14,34266.77921,0,0,1,0,0
182.110273,18,34269.442512,0,0,1,0,0
328.93954,1,34269.861192,0,0,0,0,1
567.064114,26,34276.214785,0,0,1,0,0
-14.274544,8,34279.783195,0,0,1,0,0
537.83966,45,34287.348618,0,0,1,0,0
353.516898,18,34297.654825,0,0,1,0,0
-141.433608,5,34300.348493,1,0,0,0,0
-125.731529,6,34303.460528,0,0,1,0,0
328.931002,1,34303.744737,0,0,0,0,1
362.293458,17,34309.325824,0,0,1,0,0
328.800053,1,34309.756654,0,0,0,0,1
633.783833,10,34321.779376,0,0,0,0,1
1169.817511,48,34356.473441,0,0,1,0,0
-126.358976,3,34358.745329,0,0,1,0,0
-141.091153,5,34361.346165,1,0,0,0,0
177.376079,14,34364.283126,0,0,1,0,0
337.778864,1,34364.698721,0,0,0,0,1
-139.223922,6,34367.360738,0,0,1,0,0
328.778864,1,34367.688223,0,0,0,0,1
-124.087411,3,34377.646341,0,0,1,0,0
328.826743,1,34377.9534,0,0,0,0,1
328.863408,1,34378.280498,0,0,0,0,1
-125.870864,5,34381.156033,0,0,1,0,0
-223.793572,12,34382.898353,0,0,1,0,0
231.457913,23,34387.181105,0,0,1,0,0
328.859287,1,34387.549136,1,0,0,0,0
337.931001,1,34387.920729,0,0,0,0,1
224.661675,16,34391.485756,0,0,1,0,0
428.852811,18,34410.563249,0,0,1,0,0
541.064612,25,34417.266561,0,0,1,0,0
956.286522,46,34427.503493,0,0,1,0,0
87.534523,14,34429.701365,0,0,1,0,0
747.688003,33,34449.037134,0,0,1,0,0
328.93954,1,34449.430467,0,0,0,0,1
543.133429,21,34458.840723,0,0,1,0,0
1065.37081,46,34476.308604,0,0,1,0,0
363.503449,18,34481.241161,0,0,1,0,0
500.707522,23,34485.819584,0,0,1,0,0
-132.909364,1,34487.702558,0,0,1,0,0
798.354677,35,34505.936075,0,0,1,0,0
796.901063,42,34516.389034,0,0,1,0,0
337.939541,1,34516.817659,0,0,0,0,1
-16.406375,6,34518.662137,0,0,1,0,0
1098.983715,51,34534.731582,1,0,0,0,0
328.947109,1,34541.735831,0,0,0,0,1
541.94238,25,34550.05637,0,0,1,0,0
337.968284,1,34550.50215,0,0,0,0,1
328.881733,1,34550.947645,0,0,1,0,0
77.814143,11,34552.839414,0,0,1,0,0
328.82862,1,34553.222334,0,0,0,0,1
379.663827,18,34571.011437,0,0,1,0,0
-141.026368,1,34573.984708,1,0,0,0,0
-72.842464,7,34578.965589,0,0,1,0,0
452.598718,31,34588.966834,0,0,1,0,0
337.82862,1,34589.300765,0,0,0,0,1
-188.456054,5,34591.410521,0,0,1,0,0
264.695073,12,34601.830063,0,0,1,0,0
328.931002,1,34602.194511,0,0,0,0,1
-123.238994,7,34605.026695,0,0,1,0,0
889.96145,35,34638.927105,0,0,1,0,0
1.483019,9,34642.271991,0,0,1,0,0
428.880038,20,34664.366954,0,0,1,0,0
328.881733,1,34664.756151,0,0,1,0,0
631.250776,10,34667.103795,0,0,0,0,1
328.778864,1,34667.493269,0,0,0,0,1
369.983075,18,34672.943707,0,0,1,0,0
-153.517126,3,34677.356921,0,0,1,0,0
328.800053,1,34677.675321,0,0,0,0,1
378.918969,19,34688.770147,0,0,1,0,0
328.881733,1,34689.116386,0,0,1,0,0
337.99729,1,34689.433966,0,0,0,0,1
328.859287,1,34689.805807,1,0,0,0,0
22.432527,9,34690.797463,0,0,1,0,0
883.230316,30,34706.386872,0,0,1,0,0
328.931002,1,34706.678088,0,0,0,0,1
328.931002,1,34707.0619,0,0,0,0,1
408.055691,17,34718.363624,0,0,1,0,0
-18.166473,6,34720.055394,0,0,1,0,0
239.941637,15,35070.16386,0,0,1,0,0
328.99729,1,35070.482862,0,0,0,0,1
75.276676,11,35073.616286,0,0,1,0,0
337.826743,1,35073.987652,0,0,0,0,1
380.17427,19,35082.198883,0,0,1,0,0
749.068221,33,35089.352633,0,0,1,0,0
328.778864,1,35089.642817,0,0,0,0,1
853.741817,35,35125.348402,1,0,0,0,0
657.885816,11,35127.721412,0,0,0,0,1
604.874874,29,35140.792303,0,0,1,0,0
143.542782,9,35153.156617,0,0,1,0,0
472.944597,31,35158.438774,1,0,0,0,0
388.108457,21,35161.857306,0,0,1,0,0
363.308585,21,35166.109214,0,0,1,0,0
328.859286,1,35166.484942,1,0,0,0,0
328.852829,1,35166.783106,0,0,1,0,0
516.442791,23,35175.351432,0,0,1,0,0
337.800054,1,35175.744563,0,0,0,0,1
-18.159893,6,35177.495443,0,0,1,0,0
-137.568727,5,35179.458394,0,0,1,0,0
337.93954,1,35179.733065,0,0,0,0,1
337.931002,1,35180.126328,0,0,0,0,1
604.229827,28,35195.277927,0,0,1,0,0
855.369717,38,35211.49568,0,0,1,0,0
677.587244,34,35217.526344,0,0,1,0,0
697.450232,32,35233.416841,0,0,1,0,0
328.931002,1,35233.822022,0,0,0,0,1
564.405306,23,35243.328104,0,0,1,0,0
328.863408,1,35243.631297,0,0,0,0,1
321.129458,1,35244.156366,0,0,1,0,0
-108.122235,2,35244.716984,0,0,1,0,0
328.800053,1,35245.077429,0,0,0,0,1
-158.034737,4,35249.394232,0,0,1,0,0
245.822998,18,35252.831869,0,0,1,0,0
-127.146869,3,35254.311706,1,0,0,0,0
337.831123,1,35254.585517,0,0,0,0,1
149.895896,13,35257.460959,0,0,1,0,0
328.826743,1,35257.832172,0,0,0,0,1
-108.16604,2,35258.295442,1,0,0,0,0
337.93954,1,35258.67031,0,0,0,0,1
699.91492,30,35266.269964,0,0,1,0,0
328.773494,1,35266.749236,0,0,1,0,0
328.93954,1,35267.095121,0,0,0,0,1
-115.100494,2,35267.713347,0,0,1,0,0
328.826743,1,35268.045944,0,0,0,0,1
328.99729,1,35268.428417,0,0,0,0,1
1087.610448,44,35277.344482,0,0,1,0,0
337.93954,1,35277.744133,0,0,0,0,1
545.303998,25,35286.978658,1,0,0,0,0
-120.068104,1,35287.521894,0,0,1,0,0
328.99729,1,35287.941746,0,0,0,0,1
424.756424,17,35306.319698,0,0,1,0,0
328.99729,1,35306.707556,0,0,0,0,1
337.863407,1,35307.091938,0,0,0,0,1
39.303605,10,35311.537057,0,0,1,0,0
640.295064,10,35313.825341,0,0,0,0,1
-206.565173,5,35323.081205,0,0,1,0,0
110.168065,9,35325.740173,0,0,1,0,0
328.931002,1,35326.141556,0,0,0,0,1
802.145862,36,35335.219695,1,0,0,0,0
-126.388102,1,35335.676124,0,0,1,0,0
-184.881407,9,35336.934742,0,0,1,0,0
-40.648189,7,35338.533256,0,0,1,0,0
328.800053,1,35338.90064,0,0,0,0,1
337.881733,1,35339.297018,0,0,1,0,0
184.038399,13,35345.713147,0,0,1,0,0
262.666906,15,35351.643431,0,0,1,0,0
328.93954,1,35351.943539,0,0,0,0,1
141.752841,14,35354.920991,0,0,1,0,0
328.931002,1,35355.220485,0,0,0,0,1
433.119136,20,35360.794359,0,0,1,0,0
337.99729,1,35361.200439,0,0,0,0,1
337.93954,1,35361.646676,0,0,0,0,1
328.99729,1,35362.015519,0,0,0,0,1
-126.996194,3,35363.458716,1,0,0,0,0
-150.532164,7,35367.616199,0,0,1,0,0
795.411284,39,35383.486467,0,0,1,0,0
99.330657,9,35385.461829,0,0,1,0,0
328.800053,1,35385.766548,0,0,0,0,1
337.778865,1,35386.166717,0,0,0,0,1
328.773494,1,35386.650067,0,0,1,0,0
337.800053,1,35386.963255,0,0,0,0,1
-151.800564,7,35391.164453,0,0,1,0,0
328.920203,1,35391.542039,0,0,0,0,1
-229.494444,13,35393.120131,0,0,1,0,0
328.831123,1,35393.40164,0,0,0,0,1
-140.730245,5,35396.059546,1,0,0,0,0
328.99729,1,35396.397384,0,0,0,0,1
1240.817728,49,35423.265249,0,0,1,0,0
-224.00637,12,35425.101886,0,0,1,0,0
862.846518,35,35438.225999,1,0,0,0,0
328.938687,1,35438.58473,0,0,0,0,1
678.285438,27,35465.898291,0,0,1,0,0
65.482106,11,35469.343184,0,0,1,0,0
411.20601,19,35473.38013,0,0,1,0,0
856.652131,48,35484.557076,0,0,1,0,0
328.947109,1,35485.078869,0,0,0,0,1
328.99729,1,35485.424314,0,0,0,0,1
-121.75424,6,35487.018436,0,0,1,0,0
-122.506057,7,35489.68353,0,0,1,0,0
65.100089,14,35491.939311,0,0,1,0,0
-119.062431,6,35493.526976,0,0,1,0,0
328.93954,1,35493.869203,0,0,0,0,1
337.939542,1,35494.227674,0,0,0,0,1
622.859669,14,35497.462719,0,0,0,0,1
134.415174,10,35499.508868,0,0,1,0,0
328.90969,1,35499.866394,0,0,1,0,0
507.268819,22,35503.676481,1,0,0,0,0
328.826743,1,35503.993312,0,0,0,0,1
321.129458,1,35504.444072,0,0,1,0,0
256.04437,15,35516.040747,0,0,1,0,0
337.99729,1,35516.3324,0,0,0,0,1
328.931002,1,35516.703535,0,0,0,0,1
328.93954,1,35517.065728,0,0,0,0,1
328.800053,1,35517.448167,0,0,0,0,1
598.55866,13,35520.624784,0,0,0,0,1
328.82862,1,35527.428758,0,0,0,0,1
632.529509,10,35539.367548,0,0,0,0,1
328.778864,1,35539.716951,0,0,0,0,1
-123.311374,7,35542.393048,0,0,1,0,0
-120.072343,1,35542.85405,0,0,1,0,0
-132.922976,1,35544.844681,0,0,1,0,0
-151.800564,7,35549.11057,0,0,1,0,0
328.800053,1,35549.44302,0,0,0,0,1
338.3531,19,35554.152608,1,0,0,0,0
337.826742,1,35554.531478,0,0,0,0,1
328.863408,1,35554.887887,0,0,0,0,1
328.831123,1,35555.264756,0,0,0,0,1
1307.727553,69,35574.846539,0,0,1,0,0
328.968284,1,35575.157111,0,0,0,0,1
651.120672,31,35581.726789,0,0,1,0,0
906.722327,40,35591.804806,0,0,1,0,0
328.931002,1,35592.284843,0,0,0,0,1
362.620868,22,35602.76074,0,0,1,0,0
-156.201606,6,35606.623827,0,0,1,0,0
480.03002,22,35612.4425,0,0,1,0,0
-120.078868,1,35612.94264,0,0,1,0,0
328.931002,1,35613.318725,0,0,0,0,1
328.99729,1,35613.678347,0,0,0,0,1
87.534523,14,35615.918456,0,0,1,0,0
328.826743,1,35616.286912,0,0,0,0,1
328.931002,1,35616.61317,0,0,0,0,1
328.93954,1,35616.990099,0,0,0,0,1
353.301776,21,35620.364816,0,0,1,0,0
528.926864,21,35624.913413,0,0,1,0,0
1026.479505,49,35639.789387,1,0,0,0,0
-151.800564,7,35643.849917,0,0,1,0,0
328.93954,1,35644.159405,0,0,0,0,1
328.881733,1,35644.594047,0,0,1,0,0
328.859287,1,35644.898006,1,0,0,0,0
1126.999129,49,35673.662179,0,0,1,0,0
328.778864,1,35674.014781,0,0,0,0,1
328.800053,1,35674.37735,0,0,0,0,1
-126.388102,1,35674.739036,0,0,1,0,0
51.455881,10,35684.574332,0,0,1,0,0
834.737172,38,35700.333321,0,0,1,0,0
706.421861,35,35714.776311,1,0,0,0,0
337.881734,1,35715.152148,0,0,1,0,0
142.675762,15,35717.735291,0,0,1,0,0
1103.225154,50,35729.07953,0,0,1,0,0
328.947109,1,35729.60033,0,0,0,0,1
328.90969,1,35730.085819,0,0,1,0,0
328.93954,1,35730.424296,0,0,0,0,1
337.82862,1,35730.819251,0,0,0,0,1
337.93954,1,35731.224927,0,0,0,0,1
337.778864,1,35731.614767,0,0,0,0,1
508.545523,32,35737.283834,0,0,1,0,0
328.826743,1,35737.656667,0,0,0,0,1
328.968284,1,35738.01396,0,0,0,0,1
220.471021,16,35741.80197,0,0,1,0,0
454.069476,23,35745.729682,0,0,1,0,0
18.907456,9,35754.214363,0,0,1,0,0
511.440862,26,35759.533644,1,0,0,0,0
-122.506057,7,35762.218029,0,0,1,0,0
328.881733,1,35762.589066,0,0,1,0,0
328.800053,1,35762.986299,0,0,0,0,1
337.778864,1,35763.44413,0,0,0,0,1
328.778864,1,35763.838307,0,0,0,0,1
328.800053,1,35764.22086,0,0,0,0,1
337.93954,1,35764.60824,0,0,0,0,1
337.800051,1,35765.020013,0,0,0,0,1
328.778864,1,35765.447501,0,0,0,0,1
328.859287,1,35765.828339,1,0,0,0,0
615.317642,24,35786.386923,0,0,1,0,0
599.266339,34,35793.578757,0,0,1,0,0
51.459419,10,35794.734561,0,0,1,0,0
380.972782,17,35810.96157,0,0,1,0,0
328.800053,1,35811.275429,0,0,0,0,1
328.800053,1,35811.626428,0,0,0,0,1
328.82862,1,35811.967414,0,0,0,0,1
1325.468372,66,35826.701171,0,0,1,0,0
337.93954,1,35827.068848,0,0,0,0,1
508.518233,20,35840.769724,0,0,1,0,0
328.863408,1,35841.121552,0,0,0,0,1
508.768077,23,35845.085489,0,0,1,0,0
679.221988,36,35853.601197,0,0,1,0,0
337.826744,1,35853.971861,0,0,0,0,1
337.778863,1,35854.379209,0,0,0,0,1
74.704866,10,35857.111521,0,0,1,0,0
202.504872,15,35859.487324,1,0,0,0,0
328.852829,1,35859.778976,0,0,1,0,0
328.773494,1,35866.927283,0,0,1,0,0
337.931002,1,35867.272522,0,0,0,0,1
336.900951,17,35877.193575,0,0,1,0,0
223.163004,13,35881.224705,0,0,1,0,0
328.93954,1,35881.694832,0,0,0,0,1
-223.793572,12,35883.550876,0,0,1,0,0
328.881733,1,35883.992303,0,0,1,0,0
-154.39047,6,35887.479566,0,0,1,0,0
196.317556,13,36236.11986,0,0,1,0,0
328.82862,1,36236.467108,0,0,0,0,1
328.931002,1,36236.920098,0,0,0,0,1
328.931002,1,36237.25702,0,0,0,0,1
328.826743,1,36237.601735,0,0,0,0,1
-188.984227,5,36239.826647,0,0,1,0,0
292.257399,14,36245.710912,0,0,1,0,0
-197.956237,5,36246.452088,0,0,1,0,0
337.828618,1,36246.752035,0,0,0,0,1
321.129458,1,36247.241611,0,0,1,0,0
1033.042648,44,36271.320816,0,0,1,0,0
328.991637,1,36271.712411,0,0,0,0,1
328.778864,1,36272.067218,0,0,0,0,1
-193.695831,9,36273.44272,0,0,1,0,0
525.72801,25,36279.5139,0,0,1,0,0
-129.312562,4,36282.829531,0,0,1,0,0
-97.103247,2,36284.583464,0,0,1,0,0
328.977188,1,36284.991795,0,0,0,0,1
529.605741,25,36291.919249,1,0,0,0,0
1181.040435,51,36312.367484,1,0,0,0,0
328.778864,1,36312.782857,0,0,0,0,1
356.96339,19,36316.394028,0,0,1,0,0
328.831123,1,36316.708898,0,0,0,0,1
-126.996194,3,36318.066602,1,0,0,0,0
337.93954,1,36318.40184,0,0,0,0,1
328.846564,1,36318.781038,0,0,1,0,0
328.82862,1,36319.112774,0,0,0,0,1
328.881733,1,36319.554616,0,0,1,0,0
328.800053,1,36319.879317,0,0,0,0,1
328.826743,1,36320.257263,0,0,0,0,1
138.979265,9,36330.428595,0,0,1,0,0
328.773494,1,36330.907089,0,0,1,0,0
328.800053,1,36331.233933,0,0,0,0,1
-14.611765,8,36334.740423,0,0,1,0,0
308.281222,38,36362.132955,0,0,1,0,0
328.93954,1,36362.415882,0,0,0,0,1
653.911478,29,36368.399046,0,0,1,0,0
328.881733,1,36368.839133,0,0,1,0,0
337.800053,1,36369.118337,0,0,0,0,1
328.99729,1,36369.47105,0,0,0,0,1
328.881733,1,36369.963181,0,0,1,0,0
328.931002,1,36370.324045,0,0,0,0,1
561.680513,33,36375.989216,1,0,0,0,0
1069.491668,54,36385.205793,1,0,0,0,0
337.800053,1,36385.594733,0,0,0,0,1
420.77416,20,36389.045798,0,0,1,0,0
-132.922976,1,36390.871278,0,0,1,0,0
337.800054,1,36391.154723,0,0,0,0,1
-190.33558,9,36392.454397,0,0,1,0,0
337.881734,1,36392.837262,0,0,1,0,0
328.800053,1,36393.177495,0,0,0,0,1
475.291994,22,36396.952998,0,0,1,0,0
328.778864,1,36397.293665,0,0,0,0,1
403.019618,25,36400.251328,1,0,0,0,0
280.040314,15,36403.166817,0,0,1,0,0
328.99729,1,36403.502466,0,0,0,0,1
337.931002,1,36403.926474,0,0,0,0,1
337.82862,1,36404.29197,0,0,0,0,1
631.883714,10,36416.284826,0,0,0,0,1
1090.53678,47,36434.410269,0,0,1,0,0
-79.111398,2,36436.346499,0,0,1,0,0
-108.122235,2,36436.834889,0,0,1,0,0
156.421169,12,36439.38151,0,0,1,0,0
1332.728381,60,36471.068854,0,0,1,0,0
738.083755,32,36477.022615,0,0,1,0,0
603.985548,30,36486.388013,0,0,1,0,0
452.591129,20,36499.2319,1,0,0,0,0
321.129458,1,36499.641937,0,0,1,0,0
1099.519721,47,36519.544017,1,0,0,0,0
113.46412,12,36522.553663,0,0,1,0,0
801.979316,38,36557.161577,0,0,1,0,0
-147.697848,6,36560.80546,0,0,1,0,0
-72.276926,7,36565.644088,0,0,1,0,0
-36.909797,4,36566.778907,0,0,1,0,0
1464.712701,53,36607.93707,0,0,1,0,0
-129.071402,1,36608.395142,0,0,1,0,0
654.412465,31,36613.383932,0,0,1,0,0
337.826741,1,36613.684122,0,0,0,0,1
328.863408,1,36614.00423,0,0,0,0,1
608.928011,24,36630.004512,0,0,1,0,0
337.826742,1,36630.314836,0,0,0,0,1
337.931003,1,36630.639928,0,0,0,0,1
31.416678,10,36634.74718,0,0,1,0,0
328.826743,1,36635.178296,0,0,0,0,1
337.99729,1,36635.568321,0,0,0,0,1
328.99729,1,36636.023774,0,0,0,0,1
337.931,1,36636.411498,0,0,0,0,1
633.371378,10,36647.955844,0,0,0,0,1
1036.135304,41,36667.841571,0,0,1,0,0
321.129458,1,36668.225424,0,0,1,0,0
328.938687,1,36668.525315,0,0,0,0,1
328.863408,1,36668.896677,0,0,0,0,1
931.060276,39,36687.744776,0,0,1,0,0
1.483019,9,36691.253903,0,0,1,0,0
328.800053,1,36691.599425,0,0,0,0,1
-158.40047,4,36695.988253,0,0,1,0,0
337.881733,1,36696.392163,0,0,1,0,0
168.628623,18,36699.39154,0,0,1,0,0
1037.587032,42,36714.601304,0,0,1,0,0
337.931003,1,36714.952875,0,0,0,0,1
476.306231,32,36721.482038,0,0,1,0,0
328.859287,1,36721.796218,1,0,0,0,0
358.189223,18,36725.550863,0,0,1,0,0
328.773494,1,36726.030526,0,0,1,0,0
328.826743,1,36726.329328,0,0,0,0,1
539.33747,25,36733.762789,0,0,1,0,0
337.991638,1,36734.257598,0,0,0,0,1
328.846564,1,36734.589178,0,0,1,0,0
337.800053,1,36734.991969,0,0,0,0,1
-198.663258,8,36735.946486,0,0,1,0,0
606.433525,24,36756.752151,0,0,1,0,0
116.58719,12,36766.430302,0,0,1,0,0
605.735758,34,36771.563497,0,0,1,0,0
337.968285,1,36771.928322,0,0,0,0,1
328.852829,1,36772.277186,0,0,1,0,0
765.012331,39,36783.078356,0,0,1,0,0
328.93954,1,36783.553456,0,0,0,0,1
683.689184,17,36787.23444,0,0,0,0,1
6.892881,9,36790.213131,0,0,1,0,0
93.30318,12,36793.587233,0,0,1,0,0
-108.021917,2,36794.067585,1,0,0,0,0
822.174069,34,36805.490642,1,0,0,0,0
737.158786,13,36817.233655,0,0,0,0,1
337.863408,1,36817.596425,0,0,0,0,1
328.800053,1,36818.029001,0,0,0,0,1
328.82862,1,36818.459395,0,0,0,0,1
454.497408,20,36825.093951,0,0,1,0,0
-115.565425,5,36827.678319,0,0,1,0,0
328.826743,1,36827.973813,0,0,0,0,1
326.578677,17,36838.053082,0,0,1,0,0
758.758985,38,36846.234115,0,0,1,0,0
-32.501298,7,36854.526825,0,0,1,0,0
-188.764995,5,36856.732613,0,0,1,0,0
793.5038,37,36864.215547,0,0,1,0,0
445.423993,36,36885.703257,0,0,1,0,0
1077.358594,54,36908.755657,0,0,1,0,0
353.759499,16,36925.173446,0,0,1,0,0
300.819504,16,36927.957208,0,0,1,0,0
328.968284,1,36928.254581,0,0,0,0,1
36.538338,10,36931.603992,0,0,1,0,0
434.117332,21,36949.010834,0,0,1,0,0
-127.010341,3,36951.359069,0,0,1,0,0
328.863408,1,36951.643839,0,0,0,0,1
109.920878,12,36955.186775,0,0,1,0,0
328.859287,1,36955.576847,1,0,0,0,0
328.881733,1,36956.009316,0,0,1,0,0
691.844997,36,36973.961188,0,0,1,0,0
-138.34379,5,36975.921848,0,0,1,0,0
1765.203956,64,37000.624175,0,0,1,0,0
510.035238,25,37006.970545,0,0,1,0,0
328.931002,1,37007.350804,0,0,0,0,1
-130.158642,4,37010.517907,0,0,1,0,0
328.931002,1,37010.846483,0,0,0,0,1
328.846564,1,37011.186697,0,0,1,0,0
-127.17421,3,37013.452648,0,0,1,0,0
524.986957,24,37017.80726,0,0,1,0,0
1355.915144,57,37032.203569,1,0,0,0,0
328.931002,1,37032.576984,0,0,0,0,1
328.920203,1,37033.018778,0,0,0,0,1
865.94629,42,37047.439192,0,0,1,0,0
744.340498,35,37057.746835,0,0,1,0,0
194.756841,15,37061.072772,0,0,1,0,0
328.931002,1,37061.484376,0,0,0,0,1
328.82862,1,37061.820508,0,0,0,0,1
328.881733,1,37062.269333,0,0,1,0,0
-88.101866,2,37064.043923,0,0,1,0,0
-132.738533,1,37064.568931,0,0,1,0,0
-99.121111,2,37065.223122,0,0,1,0,0
328.968284,1,37065.571345,0,0,0,0,1
310.720252,15,37068.589067,0,0,1,0,0
328.99729,1,37068.946147,0,0,0,0,1
337.826742,1,37069.305795,0,0,0,0,1
-126.388102,1,37069.654572,0,0,1,0,0
328.931002,1,37069.970271,0,0,0,0,1
-72.230908,7,37074.992907,0,0,1,0,0
328.93954,1,37075.329489,0,0,0,0,1
328.968284,1,37075.711684,0,0,0,0,1
328.881733,1,37076.205688,0,0,1,0,0
328.863408,1,37076.531146,0,0,0,0,1
720.126447,40,37084.353421,1,0,0,0,0
328.931002,1,37084.759876,0,0,0,0,1
-201.885011,8,37085.620847,0,0,1,0,0
-153.517655,6,37089.078521,0,0,1,0,0
-14.933916,8,37091.833246,0,0,1,0,0
328.800053,1,37092.142864,0,0,0,0,1
321.129458,1,37092.637101,0,0,1,0,0
815.583195,41,37127.304058,0,0,1,0,0
328.846564,1,37127.579798,0,0,1,0,0
337.939542,1,37127.972393,0,0,0,0,1
339.862811,15,37130.723057,0,0,1,0,0
517.575083,29,37142.380799,0,0,1,0,0
337.931001,1,37142.753865,0,0,0,0,1
328.859287,1,37143.083951,1,0,0,0,0
337.778864,1,37143.499114,0,0,0,0,1
-127.207431,3,37144.972181,1,0,0,0,0
-124.087411,3,37148.228563,0,0,1,0,0
77.94214,11,37149.958547,0,0,1,0,0
-124.071441,3,37153.198079,0,0,1,0,0
328.859287,1,37153.510565,1,0,0,0,0
328.863408,1,37153.86913,0,0,0,0,1
337.99729,1,37154.285465,0,0,0,0,1
328.826743,1,37154.700729,0,0,0,0,1
185.288112,10,37162.724978,0,0,1,0,0
746.997742,38,37171.44842,0,0,1,0,0
328.968284,1,37171.823462,0,0,0,0,1
337.863408,1,37172.25925,0,0,0,0,1
-140.999267,1,37175.244736,1,0,0,0,0
553.611188,22,37184.652594,0,0,1,0,0
426.616692,21,37188.894009,0,0,1,0,0
444.508541,23,37194.360872,1,0,0,0,0
-126.999021,3,37196.599165,0,0,1,0,0
630.396193,37,37204.815452,1,0,0,0,0
337.99729,1,37211.8202,0,0,0,0,1
328.778864,1,37212.237711,0,0,0,0,1
702.72613,33,37219.233931,0,0,1,0,0
337.778863,1,37219.627542,0,0,0,0,1
328.800053,1,37220.020736,0,0,0,0,1
-133.436237,4,37223.67368,0,0,1,0,0
337.931002,1,37224.000219,0,0,0,0,1
-124.061702,3,37227.373911,0,0,1,0,0
258.664188,15,37575.332845,0,0,1,0,0
650.235054,33,37587.457706,0,0,1,0,0
127.213331,14,37590.085182,0,0,1,0,0
243.19248,16,37594.113581,1,0,0,0,0
-115.01111,1,37594.634067,0,0,1,0,0
328.826743,1,37594.934506,0,0,0,0,1
328.93954,1,37595.295761,0,0,0,0,1
328.931002,1,37595.682595,0,0,0,0,1
328.846564,1,37596.0197,0,0,1,0,0
-132.922976,1,37597.962421,0,0,1,0,0
954.648772,38,37605.715604,0,0,1,0,0
636.16401,29,37611.220473,0,0,1,0,0
328.90969,1,37611.614184,0,0,1,0,0
757.796565,26,37633.843146,0,0,1,0,0
446.771841,23,37691.692604,1,0,0,0,0
337.82862,1,37692.027169,0,0,0,0,1
1130.911585,49,37710.064158,1,0,0,0,0
328.773494,1,37710.515132,0,0,1,0,0
-128.221407,6,37711.902693,0,0,1,0,0
328.888918,1,37712.176877,0,0,1,0,0
744.378556,39,37722.80382,0,0,1,0,0
1035.638749,44,37749.395127,0,0,1,0,0
328.977188,1,37749.870111,0,0,0,0,1
321.129458,1,37750.330732,0,0,1,0,0
806.897177,35,37762.203875,0,0,1,0,0
366.815428,40,37794.493271,1,0,0,0,0
328.99729,1,37794.8471,0,0,0,0,1
67.174388,11,37798.183133,0,0,1,0,0
513.641995,40,37820.615486,0,0,1,0,0
92.077315,12,37823.924082,0,0,1,0,0
-79.114141,2,37825.82579,0,0,1,0,0
328.93954,1,37826.132747,0,0,0,0,1
337.93954,1,37826.512512,0,0,0,0,1
909.767724,39,37850.067199,0,0,1,0,0
300.53292,13,37860.556334,0,0,1,0,0
222.613897,14,38207.485556,0,0,1,0,0
-72.03449,7,38212.173302,0,0,1,0,0
328.826743,1,38212.501861,0,0,0,0,1
337.778864,1,38212.872601,0,0,0,0,1
251.938887,14,38222.675685,0,0,1,0,0
804.909226,37,38230.401799,0,0,1,0,0
-199.603445,5,38231.205063,0,0,1,0,0
-125.797011,5,38233.742946,0,0,1,0,0
328.800053,1,38234.029642,0,0,0,0,1
-129.071402,1,38234.530304,0,0,1,0,0
364.115751,17,38239.66921,0,0,1,0,0
328.859287,1,38240.06647,1,0,0,0,0
267.280032,17,38243.814909,0,0,1,0,0
914.956107,41,38261.919051,0,0,1,0,0
328.800053,1,38262.299577,0,0,0,0,1
328.947109,1,38262.798577,0,0,0,0,1
-194.571044,9,38264.062711,0,0,1,0,0
432.311545,20,38268.119022,0,0,1,0,0
328.800053,1,38268.416114,0,0,0,0,1
52.73018,10,38270.383543,0,0,1,0,0
337.826744,1,38270.701171,0,0,0,0,1
-129.071402,1,38271.224349,0,0,1,0,0
328.920203,1,38271.690827,0,0,0,0,1
328.82862,1,38272.031076,0,0,0,0,1
-108.16604,2,38272.51087,1,0,0,0,0
337.939539,1,38272.907894,0,0,0,0,1
328.873883,1,38273.418543,0,0,0,0,1
600.418582,35,38293.701836,0,0,1,0,0
409.628334,20,38297.474266,0,0,1,0,0
328.931002,1,38297.805572,0,0,0,0,1
328.831123,1,38298.141191,0,0,0,0,1
669.244821,38,38308.871656,1,0,0,0,0
-125.874902,5,38311.549048,0,0,1,0,0
328.778864,1,38311.877676,0,0,0,0,1
337.968283,1,38312.247013,0,0,0,0,1
328.873836,1,38319.221566,0,0,0,0,1
328.888918,1,38319.615577,0,0,1,0,0
-124.569778,5,38322.731388,0,0,1,0,0
328.931002,1,38323.005878,0,0,0,0,1
328.93954,1,38323.34592,0,0,0,0,1
328.778864,1,38323.735652,0,0,0,0,1
517.414526,26,38328.160412,0,0,1,0,0
330.129458,1,38328.63785,0,0,1,0,0
526.059016,31,38333.795388,0,0,1,0,0
321.129458,1,38334.227476,0,0,1,0,0
202.504872,15,38336.58267,1,0,0,0,0
914.059398,43,38349.713355,1,0,0,0,0
328.82862,1,38350.154438,0,0,0,0,1
1888.609473,71,38376.138534,0,0,1,0,0
328.881733,1,38376.576827,0,0,1,0,0
328.881733,1,38376.938059,0,0,1,0,0
337.881734,1,38377.301245,0,0,1,0,0
266.425498,13,38391.680046,0,0,1,0,0
-126.378807,6,38393.004731,0,0,1,0,0
-223.793572,12,38394.745692,0,0,1,0,0
328.778864,1,38395.035536,0,0,0,0,1
328.846564,1,38401.428354,0,0,1,0,0
-126.999021,3,38403.729082,0,0,1,0,0
633.424704,26,38412.214393,0,0,1,0,0
328.909529,1,38412.543083,0,0,0,0,1
-97.103247,2,38414.413099,0,0,1,0,0
328.90969,1,38414.774411,0,0,1,0,0
1072.115823,46,38436.270833,0,0,1,0,0
-132.922976,1,38438.261084,0,0,1,0,0
380.961228,19,38442.880503,0,0,1,0,0
328.800053,1,38443.18769,0,0,0,0,1
702.969048,27,38459.112023,0,0,1,0,0
633.285729,10,38470.734933,0,0,0,0,1
328.931002,1,38471.064561,0,0,0,0,1
337.778864,1,38471.447899,0,0,0,0,1
1216.654262,48,38481.52257,0,0,1,0,0
-129.071402,1,38481.980664,0,0,1,0,0
328.82862,1,38482.355412,0,0,0,0,1
328.859287,1,38482.699644,1,0,0,0,0
328.859287,1,38483.040146,1,0,0,0,0
328.90969,1,38483.447998,0,0,1,0,0
-145.327407,6,38487.045458,0,0,1,0,0
95.670756,12,38490.114368,0,0,1,0,0
-156.443665,6,38493.664915,0,0,1,0,0
328.931002,1,38493.96421,0,0,0,0,1
328.826743,1,38494.302526,0,0,0,0,1
328.888918,1,38494.672583,0,0,1,0,0
328.931002,1,38495.100228,0,0,0,0,1
337.931002,1,38495.509097,0,0,0,0,1
-147.493291,6,38499.208052,0,0,1,0,0
337.800053,1,38499.521161,0,0,0,0,1
328.93954,1,38499.879127,0,0,0,0,1
704.393126,34,38514.272877,0,0,1,0,0
321.129458,1,38514.647296,0,0,1,0,0
328.881733,1,38515.094819,0,0,1,0,0
328.800053,1,38515.426861,0,0,0,0,1
328.881733,1,38515.837428,0,0,1,0,0
328.800053,1,38516.162568,0,0,0,0,1
328.859287,1,38516.541845,1,0,0,0,0
337.826742,1,38516.917154,0,0,0,0,1
328.881733,1,38517.384506,0,0,1,0,0
341.202322,15,38532.58359,0,0,1,0,0
-10.438344,8,38533.689145,0,0,1,0,0
-129.184089,4,38536.938775,0,0,1,0,0
-194.74569,9,38538.152942,0,0,1,0,0
-122.506057,7,38540.601231,0,0,1,0,0
328.99729,1,38540.881012,0,0,0,0,1
56.043929,13,38543.142279,0,0,1,0,0
321.129458,1,38543.601747,0,0,1,0,0
337.938687,1,38543.93886,0,0,0,0,1
321.129458,1,38544.455153,0,0,1,0,0
202.504872,15,38546.643574,1,0,0,0,0
328.968284,1,38546.961501,0,0,0,0,1
328.93954,1,38553.384144,0,0,0,0,1
-223.793572,12,38555.31039,0,0,1,0,0
328.82862,1,38555.611078,0,0,0,0,1
99.987819,8,38557.253061,0,0,1,0,0
627.233938,27,38562.136579,0,0,1,0,0
115.33944,11,38571.800328,0,0,1,0,0
526.678973,26,38593.951452,0,0,1,0,0
328.778864,1,38594.291451,0,0,0,0,1
184.944458,12,38601.807971,0,0,1,0,0
493.70236,25,38607.178245,0,0,1,0,0
328.93954,1,38607.530968,0,0,0,0,1
-126.999021,3,38610.033126,0,0,1,0,0
461.305643,18,38623.565858,0,0,1,0,0
328.931002,1,38623.864872,0,0,0,0,1
328.90969,1,38624.324073,0,0,1,0,0
328.778864,1,38624.712716,0,0,0,0,1
328.778864,1,38625.123783,0,0,0,0,1
-76.559346,4,38626.147492,0,0,1,0,0
-124.489981,5,38629.010908,0,0,1,0,0
337.931001,1,38629.344322,0,0,0,0,1
-151.800564,7,38633.336065,0,0,1,0,0
902.965736,41,38643.302784,0,0,1,0,0
756.088779,33,38659.437799,0,0,1,0,0
610.743346,36,38668.982815,0,0,1,0,0
-235.685846,12,38670.857258,0,0,1,0,0
42.31451,13,38673.160745,0,0,1,0,0
337.931001,1,38673.581957,0,0,0,0,1
-132.922976,1,38675.497063,0,0,1,0,0
337.939539,1,38675.803433,0,0,0,0,1
-132.922976,1,38677.836082,0,0,1,0,0
328.931002,1,38678.175923,0,0,0,0,1
328.826743,1,38678.53814,0,0,0,0,1
702.082208,32,38688.381079,0,0,1,0,0
337.82862,1,38688.675479,0,0,0,0,1
1206.470012,49,38713.970604,0,0,1,0,0
173.814249,10,38722.675435,0,0,1,0,0
337.881733,1,38723.133004,0,0,1,0,0
182.954037,15,38726.747621,0,0,1,0,0
328.826743,1,38727.129653,0,0,0,0,1
-129.523052,4,38730.297776,0,0,1,0,0
337.931002,1,38730.568799,0,0,0,0,1
328.800053,1,38730.871168,0,0,0,0,1
-108.16604,2,38731.388786,1,0,0,0,0
328.931002,1,38731.821958,0,0,0,0,1
337.800051,1,38732.201818,0,0,0,0,1
328.846564,1,38732.569649,0,0,1,0,0
328.826743,1,38732.924926,0,0,0,0,1
202.504872,15,38735.268961,1,0,0,0,0
161.277881,10,38741.36379,0,0,1,0,0
328.968284,1,38741.665947,0,0,0,0,1
328.778864,1,38742.180174,0,0,0,0,1
328.931002,1,38742.574449,0,0,0,0,1
328.800053,1,38742.915627,0,0,0,0,1
337.800054,1,38743.293742,0,0,0,0,1
328.93954,1,38743.687461,0,0,0,0,1
500.438888,23,38749.996266,1,0,0,0,0
328.931002,1,38750.36335,0,0,0,0,1
321.129458,1,38750.804634,0,0,1,0,0
321.129458,1,38751.185256,0,0,1,0,0
-189.851081,5,38753.326264,0,0,1,0,0
337.800053,1,38753.619725,0,0,0,0,1
484.373656,31,38765.480684,0,0,1,0,0
-154.620697,6,38769.12342,0,0,1,0,0
1322.0407,52,38792.066554,0,0,1,0,0
633.048926,10,38803.723384,0,0,0,0,1
512.217483,24,38813.169159,0,0,1,0,0
337.931001,1,38813.5063,0,0,0,0,1
328.991637,1,38813.961728,0,0,0,0,1
337.939542,1,38814.309092,0,0,0,0,1
710.637738,34,38820.708604,0,0,1,0,0
-72.229375,7,38825.668047,0,0,1,0,0
422.088382,19,38830.915183,1,0,0,0,0
162.755372,13,38833.928112,0,0,1,0,0
328.826743,1,38834.314516,0,0,0,0,1
337.888918,1,38834.717834,0,0,1,0,0
725.148442,37,38843.058757,0,0,1,0,0
1.395469,9,38846.62121,0,0,1,0,0
-119.786576,7,38849.387962,0,0,1,0,0
337.938687,1,38849.712333,0,0,0,0,1
328.99729,1,38850.101765,0,0,0,0,1
337.800054,1,38850.461222,0,0,0,0,1
250.094207,17,38860.270985,0,0,1,0,0
328.826743,1,38860.695548,0,0,0,0,1
328.881733,1,38861.157157,0,0,1,0,0
337.826743,1,38861.459506,0,0,0,0,1
1250.634611,56,38870.921729,0,0,1,0,0
-188.534522,5,38873.014237,0,0,1,0,0
488.703707,20,38898.197052,0,0,1,0,0
203.904169,14,38901.017147,0,0,1,0,0
328.859287,1,38901.40372,1,0,0,0,0
337.863407,1,38901.805701,0,0,0,0,1
-200.314696,8,38902.877928,0,0,1,0,0
328.99729,1,38903.222467,0,0,0,0,1
596.982936,26,38908.572378,1,0,0,0,0
-140.384874,5,38911.153919,1,0,0,0,0
328.93954,1,38911.468224,0,0,0,0,1
514.070789,25,38919.190288,0,0,1,0,0
355.808493,16,38937.69743,0,0,1,0,0
328.800053,1,38938.089645,0,0,0,0,1
328.80893,1,38938.452352,0,0,0,0,1
-158.034737,4,38942.879119,0,0,1,0,0
-158.034737,4,38947.202199,0,0,1,0,0
498.547769,20,38969.044644,0,0,1,0,0
328.881733,1,38969.507607,0,0,1,0,0
328.99729,1,38969.84985,0,0,0,0,1
662.576767,32,38975.596532,1,0,0,0,0
-192.54784,9,38976.80654,0,0,1,0,0
328.881733,1,38977.188734,0,0,1,0,0
328.931002,1,38977.523668,0,0,0,0,1
642.749708,34,38984.689412,0,0,1,0,0
-32.722938,7,38986.433203,0,0,1,0,0
328.82862,1,38986.78649,0,0,0,0,1
-188.387678,9,38987.959864,0,0,1,0,0
72.286196,11,38989.72933,0,0,1,0,0
-127.124024,3,38991.071492,1,0,0,0,0
328.931002,1,38991.373062,0,0,0,0,1
328.859287,1,38991.711629,1,0,0,0,0
271.199787,14,39000.629233,1,0,0,0,0
328.977188,1,39001.086251,0,0,0,0,1
-108.122235,2,39001.624394,0,0,1,0,0
328.826743,1,39001.963729,0,0,0,0,1
513.807787,24,39006.627013,0,0,1,0,0
-108.16604,2,39007.076724,1,0,0,0,0
917.674731,38,39017.457855,1,0,0,0,0
298.572493,13,39028.495313,0,0,1,0,0
1175.859519,59,39041.356446,0,0,1,0,0
-76.559346,4,39042.344974,0,0,1,0,0
872.692919,37,39055.712917,0,0,1,0,0
143.527151,14,39058.698031,0,0,1,0,0
328.93954,1,39059.098036,0,0,0,0,1
-140.999267,1,39061.966594,1,0,0,0,0
61.205602,11,39064.831447,0,0,1,0,0
328.93954,1,39065.196484,0,0,0,0,1
175.784304,15,39069.008023,0,0,1,0,0
328.82862,1,39069.386723,0,0,0,0,1
107.212297,9,39077.684073,0,0,1,0,0
510.131046,23,39097.709487,0,0,1,0,0
1188.983824,54,39113.46943,0,0,1,0,0
631.262177,10,39125.571224,0,0,0,0,1
-126.999021,3,39127.864686,0,0,1,0,0
328.826743,1,39128.125432,0,0,0,0,1
328.82862,1,39128.436009,0,0,0,0,1
518.559425,20,39142.315873,0,0,1,0,0
-115.012304,1,39142.794502,0,0,1,0,0
-186.645366,9,39144.007404,0,0,1,0,0
1331.664266,54,39158.768235,0,0,1,0,0
-75.265313,7,39163.75371,0,0,1,0,0
337.826743,1,39164.074841,0,0,0,0,1
1073.794671,44,39185.208969,0,0,1,0,0
-122.341111,6,39186.685394,0,0,1,0,0
566.027285,25,39205.528738,0,0,1,0,0
575.15923,24,39213.198549,0,0,1,0,0
337.99729,1,39213.718169,0,0,0,0,1
-9.248094,8,39215.591168,0,0,1,0,0
-124.087411,3,39218.717501,0,0,1,0,0
202.504872,15,39221.051841,1,0,0,0,0
328.968284,1,39221.391053,0,0,0,0,1
699.319613,32,39236.044889,0,0,1,0,0
-190.852554,5,39238.368322,0,0,1,0,0
486.94204,23,39242.862023,0,0,1,0,0
13.574036,9,39245.816347,0,0,1,0,0
328.826743,1,39246.170292,0,0,0,0,1
328.82862,1,39246.523351,0,0,0,0,1
328.99729,1,39246.897994,0,0,0,0,1
328.800053,1,39247.291119,0,0,0,0,1
216.380506,16,39250.517128,0,0,1,0,0
328.99729,1,39250.876493,0,0,0,0,1
328.800053,1,39251.237452,0,0,0,0,1
328.931002,1,39251.598257,0,0,0,0,1
734.858715,13,39263.206007,0,0,0,0,1
340.281368,16,39274.08961,0,0,1,0,0
210.069619,12,39278.182338,0,0,1,0,0
328.90969,1,39278.69962,0,0,1,0,0
328.93954,1,39279.074887,0,0,0,0,1
328.859287,1,39279.453844,1,0,0,0,0
328.93954,1,39279.884169,0,0,0,0,1
-3.409025,8,39281.815142,0,0,1,0,0
552.809658,31,39294.157225,0,0,1,0,0
328.931002,1,39294.480175,0,0,0,0,1
70.693502,13,39296.621213,0,0,1,0,0
337.997289,1,39296.959133,0,0,0,0,1
337.881734,1,39297.37626,0,0,1,0,0
10.429139,9,39300.266074,0,0,1,0,0
328.968284,1,39300.569145,0,0,0,0,1
337.800053,1,39300.987691,0,0,0,0,1
494.062213,23,39306.605999,0,0,1,0,0
-151.800564,7,39310.919872,0,0,1,0,0
-126.996194,3,39312.302364,1,0,0,0,0
328.826743,1,39312.618199,0,0,0,0,1
35.303909,10,39316.747644,0,0,1,0,0
-148.296399,6,39320.501043,0,0,1,0,0
478.561813,21,39347.439383,0,0,1,0,0
527.130635,26,39354.912359,0,0,1,0,0
-115.012097,1,39355.376289,0,0,1,0,0
-6.846413,8,39357.094221,0,0,1,0,0
619.693583,35,39363.747412,1,0,0,0,0
-16.472848,6,39365.734461,0,0,1,0,0
1283.213078,51,39376.766601,0,0,1,0,0
84.977169,12,39380.316462,0,0,1,0,0
167.971837,14,39383.446358,0,0,1,0,0
-122.677863,7,39386.19977,0,0,1,0,0
337.968283,1,39386.486257,0,0,0,0,1
328.99729,1,39386.96652,0,0,0,0,1
371.907446,16,39403.756182,0,0,1,0,0
107.647831,15,39406.145838,0,0,1,0,0
328.977188,1,39406.570345,0,0,0,0,1
405.388747,25,39410.98033,0,0,1,0,0
328.99729,1,39411.361563,0,0,0,0,1
328.93954,1,39411.814462,0,0,0,0,1
328.778864,1,39412.217171,0,0,0,0,1
579.708379,23,39438.022594,0,0,1,0,0
-153.301996,6,39441.611704,0,0,1,0,0
328.778864,1,39441.915295,0,0,0,0,1
328.800053,1,39442.262517,0,0,0,0,1
1366.009431,53,39467.152052,0,0,1,0,0
328.931002,1,39467.46173,0,0,0,0,1
274.211476,20,39471.44894,0,0,1,0,0
328.938687,1,39471.83142,0,0,0,0,1
1067.095196,43,39487.578041,0,0,1,0,0
337.99729,1,39488.056814,0,0,0,0,1
337.800053,1,39488.454684,0,0,0,0,1
-97.103247,2,39490.268288,0,0,1,0,0
328.931002,1,39490.557007,0,0,0,0,1
321.129458,1,39490.986619,0,0,1,0,0
869.213244,35,39503.01915,1,0,0,0,0
976.353022,47,39513.249995,0,0,1,0,0
337.931002,1,39513.610667,0,0,0,0,1
337.931003,1,39513.96545,0,0,0,0,1
337.831123,1,39514.328828,0,0,0,0,1
328.93954,1,39514.737921,0,0,0,0,1
328.778864,1,39515.147502,0,0,0,0,1
76.833037,11,39525.068405,0,0,1,0,0
328.931002,1,39525.407942,0,0,0,0,1
259.250928,15,39877.383297,0,0,1,0,0
328.846564,1,39877.654194,0,0,1,0,0
652.254387,30,39883.861826,0,0,1,0,0
162.053462,14,39886.906939,0,0,1,0,0
337.881733,1,39887.323435,0,0,1,0,0
178.118562,10,39899.825461,0,0,1,0,0
-88.098943,2,39901.873062,0,0,1,0,0
843.939634,43,39912.048305,0,0,1,0,0
328.859287,1,39912.4256,1,0,0,0,0
328.931002,1,39912.787681,0,0,0,0,1
337.997288,1,39913.140857,0,0,0,0,1
984.823346,44,39932.937352,0,0,1,0,0
603.701009,27,39942.697342,1,0,0,0,0
328.931002,1,39943.071718,0,0,0,0,1
-127.146628,3,39944.501945,1,0,0,0,0
828.553226,41,39956.431569,0,0,1,0,0
-151.816908,6,39960.221918,0,0,1,0,0
918.315244,37,39977.319172,1,0,0,0,0
328.859287,1,39977.711499,1,0,0,0,0
-147.372079,5,39981.378985,0,0,1,0,0
337.93954,1,39981.6761,0,0,0,0,1
36.239134,10,39985.751742,0,0,1,0,0
328.881733,1,39986.126611,0,0,1,0,0
-153.291802,3,39990.519946,0,0,1,0,0
337.90953,1,39990.855539,0,0,0,0,1
-123.898552,3,39994.042886,0,0,1,0,0
328.778864,1,39994.413882,0,0,0,0,1
947.136099,44,40005.50104,0,0,1,0,0
-108.122235,2,40006.079226,0,0,1,0,0
1204.242711,49,40024.348263,1,0,0,0,0
328.93954,1,40024.749961,0,0,0,0,1
77.373809,11,40027.918961,0,0,1,0,0
328.82862,1,40028.278936,0,0,0,0,1
328.947109,1,40028.748291,0,0,0,0,1
1237.144758,52,40049.745031,1,0,0,0,0
328.938687,1,40050.116952,0,0,0,0,1
224.191076,13,40052.663825,0,0,1,0,0
328.778864,1,40053.004089,0,0,0,0,1
-132.654428,14,40054.865576,0,0,1,0,0
-15.160823,6,40056.533989,0,0,1,0,0
1741.537993,71,40069.056191,1,0,0,0,0
337.863407,1,40069.38569,0,0,0,0,1
328.90969,1,40069.853946,0,0,1,0,0
622.090569,10,40072.010439,0,0,0,0,1
1142.300215,43,40105.312215,0,0,1,0,0
-132.922976,1,40107.159289,0,0,1,0,0
299.826239,16,40119.685732,0,0,1,0,0
259.917121,14,40133.680545,0,0,1,0,0
328.778864,1,40133.975833,0,0,0,0,1
-126.388102,1,40134.361428,0,0,1,0,0
1389.575417,65,40149.929733,0,0,1,0,0
337.828621,1,40150.284275,0,0,0,0,1
328.881733,1,40150.726114,0,0,1,0,0
-115.362118,2,40151.228832,0,0,1,0,0
328.93954,1,40151.575727,0,0,0,0,1
43.877299,10,40153.484062,0,0,1,0,0
328.826743,1,40153.856629,0,0,0,0,1
-10.8232,8,40156.856748,0,0,1,0,0
1340.774359,53,40182.119675,0,0,1,0,0
351.8236,16,40187.652149,0,0,1,0,0
337.826742,1,40187.924796,0,0,0,0,1
1298.254606,54,40213.116008,0,0,1,0,0
344.327215,16,40218.592844,0,0,1,0,0
337.991636,1,40218.96254,0,0,0,0,1
328.931002,1,40219.285216,0,0,0,0,1
635.938373,35,40230.151642,1,0,0,0,0
328.931002,1,40230.488299,0,0,0,0,1
414.763207,19,40248.068697,0,0,1,0,0
328.852829,1,40248.319077,0,0,1,0,0
337.939541,1,40248.665714,0,0,0,0,1
328.947109,1,40249.102347,0,0,0,0,1
328.778864,1,40249.513095,0,0,0,0,1
-126.999021,3,40251.918531,0,0,1,0,0
939.642993,43,40271.076646,0,0,1,0,0
767.03542,39,40279.637473,0,0,1,0,0
328.93954,1,40280.089251,0,0,0,0,1
-188.954921,5,40282.40753,0,0,1,0,0
-147.023912,6,40285.985276,0,0,1,0,0
328.90969,1,40286.431709,0,0,1,0,0
655.584832,35,40311.404466,0,0,1,0,0
337.863407,1,40311.702666,0,0,0,0,1
-205.469574,5,40314.2449,0,0,1,0,0
21.172779,9,40315.116689,0,0,1,0,0
735.188473,38,40331.111976,0,0,1,0,0
337.800053,1,40331.432198,0,0,0,0,1
328.863408,1,40331.787316,0,0,0,0,1
599.034684,29,40343.540976,0,0,1,0,0
9.723441,9,40346.533694,0,0,1,0,0
328.877634,1,40347.010513,0,0,0,0,1
328.826743,1,40347.387191,0,0,0,0,1
714.595956,32,40364.244729,0,0,1,0,0
-14.741079,8,40367.570171,0,0,1,0,0
328.826743,1,40367.907064,0,0,0,0,1
328.800053,1,40368.289208,0,0,0,0,1
785.674455,35,40389.822294,0,0,1,0,0
844.443835,18,40393.250804,0,0,0,0,1
496.379097,21,40401.837185,0,0,1,0,0
391.6818,19,40405.242981,0,0,1,0,0
328.778864,1,40405.573405,0,0,0,0,1
328.800053,1,40405.98401,0,0,0,0,1
457.808545,23,40415.021493,0,0,1,0,0
328.863408,1,40415.34752,0,0,0,0,1
-208.333516,5,40417.725786,0,0,1,0,0
328.93954,1,40418.004517,0,0,0,0,1
66.593118,11,40421.072768,0,0,1,0,0
481.571036,22,40507.276223,0,0,1,0,0
-126.117754,5,40510.312901,0,0,1,0,0
22.176857,9,40511.2341,0,0,1,0,0
394.615025,17,40523.581171,0,0,1,0,0
-67.542753,4,40524.654641,0,0,1,0,0
328.938687,1,40524.967072,0,0,0,0,1
65.100089,14,40527.412333,0,0,1,0,0
328.863408,1,40527.798161,0,0,0,0,1
328.93954,1,40528.163103,0,0,0,0,1
184.398579,10,40536.092243,0,0,1,0,0
337.881734,1,40536.506504,0,0,1,0,0
737.269317,13,40547.703675,0,0,0,0,1
-140.999267,1,40550.889928,1,0,0,0,0
-108.16604,2,40551.350812,1,0,0,0,0
-97.103247,2,40553.286505,0,0,1,0,0
939.883183,51,40558.548755,0,0,1,0,0
328.93954,1,40559.013784,0,0,0,0,1
230.949998,12,40575.832799,0,0,1,0,0
1291.476732,61,40596.219975,0,0,1,0,0
328.826743,1,40596.658895,0,0,0,0,1
-126.996194,3,40598.10043,1,0,0,0,0
328.82862,1,40598.426648,0,0,0,0,1
328.93954,1,40598.789073,0,0,0,0,1
337.881733,1,40599.197009,0,0,1,0,0
328.846564,1,40599.507008,0,0,1,0,0
328.778864,1,40599.91506,0,0,0,0,1
-129.883432,6,40603.055633,0,0,1,0,0
328.888918,1,40603.348158,0,0,1,0,0
328.881733,1,40603.8677,0,0,1,0,0
337.778864,1,40604.215979,0,0,0,0,1
328.82862,1,40604.573546,0,0,0,0,1
11.381069,9,40605.873806,0,0,1,0,0
311.284558,27,40627.819884,0,0,1,0,0
337.888919,1,40628.161823,0,0,1,0,0
328.968284,1,40628.573228,0,0,0,0,1
328.93954,1,40629.045498,0,0,0,0,1
451.615523,23,40634.872616,1,0,0,0,0
895.056423,40,40646.423088,0,0,1,0,0
328.859287,1,40646.791002,1,0,0,0,0
328.859287,1,40647.143714,1,0,0,0,0
337.826742,1,40647.49667,0,0,0,0,1
328.931002,1,40647.840165,0,0,0,0,1
328.778864,1,40648.188576,0,0,0,0,1
737.573971,13,40659.089489,0,0,0,0,1
19.625494,9,40660.918617,0,0,1,0,0
705.883074,34,40666.776317,0,0,1,0,0
388.990087,19,40670.238615,0,0,1,0,0
787.129051,37,40684.232007,0,0,1,0,0
560.678689,25,40694.454133,0,0,1,0,0
328.888918,1,40694.807589,0,0,1,0,0
328.99729,1,40695.232691,0,0,0,0,1
328.826743,1,40695.63027,0,0,0,0,1
328.82862,1,40695.99943,0,0,0,0,1
-115.444845,2,40696.612022,0,0,1,0,0
328.778864,1,40696.97025,0,0,0,0,1
328.931002,1,40697.35677,0,0,0,0,1
459.78529,21,40701.308073,1,0,0,0,0
706.916899,38,40708.565817,0,0,1,0,0
1137.344062,48,40733.523476,0,0,1,0,0
602.665789,13,40736.606803,0,0,0,0,1
-76.559346,4,40737.658667,0,0,1,0,0
328.931002,1,40737.990159,0,0,0,0,1
934.001772,39,40759.081971,0,0,1,0,0
-121.637243,6,40760.677221,0,0,1,0,0
508.849908,32,40767.213796,1,0,0,0,0
-67.427944,4,40768.247355,0,0,1,0,0
321.129458,1,40768.684276,0,0,1,0,0
328.82862,1,40769.027149,0,0,0,0,1
337.991638,1,40769.452929,0,0,0,0,1
-90.093788,2,40769.977728,0,0,1,0,0
700.189728,27,40775.072517,0,0,1,0,0
-136.240845,5,40777.040957,0,0,1,0,0
328.931002,1,40777.334212,0,0,0,0,1
-99.119275,2,40777.859984,0,0,1,0,0
-124.952994,3,40781.020974,0,0,1,0,0
810.96803,43,40796.344815,0,0,1,0,0
328.90969,1,40796.810123,0,0,1,0,0
328.931002,1,40797.164916,0,0,0,0,1
328.99729,1,40797.496734,0,0,0,0,1
663.232636,16,40801.465901,0,0,0,0,1
586.978931,28,40806.81993,0,0,1,0,0
626.672434,24,40811.044504,0,0,1,0,0
328.826743,1,40811.39606,0,0,0,0,1
328.931002,1,40811.762444,0,0,0,0,1
328.99729,1,40812.141357,0,0,0,0,1
-137.606449,5,40814.187046,0,0,1,0,0
607.074563,27,40819.779989,0,0,1,0,0
328.99729,1,40820.093645,0,0,0,0,1
301.12828,14,40830.144364,0,0,1,0,0
70.704166,11,40833.608679,0,0,1,0,0
328.826743,1,40834.06769,0,0,0,0,1
328.82862,1,40834.40495,0,0,0,0,1
328.826743,1,40834.776175,0,0,0,0,1
328.826743,1,40835.151716,0,0,0,0,1
592.343689,28,40842.784667,0,0,1,0,0
841.929435,39,40872.26297,0,0,1,0,0
328.99729,1,40872.544957,0,0,0,0,1
-10.540189,8,40875.557874,0,0,1,0,0
1084.2476,47,40905.239369,0,0,1,0,0
337.778864,1,40905.575002,0,0,0,0,1
337.939542,1,40905.966502,0,0,0,0,1
-115.362118,2,40906.540424,0,0,1,0,0
328.99729,1,40906.891666,0,0,0,0,1
328.852829,1,40907.178308,0,0,1,0,0
202.504872,15,40916.072385,1,0,0,0,0
328.931002,1,40916.386165,0,0,0,0,1
1189.879959,48,40926.980727,0,0,1,0,0
15.670674,9,40928.213279,0,0,1,0,0
-11.924997,8,40931.103842,0,0,1,0,0
612.123757,30,40937.687611,0,0,1,0,0
328.778864,1,40938.106599,0,0,0,0,1
328.82862,1,40938.477539,0,0,0,0,1
-9.976196,8,40939.554434,0,0,1,0,0
1494.878426,64,40955.771554,0,0,1,0,0
633.031075,10,40967.630848,0,0,1,0,0
328.826743,1,40967.959631,0,0,0,0,1
328.82862,1,40968.287357,0,0,0,0,1
213.973725,14,40974.966743,0,0,1,0,0
768.805035,33,40987.656017,0,0,1,0,0
337.939541,1,40987.948813,0,0,0,0,1
875.607735,39,41004.661041,0,0,1,0,0
1625.81813,79,41017.741508,1,0,0,0,0
328.852829,1,41018.044297,0,0,1,0,0
-126.388102,1,41018.41646,0,0,1,0,0
-132.922976,1,41020.351017,0,0,1,0,0
328.888918,1,41020.634562,0,0,1,0,0
337.888919,1,41021.03507,0,0,1,0,0
328.826743,1,41021.445591,0,0,0,0,1
334.417985,15,41036.797918,0,0,1,0,0
905.226463,39,41044.87905,0,0,1,0,0
328.93954,1,41045.235484,0,0,0,0,1
-9.626156,8,41046.29202,0,0,1,0,0
-126.390163,1,41046.682491,0,0,1,0,0
191.39596,10,41054.479527,0,0,1,0,0
328.863408,1,41054.885088,0,0,0,0,1
256.756854,15,41059.033091,0,0,1,0,0
294.280098,15,41067.94751,0,0,1,0,0
594.676556,26,41072.895234,0,0,1,0,0
-129.299877,4,41076.172001,0,0,1,0,0
1265.429126,51,41092.644836,0,0,1,0,0
328.881733,1,41093.103683,0,0,1,0,0
642.137962,24,41103.537154,0,0,1,0,0
912.144384,37,41143.291873,0,0,1,0,0
202.504872,15,41145.861169,1,0,0,0,0
328.873836,1,41146.275291,0,0,0,0,1
328.826743,1,41146.609346,0,0,0,0,1
18.071874,9,41147.630697,0,0,1,0,0
328.931002,1,41147.951067,0,0,0,0,1
328.826743,1,41148.331379,0,0,0,0,1
328.931002,1,41148.690741,0,0,0,0,1
-122.506057,7,41151.335334,0,0,1,0,0
431.937621,18,41155.447916,0,0,1,0,0
328.90969,1,41155.972315,0,0,1,0,0
-132.922976,1,41157.884316,0,0,1,0,0
-141.047251,1,41160.868226,1,0,0,0,0
337.997288,1,41161.239308,0,0,0,0,1
-199.755518,5,41162.11757,0,0,1,0,0
1847.825611,87,41187.587875,0,0,1,0,0
337.968284,1,41187.905864,0,0,0,0,1
97.12377,12,41191.66803,0,0,1,0,0
509.132491,22,41197.457043,0,0,1,0,0
328.778864,1,41204.24548,0,0,0,0,1
328.859287,1,41204.630168,1,0,0,0,0
200.948561,13,41212.670391,0,0,1,0,0
328.778864,1,41213.032117,0,0,0,0,1
337.888918,1,41213.43237,0,0,1,0,0
796.743408,35,41246.946527,0,0,1,0,0
262.391799,13,41252.132041,0,0,1,0,0
441.065944,24,41256.88311,0,0,1,0,0
559.163675,26,41264.375485,0,0,1,0,0
328.93954,1,41264.806049,0,0,0,0,1
328.778864,1,41265.24383,0,0,0,0,1
-148.296399,6,41269.077004,0,0,1,0,0
895.10052,39,41286.690242,0,0,1,0,0
328.920203,1,41287.119904,0,0,0,0,1
146.091162,16,41289.952678,0,0,1,0,0
473.324684,22,41300.404216,0,0,1,0,0
328.93954,1,41300.790249,0,0,0,0,1
198.927849,12,41302.876236,1,0,0,0,0
307.284632,18,41306.855035,0,0,1,0,0
337.99729,1,41307.233807,0,0,0,0,1
328.859287,1,41307.610747,1,0,0,0,0
328.881733,1,41308.037394,0,0,1,0,0
661.40973,35,41316.316874,1,0,0,0,0
1074.9327,50,41358.128537,0,0,1,0,0
1074.764272,45,41393.340368,0,0,1,0,0
328.778864,1,41393.634157,0,0,0,0,1
328.931002,1,41394.029858,0,0,0,0,1
328.82862,1,41394.398165,0,0,0,0,1
337.881734,1,41394.848227,0,0,1,0,0
344.665555,19,41398.714572,0,0,1,0,0
328.931002,1,41399.046892,0,0,0,0,1
539.117132,25,41405.705247,0,0,1,0,0
328.778864,1,41406.107881,0,0,0,0,1
399.034995,18,41425.911678,0,0,1,0,0
-132.922976,1,41427.852546,0,0,1,0,0
337.82862,1,41428.160612,0,0,0,0,1
1890.492305,83,41460.964174,0,0,1,0,0
-124.489981,5,41463.944205,0,0,1,0,0
-129.053571,4,41467.243987,0,0,1,0,0
328.931002,1,41467.556561,0,0,0,0,1
957.181932,43,41479.075438,0,0,1,0,0
225.774589,12,41485.953337,0,0,1,0,0
337.997289,1,41486.300478,0,0,0,0,1
-126.954332,3,41487.771415,1,0,0,0,0
337.931003,1,41488.075955,0,0,0,0,1
337.881733,1,41488.511861,0,0,1,0,0
166.33325,15,41492.49501,0,0,1,0,0
751.169642,34,41502.463907,0,0,1,0,0
-97.103247,2,41504.208762,0,0,1,0,0
606.345155,27,41511.861825,0,0,1,0,0
328.977188,1,41512.325262,0,0,0,0,1
584.826155,26,41524.217422,0,0,1,0,0
106.905011,10,41526.380265,0,0,1,0,0
328.93954,1,41526.732984,0,0,0,0,1
337.82862,1,41527.122731,0,0,0,0,1
1118.918583,52,41542.817198,0,0,1,0,0
337.778865,1,41543.234105,0,0,0,0,1
202.504872,15,41545.60802,1,0,0,0,0
599.78311,38,41555.73637,0,0,1,0,0
471.892334,22,41559.992668,0,0,1,0,0
328.82862,1,41560.289457,0,0,0,0,1
962.977793,44,41601.560802,0,0,1,0,0
328.778864,1,41601.886572,0,0,0,0,1
-126.951958,3,41604.347132,0,0,1,0,0
328.99729,1,41604.6439,0,0,0,0,1
991.09602,58,41614.275306,0,0,1,0,0
328.93954,1,41614.572734,0,0,0,0,1
761.048863,32,41627.73511,0,0,1,0,0
-217.050184,12,41629.334578,0,0,1,0,0
328.859287,1,41629.680415,1,0,0,0,0
328.881733,1,41630.140306,0,0,1,0,0
-43.423842,7,41631.812722,0,0,1,0,0
328.93954,1,41632.197436,0,0,0,0,1
337.800054,1,41632.601318,0,0,0,0,1
879.037751,38,41642.833809,1,0,0,0,0
319.023305,16,41647.120569,0,0,1,0,0
328.773494,1,41647.605649,0,0,1,0,0
18.286504,9,41648.589088,0,0,1,0,0
-132.931825,1,41650.423317,0,0,1,0,0
-15.580222,8,41653.68173,0,0,1,0,0
361.056569,23,41657.632351,0,0,1,0,0
-122.103929,6,41659.258869,0,0,1,0,0
-122.704886,6,41660.792065,0,0,1,0,0
337.863408,1,41661.129017,0,0,0,0,1
328.859287,1,41661.53886,1,0,0,0,0
35.494448,10,41662.893938,0,0,1,0,0
337.99729,1,41663.330668,0,0,0,0,1
585.87726,40,41706.50184,0,0,1,0,0
328.90969,1,41706.951725,0,0,1,0,0
328.93954,1,41707.299354,0,0,0,0,1
328.968284,1,41707.654288,0,0,0,0,1
328.826743,1,41708.076471,0,0,0,0,1
337.93954,1,41708.441084,0,0,0,0,1
321.129458,1,41708.887701,0,0,1,0,0
328.99729,1,41709.193077,0,0,0,0,1
3.672185,9,41712.583659,0,0,1,0,0
328.99729,1,41712.947025,0,0,0,0,1
121.849843,15,41715.493608,0,0,1,0,0
1039.677979,48,41730.73926,0,0,1,0,0
328.826743,1,41731.047084,0,0,0,0,1
328.846564,1,41731.372784,0,0,1,0,0
-76.559346,4,41732.360381,0,0,1,0,0
328.93954,1,41732.69363,0,0,0,0,1
42.255493,13,41735.057862,0,0,1,0,0
328.931002,1,41735.448652,0,0,0,0,1
-137.629805,5,41737.5937,0,0,1,0,0
1046.582305,43,41783.046652,0,0,1,0,0
706.280287,32,41788.714726,0,0,1,0,0
328.99729,1,41789.009659,0,0,0,0,1
557.637862,33,41798.04327,0,0,1,0,0
328.93954,1,41798.47944,0,0,0,0,1
328.931002,1,41798.899259,0,0,0,0,1
-147.59159,6,41802.614169,0,0,1,0,0
701.901005,26,41826.244072,0,0,1,0,0
-132.738533,1,41826.777744,0,0,1,0,0
779.938767,35,41835.927053,0,0,1,0,0
328.931002,1,41836.227528,0,0,0,0,1
328.826743,1,41836.579593,0,0,0,0,1
328.968284,1,41836.922948,0,0,0,0,1
258.079881,15,41844.735668,0,0,1,0,0
328.93954,1,41845.0606,0,0,0,0,1
493.452882,31,41850.434292,0,0,1,0,0
337.968283,1,41850.786308,0,0,0,0,1
328.93954,1,41851.258476,0,0,0,0,1
328.778864,1,41851.691163,0,0,0,0,1
794.037712,36,41875.712789,0,0,1,0,0
431.618404,24,41880.021005,0,0,1,0,0
634.729737,29,41885.97624,1,0,0,0,0
878.562033,36,41898.460541,0,0,1,0,0
328.931002,1,41898.769915,0,0,0,0,1
558.740733,29,41904.236627,0,0,1,0,0
148.891317,16,41906.827061,0,0,1,0,0
328.931002,1,41907.27378,0,0,0,0,1
328.800053,1,41907.611598,0,0,0,0,1
328.99729,1,41907.967188,0,0,0,0,1
-140.744684,5,41910.567698,1,0,0,0,0
328.846564,1,41910.856658,0,0,1,0,0
738.240223,34,41917.652081,0,0,1,0,0
312.583602,17,42268.876506,0,0,1,0,0
805.062826,36,42276.30663,0,0,1,0,0
997.594183,37,42290.688449,0,0,1,0,0
337.863409,1,42291.062375,0,0,0,0,1
788.348682,37,42314.019588,0,0,1,0,0
11.094302,9,42315.324406,0,0,1,0,0
337.93954,1,42315.735234,0,0,0,0,1
328.778864,1,42316.165522,0,0,0,0,1
249.675017,15,42324.194072,0,0,1,0,0
328.863408,1,42324.45887,0,0,0,0,1
532.595183,20,42345.802238,0,0,1,0,0
328.931002,1,42346.181132,0,0,0,0,1
328.800053,1,42346.54392,0,0,0,0,1
328.991637,1,42346.989296,0,0,0,0,1
718.173897,32,42365.67349,0,0,1,0,0
475.477422,19,42373.8517,0,0,1,0,0
299.843381,33,42389.805561,0,0,1,0,0
651.168697,33,42401.974969,0,0,1,0,0
171.998801,15,42405.770918,0,0,1,0,0
-153.527846,3,42409.822932,0,0,1,0,0
729.943866,45,42438.579551,0,0,1,0,0
-115.012204,1,42438.991841,0,0,1,0,0
328.881733,1,42439.351474,0,0,1,0,0
748.308326,33,42446.445743,0,0,1,0,0
328.863408,1,42446.777859,0,0,0,0,1
260.566395,17,42450.057466,0,0,1,0,0
337.968284,1,42450.451151,0,0,0,0,1
437.026222,20,42459.499871,0,0,1,0,0
975.100137,44,42478.987039,0,0,1,0,0
328.93954,1,42479.302791,0,0,0,0,1
66.347143,13,42487.980335,0,0,1,0,0
328.93954,1,42488.362178,0,0,0,0,1
-140.999267,1,42491.427997,1,0,0,0,0
49.997977,10,42493.228732,0,0,1,0,0
584.938774,29,42501.820656,0,0,1,0,0
757.06688,29,42512.278948,0,0,1,0,0
328.859287,1,42512.607579,1,0,0,0,0
538.284061,27,42522.425974,0,0,1,0,0
666.824678,32,42532.384555,0,0,1,0,0
774.673637,37,42543.474443,0,0,1,0,0
119.875053,15,42546.056053,0,0,1,0,0
6.793361,9,42556.33687,0,0,1,0,0
-198.930355,8,42557.234443,0,0,1,0,0
75.665782,11,42560.690404,0,0,1,0,0
328.800053,1,42561.139607,0,0,0,0,1
361.297282,16,42577.184331,0,0,1,0,0
328.826743,1,42577.515934,0,0,0,0,1
328.93954,1,42577.890522,0,0,0,0,1
188.853385,20,42587.195603,0,0,1,0,0
-198.663258,8,42588.084026,0,0,1,0,0
278.67778,19,42590.748723,0,0,1,0,0
328.99729,1,42591.108897,0,0,0,0,1
328.99729,1,42591.515516,0,0,0,0,1
323.835025,16,42594.586411,0,0,1,0,0
973.810997,43,42604.286328,0,0,1,0,0
262.095894,15,42942.586545,0,0,1,0,0
442.111244,22,42952.546806,0,0,1,0,0
328.931002,1,42952.892165,0,0,0,0,1
321.129458,1,42953.348061,0,0,1,0,0
328.778864,1,42953.692614,0,0,0,0,1
328.800053,1,42954.059935,0,0,0,0,1
646.036143,30,42959.97534,0,0,1,0,0
-139.283125,5,42962.734728,1,0,0,0,0
1451.491324,68,42983.15617,0,0,1,0,0
328.881733,1,42983.622217,0,0,1,0,0
633.097908,10,42995.839598,0,0,1,0,0
-129.071402,1,42996.374951,0,0,1,0,0
-97.103247,2,42998.244201,0,0,1,0,0
1046.812299,42,43006.357161,0,0,1,0,0
427.313929,22,43010.438325,0,0,1,0,0
712.75457,26,43031.683805,0,0,1,0,0
712.757787,26,43042.217251,0,0,1,0,0
-90.108958,2,43042.746253,0,0,1,0,0
328.888918,1,43043.057922,0,0,1,0,0
537.766201,27,43049.262234,0,0,1,0,0
337.800053,1,43049.668123,0,0,0,0,1
237.886582,15,43400.182867,0,0,1,0,0
631.802526,28,43410.607689,0,0,1,0,0
690.207071,39,43430.598421,0,0,1,0,0
328.93954,1,43430.968086,0,0,0,0,1
328.881733,1,43431.466619,0,0,1,0,0
106.905011,10,43433.651299,0,0,1,0,0
1092.83327,46,43445.764358,0,0,1,0,0
330.129457,1,43446.24102,0,0,1,0,0
328.93954,1,43446.581906,0,0,0,0,1
321.129458,1,43447.077354,0,0,1,0,0
955.626206,38,43467.798737,0,0,1,0,0
734.058333,13,43479.45437,0,0,0,0,1
868.59563,40,43486.795912,0,0,1,0,0
1328.125719,53,43506.250371,0,0,1,0,0
328.931002,1,43506.545421,0,0,0,0,1
65.100089,14,43557.631551,0,0,1,0,0
-199.603445,5,43558.507007,0,0,1,0,0
328.80893,1,43558.796152,0,0,0,0,1
639.991198,10,43561.139282,0,0,0,0,1
-121.785213,6,43562.575198,0,0,1,0,0
-124.011808,1,43562.944004,0,0,1,0,0
328.773494,1,43563.354579,0,0,1,0,0
504.845045,25,43568.292107,1,0,0,0,0
328.800053,1,43568.633353,0,0,0,0,1
328.826743,1,43569.023299,0,0,0,0,1
321.129458,1,43569.487314,0,0,1,0,0
328.99729,1,43569.78035,0,0,0,0,1
575.838458,26,43577.340741,1,0,0,0,0
441.238896,20,43590.32299,1,0,0,0,0
328.873836,1,43590.788985,0,0,0,0,1
598.133485,29,43595.117188,0,0,1,0,0
337.881733,1,43595.509896,0,0,1,0,0
656.416927,27,43604.991627,0,0,1,0,0
328.859287,1,43605.345472,1,0,0,0,0
328.826743,1,43605.774174,0,0,0,0,1
328.800053,1,43606.113653,0,0,0,0,1
337.863408,1,43606.512388,0,0,0,0,1
-154.128555,6,43610.070142,0,0,1,0,0
605.965922,28,43618.97553,0,0,1,0,0
328.846564,1,43619.287742,0,0,1,0,0
584.155177,21,43639.255488,0,0,1,0,0
-42.18719,7,43640.868506,0,0,1,0,0
261.48135,13,43645.793175,0,0,1,0,0
337.800053,1,43646.06791,0,0,0,0,1
996.640194,43,43666.757511,0,0,1,0,0
337.778864,1,43667.111428,0,0,0,0,1
337.826743,1,43667.481818,0,0,0,0,1
139.546476,13,43670.770254,0,0,1,0,0
269.269236,14,43672.954917,0,0,1,0,0
482.53355,23,43679.661575,1,0,0,0,0
328.800053,1,43680.107474,0,0,0,0,1
328.800053,1,43686.869601,0,0,0,0,1
337.86341,1,43687.267507,0,0,0,0,1
522.431295,33,43692.860222,0,0,1,0,0
307.366961,20,43696.419328,0,0,1,0,0
217.319087,17,43714.462165,0,0,1,0,0
328.931002,1,43714.856446,0,0,0,0,1
337.881734,1,43715.290561,0,0,1,0,0
228.038248,13,43717.95968,0,0,1,0,0
828.982585,37,43725.976178,0,0,1,0,0
328.82862,1,43726.327011,0,0,0,0,1
328.968284,1,43726.722867,0,0,0,0,1
-118.314378,5,43729.482903,0,0,1,0,0
-150.446909,7,43733.565561,0,0,1,0,0
337.931001,1,43733.870644,0,0,0,0,1
-128.085742,6,43737.036341,0,0,1,0,0
493.228155,30,43747.605964,0,0,1,0,0
-125.845307,5,43750.168776,0,0,1,0,0
337.931003,1,43750.5079,0,0,0,0,1
736.30872,13,43761.727907,0,0,0,0,1
1337.035225,54,43775.684888,1,0,0,0,0
773.775674,33,43801.1283,1,0,0,0,0
337.931001,1,43801.483742,0,0,0,0,1
465.551943,22,43816.922479,0,0,1,0,0
328.826743,1,43817.207559,0,0,0,0,1
328.90969,1,43817.621715,0,0,1,0,0
328.859287,1,43817.944063,1,0,0,0,0
775.202394,44,43831.802391,1,0,0,0,0
440.035802,24,43836.318674,0,0,1,0,0
328.826743,1,43836.676928,0,0,0,0,1
328.831123,1,43837.094125,0,0,0,0,1
767.877756,34,44200.146462,0,0,1,0,0
-124.011808,1,44200.591422,0,0,1,0,0
-36.979495,4,44201.651185,0,0,1,0,0
922.208306,45,44216.935015,0,0,1,0,0
337.852829,1,44217.233838,0,0,1,0,0
328.82862,1,44217.556323,0,0,0,0,1
328.931002,1,44217.914163,0,0,0,0,1
202.504872,15,44220.266342,1,0,0,0,0
-43.626204,7,44221.937304,0,0,1,0,0
2145.905414,71,44292.404303,0,0,1,0,0
-126.792817,3,44294.750168,0,0,1,0,0
-108.122235,2,44295.242465,0,0,1,0,0
749.342399,34,44305.684315,0,0,1,0,0
1071.100786,52,44316.401996,0,0,1,0,0
328.90969,1,44316.795891,0,0,1,0,0
428.854159,20,44322.339607,0,0,1,0,0
118.598125,12,44325.51488,0,0,1,0,0
328.931002,1,44325.919728,0,0,0,0,1
-138.403999,5,44327.869111,0,0,1,0,0
321.129458,1,44328.234705,0,0,1,0,0
337.800053,1,44328.537938,0,0,0,0,1
-115.362118,2,44329.060098,0,0,1,0,0
328.931002,1,44329.366601,0,0,0,0,1
538.725113,25,44334.13324,0,0,1,0,0
337.931002,1,44334.454803,0,0,0,0,1
699.251239,30,44352.39416,1,0,0,0,0
-108.16604,2,44352.842899,1,0,0,0,0
-133.456846,4,44356.3702,0,0,1,0,0
-126.388102,1,44356.740881,0,0,1,0,0
328.863408,1,44357.059879,0,0,0,0,1
328.99729,1,44357.453053,0,0,0,0,1
337.997289,1,44357.88267,0,0,0,0,1
337.93954,1,44358.307178,0,0,0,0,1
328.82862,1,44358.675287,0,0,0,0,1
-40.83331,7,44360.392876,0,0,1,0,0
74.345933,11,44362.283786,0,0,1,0,0
337.939541,1,44362.593145,0,0,0,0,1
328.90969,1,44363.050235,0,0,1,0,0
745.634549,20,44366.849431,0,0,0,0,1
337.997289,1,44367.202393,0,0,0,0,1
-141.032839,1,44370.178627,1,0,0,0,0
-122.691995,3,44373.49155,0,0,1,0,0
-126.984622,3,44375.821022,0,0,1,0,0
1167.764963,51,44401.631058,0,0,1,0,0
351.711119,23,44405.814727,0,0,1,0,0
-127.0464,3,44408.136653,0,0,1,0,0
321.129458,1,44408.518036,0,0,1,0,0
633.089418,28,44420.742202,0,0,1,0,0
341.773363,18,44425.131397,0,0,1,0,0
505.442472,31,44429.843843,0,0,1,0,0
337.778864,1,44430.200419,0,0,0,0,1
328.859287,1,44430.535532,1,0,0,0,0
328.968284,1,44430.862912,0,0,0,0,1
714.385934,28,44448.241466,0,0,1,0,0
165.212185,10,44452.175524,0,0,1,0,0
328.826743,1,44452.482443,0,0,0,0,1
202.504872,15,44454.83938,1,0,0,0,0
1473.802905,65,44472.988447,0,0,1,0,0
-124.612817,5,44475.956795,0,0,1,0,0
1976.489584,84,44501.86055,0,0,1,0,0
328.99729,1,44502.144305,0,0,0,0,1
675.396975,38,44511.530988,0,0,1,0,0
-194.873458,9,44512.78301,0,0,1,0,0
495.337836,21,44526.097013,0,0,1,0,0
1824.119514,75,44561.198768,0,0,1,0,0
328.99729,1,44561.599309,0,0,0,0,1
-36.893151,4,44562.722497,0,0,1,0,0
1672.834335,76,44593.041145,0,0,1,0,0
337.881733,1,44593.4527,0,0,1,0,0
337.939541,1,44593.769383,0,0,0,0,1
133.052576,14,44596.586385,0,0,1,0,0
328.90969,1,44597.022575,0,0,1,0,0
136.541596,14,44599.686074,0,0,1,0,0
195.435122,12,44602.172548,0,0,1,0,0
629.537312,27,44955.387859,0,0,1,0,0
15.374169,9,44957.322712,0,0,1,0,0
377.899942,21,44961.595073,0,0,1,0,0
599.245263,31,44975.379482,0,0,1,0,0
697.919169,30,44980.705019,1,0,0,0,0
-129.071402,1,44981.150075,0,0,1,0,0
328.931002,1,44981.528121,0,0,0,0,1
1016.058366,52,44996.668692,1,0,0,0,0
337.800054,1,44997.095349,0,0,0,0,1
328.93954,1,44997.477186,0,0,0,0,1
-207.876454,5,44999.863682,0,0,1,0,0
1266.758271,31,45005.46455,0,0,0,0,1
-108.122235,2,45005.988007,0,0,1,0,0
528.573831,26,45013.343357,0,0,1,0,0
-99.12252,2,45014.007201,0,0,1,0,0
328.852829,1,45014.282465,0,0,1,0,0
328.931002,1,45014.691031,0,0,0,0,1
819.660625,37,45024.417968,0,0,1,0,0
581.497367,30,45031.3077,0,0,1,0,0
328.99729,1,45031.722464,0,0,0,0,1
337.938688,1,45032.146228,0,0,0,0,1
328.863408,1,45032.553653,0,0,0,0,1
434.60405,21,45042.868747,0,0,1,0,0
337.778863,1,45043.27398,0,0,0,0,1
1820.548139,71,45070.859708,0,0,1,0,0
337.968284,1,45071.208944,0,0,0,0,1
337.939541,1,45071.613891,0,0,0,0,1
328.931002,1,45071.980635,0,0,0,0,1
328.778864,1,45072.327527,0,0,0,0,1
328.778864,1,45072.70917,0,0,0,0,1
-126.996194,3,45074.164592,1,0,0,0,0
767.765743,40,45082.714941,1,0,0,0,0
-72.421833,7,45087.572913,0,0,1,0,0
991.550408,42,45124.759978,0,0,1,0,0
325.753031,20,45128.482019,1,0,0,0,0
344.154615,18,45131.917133,0,0,1,0,0
328.863408,1,45132.207956,0,0,0,0,1
-132.738533,1,45132.799112,0,0,1,0,0
337.852831,1,45133.098566,0,0,1,0,0
-126.999021,3,45135.42586,0,0,1,0,0
878.268607,19,45139.358098,0,0,0,0,1
632.754856,23,45159.223272,0,0,1,0,0
-67.566851,4,45160.245047,0,0,1,0,0
328.859285,1,45160.634906,1,0,0,0,0
328.826743,1,45161.025386,0,0,0,0,1
328.778864,1,45161.391908,0,0,0,0,1
-46.877462,7,45169.612819,0,0,1,0,0
995.167042,41,45180.691111,0,0,1,0,0
328.93954,1,45181.033522,0,0,0,0,1
-126.799384,3,45182.505576,1,0,0,0,0
328.968284,1,45182.785846,0,0,0,0,1
337.931002,1,45183.193119,0,0,0,0,1
647.453091,29,45192.70736,0,0,1,0,0
328.778864,1,45193.118861,0,0,0,0,1
328.800053,1,45193.50811,0,0,0,0,1
675.216412,38,45199.31151,0,0,1,0,0
779.12028,34,45216.415541,0,0,1,0,0
328.852829,1,45216.643156,0,0,1,0,0
708.716007,32,45222.242513,0,0,1,0,0
-145.839666,7,45226.120955,0,0,1,0,0
328.826743,1,45226.40996,0,0,0,0,1
1054.914842,43,45264.807441,0,0,1,0,0
11.850065,9,45265.939253,0,0,1,0,0
631.274893,10,45268.214447,0,0,0,0,1
328.931002,1,45268.615685,0,0,0,0,1
328.99729,1,45268.973863,0,0,0,0,1
576.817376,27,45283.663493,1,0,0,0,0
328.888918,1,45284.004129,0,0,1,0,0
967.924578,22,45288.188671,0,0,0,0,1
22.432527,9,45289.084565,0,0,1,0,0
180.309387,10,45302.1459,0,0,1,0,0
337.997291,1,45302.480942,0,0,0,0,1
328.93954,1,45302.896358,0,0,0,0,1
328.800053,1,45303.283911,0,0,0,0,1
328.881733,1,45303.716061,0,0,1,0,0
328.881733,1,45304.1477,0,0,1,0,0
172.400529,14,45307.261717,0,0,1,0,0
8.734602,9,45310.282629,0,0,1,0,0
1209.266146,51,45322.647924,1,0,0,0,0
337.99729,1,45323.042007,0,0,0,0,1
337.99729,1,45323.464722,0,0,0,0,1
328.90969,1,45323.896864,0,0,1,0,0
337.826742,1,45324.230302,0,0,0,0,1
210.733836,12,45327.246462,0,0,1,0,0
328.931002,1,45327.649512,0,0,0,0,1
1099.875943,52,45354.790513,0,0,1,0,0
328.826743,1,45355.15089,0,0,0,0,1
943.527314,38,45368.550616,0,0,1,0,0
328.826743,1,45368.869597,0,0,0,0,1
210.866123,14,45372.542334,0,0,1,0,0
368.388256,17,45383.909241,0,0,1,0,0
1147.455262,72,45406.442387,1,0,0,0,0
-13.219976,8,45407.769732,0,0,1,0,0
328.881733,1,45408.198432,0,0,1,0,0
328.90969,1,45408.612394,0,0,1,0,0
337.778864,1,45408.992702,0,0,0,0,1
328.778864,1,45409.372161,0,0,0,0,1
328.800053,1,45409.758547,0,0,0,0,1
328.920203,1,45410.215966,0,0,0,0,1
328.778864,1,45410.579621,0,0,0,0,1
671.158949,27,45425.576129,0,0,1,0,0
330.413763,17,45441.122589,0,0,1,0,0
96.964368,11,45444.081104,0,0,1,0,0
35.887045,10,45448.331083,0,0,1,0,0
632.022558,10,45460.22013,0,0,0,0,1
328.968284,1,45460.583905,0,0,0,0,1
247.838588,13,45466.318663,1,0,0,0,0
735.924983,13,45477.712403,0,0,0,0,1
328.778864,1,45478.131028,0,0,0,0,1
739.874509,31,45487.645079,1,0,0,0,0
-88.105196,2,45489.506975,0,0,1,0,0
328.93954,1,45489.819597,0,0,0,0,1
564.640071,27,45495.499462,0,0,1,0,0
900.015656,39,45511.123546,0,0,1,0,0
337.968284,1,45511.389622,0,0,0,0,1
359.909323,18,45521.326365,1,0,0,0,0
-132.922976,1,45523.307476,0,0,1,0,0
411.243899,22,45526.379927,0,0,1,0,0
328.846564,1,45526.725855,0,0,1,0,0
328.99729,1,45527.057873,0,0,0,0,1
321.129458,1,45527.502248,0,0,1,0,0
328.99729,1,45527.826991,0,0,0,0,1
328.800053,1,45528.219833,0,0,0,0,1
782.111736,28,45545.589017,0,0,1,0,0
692.346323,35,45550.717179,1,0,0,0,0
291.914452,16,45557.025147,0,0,1,0,0
-99.117857,2,45557.56938,0,0,1,0,0
328.931002,1,45557.933882,0,0,0,0,1
337.826743,1,45558.305614,0,0,0,0,1
-126.388102,1,45558.698981,0,0,1,0,0
328.859289,1,45559.051469,1,0,0,0,0
337.931002,1,45559.482053,0,0,0,0,1
759.100853,34,45570.825457,0,0,1,0,0
337.939541,1,45571.261528,0,0,0,0,1
878.138704,39,45587.049767,0,0,1,0,0
328.881733,1,45587.543101,0,0,1,0,0
-141.015153,1,45590.678954,1,0,0,0,0
-132.922976,1,45592.716366,0,0,1,0,0
262.088655,18,45595.339014,0,0,1,0,0
1142.360156,49,45607.14581,1,0,0,0,0
330.129458,1,45607.606272,0,0,1,0,0
674.093555,29,45616.665696,0,0,1,0,0
332.570995,16,45634.146717,0,0,1,0,0
328.90969,1,45634.598298,0,0,1,0,0
1148.42597,49,45682.115083,0,0,1,0,0
246.426023,31,45694.165794,0,0,1,0,0
328.947109,1,45694.535913,0,0,0,0,1
374.766623,23,45698.605215,0,0,1,0,0
321.129458,1,45699.069682,0,0,1,0,0
328.826743,1,45699.423443,0,0,0,0,1
205.334024,14,45711.116287,0,0,1,0,0
370.857294,16,45726.603846,0,0,1,0,0
373.789356,18,45737.884113,1,0,0,0,0
328.800053,1,45738.342993,0,0,0,0,1
399.624789,19,45742.165928,0,0,1,0,0
102.317951,15,45744.971408,0,0,1,0,0
27.57733,9,45746.120539,0,0,1,0,0
850.039527,36,45755.366115,0,0,1,0,0
-133.439303,4,45758.816153,0,0,1,0,0
328.831123,1,45759.133928,0,0,0,0,1
-118.602627,7,45761.708622,0,0,1,0,0
328.778864,1,45762.084841,0,0,0,0,1
-133.393913,4,45765.394083,0,0,1,0,0
1175.083,59,45775.925268,0,0,1,0,0
337.931001,1,45776.257955,0,0,0,0,1
328.99729,1,45776.629462,0,0,0,0,1
622.633627,30,45782.297951,0,0,1,0,0
328.826743,1,45782.648308,0,0,0,0,1
328.773494,1,45783.165612,0,0,1,0,0
170.836843,15,45786.110232,0,0,1,0,0
146.570809,10,45789.669703,0,0,1,0,0
328.881733,1,45790.211543,0,0,1,0,0
328.873836,1,45790.633404,0,0,0,0,1
-115.392526,2,45791.175189,0,0,1,0,0
231.950257,12,45796.246714,0,0,1,0,0
-151.800564,7,45800.199084,0,0,1,0,0
517.953148,26,45805.48585,0,0,1,0,0
328.881733,1,45805.982825,0,0,1,0,0
813.907674,36,45843.565974,0,0,1,0,0
337.99729,1,45843.95338,0,0,0,0,1
337.826743,1,45844.342454,0,0,0,0,1
328.947109,1,45844.769022,0,0,0,0,1
337.852829,1,45845.005857,0,0,1,0,0
328.778864,1,45845.361684,0,0,0,0,1
301.498168,16,45855.432657,0,0,1,0,0
621.133398,26,45865.716651,0,0,1,0,0
328.99729,1,45866.044321,0,0,0,0,1
603.848444,22,45886.662923,0,0,1,0,0
330.129458,1,45887.163259,0,0,1,0,0
-108.16604,2,45887.617171,1,0,0,0,0
328.859287,1,45887.977743,1,0,0,0,0
68.251293,11,45891.198859,0,0,1,0,0
116.221209,15,45893.983659,0,0,1,0,0
328.991637,1,45894.455267,0,0,0,0,1
438.067512,21,45898.296532,0,0,1,0,0
337.778864,1,45898.638623,0,0,0,0,1
328.778864,1,45899.018399,0,0,0,0,1
520.344668,33,45904.895138,0,0,1,0,0
328.931002,1,45905.301185,0,0,0,0,1
328.778864,1,45905.674093,0,0,0,0,1
337.826742,1,45906.023602,0,0,0,0,1
526.28748,26,45914.684446,0,0,1,0,0
-122.497764,7,45917.319829,0,0,1,0,0
337.99729,1,45917.621469,0,0,0,0,1
328.881733,1,45918.05387,0,0,1,0,0
337.800053,1,45918.371602,0,0,0,0,1
-124.411285,3,45921.682019,0,0,1,0,0
328.859287,1,45922.031149,1,0,0,0,0
-126.386237,1,45922.506921,0,0,1,0,0
337.997289,1,45922.871019,0,0,0,0,1
87.733566,14,45925.11523,0,0,1,0,0
-193.695831,9,45926.451378,0,0,1,0,0
328.826743,1,45926.72892,0,0,0,0,1
328.931002,1,45927.061927,0,0,0,0,1
328.859287,1,45927.387539,1,0,0,0,0
-187.115632,5,45929.727466,0,0,1,0,0
302.738786,17,45949.94134,0,0,1,0,0
-42.18719,7,45951.439669,0,0,1,0,0
-9.571684,8,45952.629041,0,0,1,0,0
528.639169,25,45975.214853,0,0,1,0,0
328.82862,1,45975.560179,0,0,0,0,1
135.42017,10,45978.852433,0,0,1,0,0
-9.626156,8,45980.132865,0,0,1,0,0
68.227952,13,45982.392795,0,0,1,0,0
328.82862,1,45982.734782,0,0,0,0,1
655.414941,28,45992.584408,1,0,0,0,0
343.647576,17,45995.694549,1,0,0,0,0
328.881733,1,45996.095562,0,0,1,0,0
633.445079,10,46008.122975,0,0,0,0,1
267.149902,15,46015.991566,0,0,1,0,0
328.871794,1,46016.390234,0,0,0,0,1
673.915096,24,46028.13827,0,0,1,0,0
582.103607,28,46036.027431,0,0,1,0,0
378.048655,19,46039.910371,0,0,1,0,0
328.93954,1,46040.282188,0,0,0,0,1
337.968284,1,46040.688093,0,0,0,0,1
848.163984,36,46058.324349,0,0,1,0,0
321.129458,1,46058.809908,0,0,1,0,0
328.931002,1,46059.140876,0,0,0,0,1
92.204925,7,46065.829072,0,0,1,0,0
328.931002,1,46066.121457,0,0,0,0,1
676.953265,32,46072.054782,0,0,1,0,0
1611.464513,74,46148.489292,0,0,1,0,0
86.400909,8,46150.636476,0,0,1,0,0
337.939539,1,46151.039878,0,0,0,0,1
582.981379,29,46161.455937,0,0,1,0,0
-123.997753,3,46164.793413,0,0,1,0,0
442.506806,19,46172.650857,0,0,1,0,0
-124.379889,3,46175.967582,0,0,1,0,0
777.996619,32,46189.815544,0,0,1,0,0
911.63076,43,46202.394562,0,0,1,0,0
959.873922,46,46220.033845,1,0,0,0,0
573.981257,27,46227.034883,0,0,1,0,0
328.863408,1,46227.468602,0,0,0,0,1
548.670619,26,46257.289802,0,0,1,0,0
328.931002,1,46257.57696,0,0,0,0,1
-15.585952,8,46260.980366,0,0,1,0,0
-126.999021,3,46263.352603,0,0,1,0,0
12.127916,9,46266.292703,0,0,1,0,0
272.127658,16,46277.132063,0,0,1,0,0
328.888918,1,46277.468338,0,0,1,0,0
328.881733,1,46277.969794,0,0,1,0,0
-124.087411,3,46281.378161,0,0,1,0,0
328.831123,1,46281.719182,0,0,0,0,1
708.229732,30,46289.09939,0,0,1,0,0
337.939541,1,46289.413566,0,0,0,0,1
328.859287,1,46289.808287,1,0,0,0,0
328.881733,1,46290.19492,0,0,1,0,0
443.73856,23,46294.002618,1,0,0,0,0
910.516477,46,46313.822011,0,0,1,0,0
942.298095,40,46384.228214,0,0,1,0,0
703.789226,32,46402.707312,0,0,1,0,0
328.931002,1,46403.059458,0,0,0,0,1
337.800052,1,46403.387206,0,0,0,0,1
-137.331698,5,46405.409206,0,0,1,0,0
853.414536,33,46416.732573,0,0,1,0,0
-198.663258,8,46417.549313,0,0,1,0,0
202.504872,15,46419.794227,1,0,0,0,0
328.826743,1,46420.143573,0,0,0,0,1
328.82862,1,46420.47643,0,0,0,0,1
323.023694,19,46423.980531,0,0,1,0,0
328.831123,1,46424.316056,0,0,0,0,1
491.181234,23,46429.822276,1,0,0,0,0
328.778864,1,46430.199343,0,0,0,0,1
328.873836,1,46430.62323,0,0,0,0,1
-124.489981,5,46433.494074,0,0,1,0,0
-60.048917,7,46438.258291,0,0,1,0,0
139.103043,13,46441.07206,0,0,1,0,0
578.190463,26,46455.471797,1,0,0,0,0
328.977411,1,46455.968797,0,0,0,0,1
328.991637,1,46456.337643,0,0,0,0,1
-229.31899,13,46457.94784,0,0,1,0,0
337.800053,1,46458.270036,0,0,0,0,1
328.931002,1,46458.668614,0,0,0,0,1
328.93954,1,46459.061589,0,0,0,0,1
337.826743,1,46459.439544,0,0,0,0,1
343.835276,32,46474.972437,0,0,1,0,0
328.93954,1,46475.258594,0,0,0,0,1
-123.734288,1,46475.85024,0,0,1,0,0
648.765769,30,46488.498222,0,0,1,0,0
-121.954104,6,46490.043875,0,0,1,0,0
328.778864,1,46490.344645,0,0,0,0,1
6.992583,9,46493.427334,0,0,1,0,0
328.931002,1,46493.802661,0,0,0,0,1
-123.609728,3,46497.175338,0,0,1,0,0
-158.034737,4,46501.564032,0,0,1,0,0
645.328092,24,46513.587896,0,0,1,0,0
-153.527846,3,46517.916681,0,0,1,0,0
337.800052,1,46518.20541,0,0,0,0,1
328.826743,1,46518.567812,0,0,0,0,1
328.90969,1,46519.009503,0,0,1,0,0
328.826743,1,46519.357982,0,0,0,0,1
83.912119,12,46522.85341,0,0,1,0,0
328.991637,1,46523.320841,0,0,0,0,1
328.800053,1,46523.638282,0,0,0,0,1
736.309521,39,46530.327489,0,0,1,0,0
550.457187,27,46536.967472,1,0,0,0,0
485.457849,24,46542.996524,0,0,1,0,0
328.82862,1,46543.358181,0,0,0,0,1
328.826743,1,46543.703653,0,0,0,0,1
328.859287,1,46544.03485,1,0,0,0,0
-135.705908,5,46546.01184,0,0,1,0,0
337.931,1,46546.286848,0,0,0,0,1
429.676378,22,46558.553457,0,0,1,0,0
-188.764995,5,46560.731219,0,0,1,0,0
774.336164,32,46570.739444,0,0,1,0,0
699.871588,31,46581.047714,0,0,1,0,0
328.863408,1,46581.350841,0,0,0,0,1
377.903776,20,46586.388838,0,0,1,0,0
337.826743,1,46586.710761,0,0,0,0,1
479.380659,25,46591.78787,0,0,1,0,0
-223.793572,12,46593.54235,0,0,1,0,0
328.90969,1,46593.913264,0,0,1,0,0
122.722169,12,46597.096103,0,0,1,0,0
328.778864,1,46597.57506,0,0,0,0,1
-31.223128,7,46599.256141,0,0,1,0,0
337.881734,1,46599.691839,0,0,1,0,0
1021.116546,43,46638.700121,0,0,1,0,0
328.863408,1,46638.981447,0,0,0,0,1
337.778864,1,46639.385166,0,0,0,0,1
-122.629266,3,46642.563416,0,0,1,0,0
591.91737,24,46647.05528,0,0,1,0,0
328.800053,1,46647.417632,0,0,0,0,1
328.859288,1,46647.769581,1,0,0,0,0
328.846564,1,46648.133168,0,0,1,0,0
930.23976,39,46671.01165,0,0,1,0,0
321.129458,1,46671.435972,0,0,1,0,0
-39.98986,7,46673.071311,0,0,1,0,0
328.93954,1,46673.432848,0,0,0,0,1
301.526436,19,46676.052527,0,0,1,0,0
328.778864,1,46676.394071,0,0,0,0,1
328.826743,1,46676.732186,0,0,0,0,1
330.129458,1,46677.109951,0,0,1,0,0
328.99729,1,46677.402642,0,0,0,0,1
640.10104,10,46679.600582,0,0,0,0,1
911.962343,40,46697.472043,0,0,1,0,0
607.706963,23,46713.137949,0,0,1,0,0
337.93954,1,46713.45489,0,0,0,0,1
633.581311,10,46725.357685,0,0,0,0,1
-126.996194,3,46726.753091,1,0,0,0,0
328.82862,1,46727.071764,0,0,0,0,1
328.920203,1,46727.551171,0,0,0,0,1
328.968284,1,46727.926488,0,0,0,0,1
328.778864,1,46728.388967,0,0,0,0,1
598.358997,34,46735.790685,0,0,1,0,0
328.99729,1,46736.199533,0,0,0,0,1
388.622454,16,46742.773073,0,0,1,0,0
328.826743,1,46743.071856,0,0,0,0,1
260.074281,18,46756.440088,0,0,1,0,0
337.931001,1,46756.754456,0,0,0,0,1
620.75745,30,46766.304,1,0,0,0,0
1694.870867,59,46807.117794,0,0,1,0,0
234.912576,19,46812.886913,0,0,1,0,0
328.800053,1,46813.194466,0,0,0,0,1
337.881732,1,46813.671917,0,0,1,0,0
328.831123,1,46813.989661,0,0,0,0,1
328.881733,1,46814.37271,0,0,1,0,0
328.826743,1,46814.661456,0,0,0,0,1
328.931002,1,46814.990118,0,0,0,0,1
337.778865,1,46815.313976,0,0,0,0,1
762.73037,42,46829.453045,0,0,1,0,0
375.472146,17,46848.002223,0,0,1,0,0
328.920203,1,46848.422897,0,0,0,0,1
862.640627,45,46860.50883,1,0,0,0,0
570.81741,28,46891.232254,0,0,1,0,0
328.90969,1,46891.582808,0,0,1,0,0
328.99729,1,46891.945171,0,0,0,0,1
337.826742,1,46892.315217,0,0,0,0,1
-9.626156,8,46893.490864,0,0,1,0,0
337.938687,1,46893.826918,0,0,0,0,1
309.331067,19,46897.273176,0,0,1,0,0
290.510009,19,46900.769373,0,0,1,0,0
629.89237,10,46902.984351,0,0,0,0,1
222.326795,17,46906.649987,0,0,1,0,0
328.778864,1,46907.033466,0,0,0,0,1
337.93954,1,46907.421482,0,0,0,0,1
328.826743,1,46907.780061,0,0,0,0,1
-129.071402,1,46908.272899,0,0,1,0,0
328.863408,1,46908.685618,0,0,0,0,1
337.828621,1,46909.080302,0,0,0,0,1
328.881733,1,46909.511904,0,0,1,0,0
222.638908,14,47256.758512,0,0,1,0,0
337.826743,1,47257.073773,0,0,0,0,1
328.977188,1,47257.490557,0,0,0,0,1
328.99729,1,47257.804022,0,0,0,0,1
513.478263,32,47269.989838,0,0,1,0,0
328.931002,1,47270.357878,0,0,0,0,1
328.863408,1,47270.683591,0,0,0,0,1
-16.305192,6,47272.635371,0,0,1,0,0
321.129458,1,47273.118663,0,0,1,0,0
-231.959386,12,47274.837866,0,0,1,0,0
-153.527846,3,47279.157702,0,0,1,0,0
889.912627,39,47295.471804,0,0,1,0,0
328.826743,1,47295.750676,0,0,0,0,1
328.93954,1,47296.09178,0,0,0,0,1
356.952106,16,47312.042019,0,0,1,0,0
328.800053,1,47312.360811,0,0,0,0,1
328.800053,1,47312.716389,0,0,0,0,1
-151.800564,7,47317.018685,0,0,1,0,0
328.863408,1,47317.314217,0,0,0,0,1
-122.103929,6,47318.876776,0,0,1,0,0
792.791199,37,47328.214877,0,0,1,0,0
952.010139,47,47365.091069,0,0,1,0,0
535.065324,25,47369.660581,0,0,1,0,0
328.93954,1,47370.010278,0,0,0,0,1
342.81488,19,47374.588864,0,0,1,0,0
328.82862,1,47374.949292,0,0,0,0,1
447.226715,19,47379.39282,0,0,1,0,0
328.846564,1,47379.81473,0,0,1,0,0
328.773494,1,47380.250258,0,0,1,0,0
337.931001,1,47380.587347,0,0,0,0,1
328.938687,1,47380.961541,0,0,0,0,1
337.931002,1,47381.303903,0,0,0,0,1
731.446436,39,47390.607296,0,0,1,0,0
328.99729,1,47390.988485,0,0,0,0,1
328.831123,1,47391.38097,0,0,0,0,1
337.939541,1,47391.75562,0,0,0,0,1
445.173743,19,47401.471299,0,0,1,0,0
328.99729,1,47401.813812,0,0,0,0,1
328.93954,1,47402.238459,0,0,0,0,1
328.800053,1,47402.656351,0,0,0,0,1
337.800052,1,47403.036396,0,0,0,0,1
337.888917,1,47403.38483,0,0,1,0,0
328.773494,1,47403.900775,0,0,1,0,0
337.888918,1,47404.229809,0,0,1,0,0
-18.613799,8,47406.005334,0,0,1,0,0
-126.388102,1,47406.402705,0,0,1,0,0
769.837652,32,47421.091822,0,0,1,0,0
336.159607,18,47432.268613,0,0,1,0,0
-199.275966,5,47433.050336,0,0,1,0,0
253.242422,16,47436.710808,0,0,1,0,0
610.045488,34,47443.745347,0,0,1,0,0
230.140832,13,47447.878847,0,0,1,0,0
328.93954,1,47448.362325,0,0,0,0,1
328.881733,1,47448.815294,0,0,1,0,0
-129.071402,1,47449.32535,0,0,1,0,0
328.94501,1,47449.817277,0,0,0,0,1
328.931002,1,47450.145683,0,0,0,0,1
328.846564,1,47450.458985,0,0,1,0,0
1292.769699,52,47474.871121,0,0,1,0,0
317.657503,22,47479.097069,0,0,1,0,0
328.888918,1,47479.444345,0,0,1,0,0
328.931002,1,47479.816579,0,0,0,0,1
328.938687,1,47480.18772,0,0,0,0,1
301.354341,16,47484.711114,0,0,1,0,0
328.859287,1,47485.126502,1,0,0,0,0
177.353691,13,47501.722715,0,0,1,0,0
-126.388102,1,47502.107492,0,0,1,0,0
34.175082,10,47506.259622,0,0,1,0,0
337.778863,1,47506.593383,0,0,0,0,1
166.783513,16,47520.351096,0,0,1,0,0
328.800053,1,47520.717266,0,0,0,0,1
328.93954,1,47521.056865,0,0,0,0,1
868.286627,40,47527.751818,0,0,1,0,0
-71.970285,7,47532.714054,0,0,1,0,0
215.778868,15,47535.845011,0,0,1,0,0
330.129458,1,47536.25612,0,0,1,0,0
202.504872,15,47538.465517,1,0,0,0,0
337.778864,1,47538.851485,0,0,0,0,1
328.93954,1,47539.236073,0,0,0,0,1
328.968284,1,47539.607384,0,0,0,0,1
328.800053,1,47540.010216,0,0,0,0,1
-67.544815,4,47541.004402,0,0,1,0,0
328.863408,1,47541.326874,0,0,0,0,1
328.826743,1,47541.731463,0,0,0,0,1
-16.84925,6,47543.683378,0,0,1,0,0
261.708722,15,47547.868309,0,0,1,0,0
64.22921,11,47550.97693,0,0,1,0,0
328.846564,1,47551.319628,0,0,1,0,0
337.800051,1,47551.647849,0,0,0,0,1
-242.761357,12,47553.461416,0,0,1,0,0
328.99729,1,47553.790178,0,0,0,0,1
328.888918,1,47554.150416,0,0,1,0,0
309.056314,14,47564.565195,0,0,1,0,0
328.881733,1,47564.963703,0,0,1,0,0
581.399058,34,47569.96626,0,0,1,0,0
-126.388102,1,47570.348226,0,0,1,0,0
-230.273306,12,47572.09484,0,0,1,0,0
523.429922,27,47575.32025,0,0,1,0,0
328.773494,1,47575.805768,0,0,1,0,0
-120.454298,7,47578.423719,0,0,1,0,0
328.846564,1,47578.741766,0,0,1,0,0
328.846564,1,47579.054728,0,0,1,0,0
328.863408,1,47585.785064,0,0,0,0,1
328.82862,1,47586.155983,0,0,0,0,1
-126.996194,3,47587.590664,1,0,0,0,0
337.826743,1,47587.902663,0,0,0,0,1
-158.577357,4,47592.288707,0,0,1,0,0
328.800053,1,47592.610615,0,0,0,0,1
49.661012,10,47593.883144,0,0,1,0,0
328.99729,1,47594.200254,0,0,0,0,1
328.888918,1,47594.603408,0,0,1,0,0
1340.187644,53,47608.269523,1,0,0,0,0
328.846564,1,47608.68217,0,0,1,0,0
330.129458,1,47609.118031,0,0,1,0,0
188.094748,11,47615.132303,0,0,1,0,0
-36.85846,4,47616.111483,0,0,1,0,0
388.25967,19,47619.365317,0,0,1,0,0
337.778862,1,47619.757831,0,0,0,0,1
337.968284,1,47620.149762,0,0,0,0,1
1153.31616,50,47639.879333,1,0,0,0,0
328.859287,1,47640.205451,1,0,0,0,0
328.778864,1,47640.599768,0,0,0,0,1
328.920203,1,47641.064011,0,0,0,0,1
-115.362118,2,47641.597842,0,0,1,0,0
671.359663,32,47657.271708,0,0,1,0,0
328.859287,1,47657.652312,1,0,0,0,0
13.654704,9,47660.810487,0,0,1,0,0
-137.44339,5,47662.885952,0,0,1,0,0
328.975362,1,47663.297773,0,0,0,0,1
328.93954,1,47663.624992,0,0,0,0,1
328.800053,1,47664.015322,0,0,0,0,1
337.82862,1,47664.37221,0,0,0,0,1
229.722039,12,47676.621634,0,0,1,0,0
604.241632,34,47683.924782,0,0,1,0,0
380.35186,17,47700.77707,0,0,1,0,0
328.90969,1,47701.127546,0,0,1,0,0
328.93954,1,47701.526772,0,0,0,0,1
337.99729,1,47701.934604,0,0,0,0,1
337.800054,1,47702.337012,0,0,0,0,1
321.129458,1,47702.782,0,0,1,0,0
337.826744,1,47703.074813,0,0,0,0,1
328.99729,1,47703.42885,0,0,0,0,1
337.800054,1,47703.806543,0,0,0,0,1
328.931002,1,47704.150908,0,0,0,0,1
36.01494,10,47708.514374,0,0,1,0,0
477.10562,22,47715.708376,0,0,1,0,0
328.863408,1,47715.991891,0,0,0,0,1
947.238646,38,47728.785012,1,0,0,0,0
4.923728,9,47732.157669,0,0,1,0,0
328.90969,1,47732.645172,0,0,1,0,0
-67.540294,4,47733.616599,0,0,1,0,0
-214.822921,6,47736.001073,0,0,1,0,0
-199.166818,5,47736.71295,0,0,1,0,0
-88.101711,2,47738.599671,0,0,1,0,0
352.764936,20,47742.346198,0,0,1,0,0
328.93954,1,47742.689191,0,0,0,0,1
549.7835,24,47749.133305,0,0,1,0,0
337.968285,1,47755.716989,0,0,0,0,1
328.99729,1,47756.190734,0,0,0,0,1
543.688853,24,47775.392697,0,0,1,0,0
-44.054577,7,47777.00737,0,0,1,0,0
-198.663258,8,47777.981873,0,0,1,0,0
-126.388102,1,47778.314951,0,0,1,0,0
337.800052,1,47778.623502,0,0,0,0,1
468.886774,22,47788.266079,0,0,1,0,0
212.709214,14,47791.759457,0,0,1,0,0
328.881733,1,47792.290035,0,0,1,0,0
340.260399,21,47795.514821,0,0,1,0,0
328.931002,1,47795.908277,0,0,0,0,1
145.240225,9,47799.110973,0,0,1,0,0
337.938685,1,47799.433652,0,0,0,0,1
202.504872,15,47801.80812,1,0,0,0,0
-118.233738,7,47804.358147,0,0,1,0,0
506.979491,20,47817.639722,0,0,1,0,0
328.881733,1,47818.094911,0,0,1,0,0
1372.828328,55,47859.229665,0,0,1,0,0
-140.999267,1,47862.202667,1,0,0,0,0
328.99729,1,47862.544363,0,0,0,0,1
328.99729,1,47862.899846,0,0,0,0,1
777.937098,32,47873.65201,1,0,0,0,0
328.859287,1,47873.995739,1,0,0,0,0
216.99219,13,47884.092898,0,0,1,0,0
328.881733,1,47884.551263,0,0,1,0,0
433.362975,22,47896.010034,0,0,1,0,0
328.881733,1,47896.468074,0,0,1,0,0
460.670296,22,48246.757085,0,0,1,0,0
1042.570136,53,48262.187064,0,0,1,0,0
-32.889044,7,48263.878922,0,0,1,0,0
657.840146,31,48273.974408,0,0,1,0,0
328.920203,1,48274.476887,0,0,0,0,1
167.660708,11,48278.038067,0,0,1,0,0
483.658961,22,48288.405213,0,0,1,0,0
-158.791732,4,48292.497619,0,0,1,0,0
1114.231992,52,48308.181432,0,0,1,0,0
337.93954,1,48308.509138,0,0,0,0,1
328.99729,1,48308.885332,0,0,0,0,1
328.931002,1,48309.242343,0,0,0,0,1
310.173848,16,48315.876695,0,0,1,0,0
328.826743,1,48316.192479,0,0,0,0,1
271.557726,16,48326.483079,0,0,1,0,0
251.707369,21,48330.345614,1,0,0,0,0
328.90969,1,48330.76419,0,0,1,0,0
725.558311,36,48338.072967,0,0,1,0,0
638.292462,31,48345.399826,1,0,0,0,0
328.82862,1,48345.808762,0,0,0,0,1
65.337163,11,48349.079135,0,0,1,0,0
741.949404,33,48376.938838,0,0,1,0,0
328.881733,1,48377.267605,0,0,1,0,0
265.445236,14,48380.935208,0,0,1,0,0
676.933531,27,48389.541074,0,0,1,0,0
141.966633,13,48398.871603,0,0,1,0,0
328.90969,1,48399.285601,0,0,1,0,0
328.826743,1,48399.606998,0,0,0,0,1
328.800053,1,48399.928007,0,0,0,0,1
851.05917,39,48407.94563,0,0,1,0,0
328.99729,1,48408.334591,0,0,0,0,1
1146.14332,45,48421.428128,0,0,1,0,0
337.931002,1,48421.813739,0,0,0,0,1
-16.152452,6,48423.698226,0,0,1,0,0
1177.191908,51,48459.662516,0,0,1,0,0
1112.622907,54,48480.994394,0,0,1,0,0
382.133675,17,48493.135394,0,0,1,0,0
328.859287,1,48493.58973,1,0,0,0,0
827.146736,37,48501.069178,0,0,1,0,0
36.265808,10,48505.096043,0,0,1,0,0
249.566557,15,48857.389681,0,0,1,0,0
250.696917,14,48860.133229,0,0,1,0,0
7.370941,9,48863.169984,0,0,1,0,0
337.93954,1,48863.530891,0,0,0,0,1
389.190357,19,48868.250006,0,0,1,0,0
61.447537,13,48870.400472,0,0,1,0,0
328.846564,1,48870.798652,0,0,1,0,0
328.93954,1,48871.202708,0,0,0,0,1
800.213578,41,48899.508319,0,0,1,0,0
892.083912,37,48910.019245,1,0,0,0,0
-140.89245,5,48912.81769,1,0,0,0,0
633.778901,10,48924.767418,0,0,0,0,1
321.129458,1,48925.278518,0,0,1,0,0
328.93954,1,48925.560358,0,0,0,0,1
926.031842,49,48943.960063,0,0,1,0,0
328.773494,1,48944.462836,0,0,1,0,0
-124.943829,5,48947.070653,0,0,1,0,0
1596.29821,61,48979.558916,0,0,1,0,0
691.181952,38,48985.502669,0,0,1,0,0
328.881733,1,48985.939113,0,0,1,0,0
321.129458,1,48986.326948,0,0,1,0,0
471.482823,23,48993.031435,0,0,1,0,0
321.129458,1,48993.548929,0,0,1,0,0
-120.7771,7,48996.096293,0,0,1,0,0
328.826743,1,48996.416325,0,0,0,0,1
340.260399,21,48999.483274,0,0,1,0,0
1887.345758,78,49046.868304,0,0,1,0,0
746.635506,32,49053.272458,0,0,1,0,0
936.039261,39,49101.446885,0,0,1,0,0
337.881734,1,49101.885672,0,0,1,0,0
-245.925854,12,49103.512297,0,0,1,0,0
1136.745452,67,49112.911865,0,0,1,0,0
-199.603445,5,49113.826302,0,0,1,0,0
-16.75053,6,49115.629914,0,0,1,0,0
-158.232019,4,49120.128152,0,0,1,0,0
328.881733,1,49120.547383,0,0,1,0,0
397.49545,20,49124.637712,0,0,1,0,0
631.647972,28,49129.24025,1,0,0,0,0
337.778864,1,49129.609738,0,0,0,0,1
328.93954,1,49130.009363,0,0,0,0,1
328.778864,1,49130.420366,0,0,0,0,1
337.939541,1,49130.791901,0,0,0,0,1
328.859287,1,49131.157311,1,0,0,0,0
321.129458,1,49131.647172,0,0,1,0,0
500.362545,21,49135.999037,0,0,1,0,0
328.931002,1,49136.278861,0,0,0,0,1
328.778864,1,49136.608931,0,0,0,0,1
426.837195,20,49142.472614,0,0,1,0,0
799.688285,37,49150.173515,0,0,1,0,0
337.939541,1,49150.518149,0,0,0,0,1
-153.039204,3,49154.858178,0,0,1,0,0
-140.897522,5,49157.520833,1,0,0,0,0
1025.269452,42,49180.081889,0,0,1,0,0
-72.225655,7,49185.150387,0,0,1,0,0
337.800055,1,49185.494319,0,0,0,0,1
328.826743,1,49185.861111,0,0,0,0,1
328.881733,1,49186.256934,0,0,1,0,0
370.340532,18,49190.603944,0,0,1,0,0
328.93954,1,49190.956889,0,0,0,0,1
371.709227,18,49196.936521,0,0,1,0,0
328.90969,1,49197.501629,0,0,1,0,0
328.852829,1,49197.793286,0,0,1,0,0
36.296675,10,49199.12395,0,0,1,0,0
328.90969,1,49199.528246,0,0,1,0,0
337.800054,1,49199.877661,0,0,0,0,1
328.82862,1,49200.254228,0,0,0,0,1
328.846564,1,49200.677124,0,0,1,0,0
330.129458,1,49201.180849,0,0,1,0,0
321.129458,1,49201.621723,0,0,1,0,0
180.689669,15,49205.128107,0,0,1,0,0
469.020393,23,49210.675386,1,0,0,0,0
337.778865,1,49211.121137,0,0,0,0,1
328.800053,1,49211.473182,0,0,0,0,1
328.99729,1,49211.841565,0,0,0,0,1
569.293621,33,49217.19506,0,0,1,0,0
328.82862,1,49217.625562,0,0,0,0,1
337.800054,1,49218.017244,0,0,0,0,1
328.881733,1,49218.420925,0,0,1,0,0
544.7831,27,49231.077109,0,0,1,0,0
328.881733,1,49231.505172,0,0,1,0,0
328.778864,1,49231.84193,0,0,0,0,1
328.846564,1,49238.827305,0,0,1,0,0
328.881733,1,49239.292359,0,0,1,0,0
364.28992,23,49243.344071,0,0,1,0,0
328.991637,1,49243.76398,0,0,0,0,1
-27.809003,4,49244.78837,0,0,1,0,0
363.102259,20,49248.656362,1,0,0,0,0
420.999154,17,49259.987514,0,0,1,0,0
808.906364,16,49263.022501,0,0,0,0,1
-44.842087,4,49263.974807,0,0,1,0,0
337.939541,1,49264.283336,0,0,0,0,1
317.122261,18,49268.166615,0,0,1,0,0
261.808092,14,49270.811259,1,0,0,0,0
337.931002,1,49271.160579,0,0,0,0,1
724.240731,34,49287.520674,0,0,1,0,0
328.800053,1,49287.89839,0,0,0,0,1
321.129458,1,49288.332449,0,0,1,0,0
328.99729,1,49288.696962,0,0,0,0,1
328.800053,1,49289.078914,0,0,0,0,1
222.985121,16,49292.571115,0,0,1,0,0
51.774583,10,49294.377536,0,0,1,0,0
-132.801521,4,49297.77532,0,0,1,0,0
354.408991,21,49302.350612,0,0,1,0,0
27.724465,9,49303.402126,0,0,1,0,0
404.694446,23,49306.36725,0,0,1,0,0
1217.739584,55,49324.520188,0,0,1,0,0
513.190375,37,49331.082097,0,0,1,0,0
328.800053,1,49331.420095,0,0,0,0,1
23.244585,9,49332.352948,0,0,1,0,0
328.931002,1,49332.686868,0,0,0,0,1
13.525603,9,49333.899533,0,0,1,0,0
1797.80561,71,49361.807377,0,0,1,0,0
328.93954,1,49362.145444,0,0,0,0,1
255.027752,15,49371.087786,0,0,1,0,0
328.800053,1,49371.366063,0,0,0,0,1
503.397127,24,49406.595118,0,0,1,0,0
-129.071402,1,49407.013716,0,0,1,0,0
52.709928,10,49408.547182,0,0,1,0,0
328.863408,1,49408.845516,0,0,0,0,1
551.477282,26,49779.42471,0,0,1,0,0
1187.311806,57,49802.860538,0,0,1,0,0
146.719573,14,49805.601035,0,0,1,0,0
328.773494,1,49806.042322,0,0,1,0,0
84.977169,12,49809.166826,0,0,1,0,0
328.800053,1,49809.533053,0,0,0,0,1
328.881733,1,49809.962381,0,0,1,0,0
-137.948886,5,49811.891593,0,0,1,0,0
328.859287,1,49812.187723,1,0,0,0,0
-25.989124,7,49813.821882,0,0,1,0,0
285.986846,16,49822.1863,0,0,1,0,0
328.881733,1,49822.572939,0,0,1,0,0
295.329494,17,49827.108236,0,0,1,0,0
-126.000419,5,49829.777201,0,0,1,0,0
328.909529,1,49830.061583,0,0,0,0,1
1030.940258,48,49847.335772,0,0,1,0,0
-193.695831,9,49848.448473,0,0,1,0,0
321.129458,1,49848.829777,0,0,1,0,0
328.778864,1,49849.16923,0,0,0,0,1
1008.850816,46,49861.367579,0,0,1,0,0
328.93954,1,49861.666867,0,0,0,0,1
328.778864,1,49862.120056,0,0,0,0,1
328.947109,1,49862.589908,0,0,0,0,1
151.579252,11,49864.722064,0,0,1,0,0
328.82862,1,49865.035004,0,0,0,0,1
465.856345,21,49870.831791,0,0,1,0,0
337.863409,1,49871.221056,0,0,0,0,1
1729.750859,72,49899.563011,1,0,0,0,0
328.826743,1,49900.008078,0,0,0,0,1
337.931001,1,49900.412344,0,0,0,0,1
471.967462,22,49904.271084,1,0,0,0,0
328.881733,1,49904.699084,0,0,1,0,0
608.962107,27,49911.364463,1,0,0,0,0
-115.375377,2,49911.946227,0,0,1,0,0
254.618066,18,49915.195729,0,0,1,0,0
825.710225,42,49923.634871,0,0,1,0,0
91.62548,12,49926.987522,0,0,1,0,0
952.539071,41,49945.295744,0,0,1,0,0
328.778864,1,49945.606594,0,0,0,0,1
328.931002,1,49945.984123,0,0,0,0,1
328.947109,1,49946.447994,0,0,0,0,1
328.93954,1,49946.80182,0,0,0,0,1
37.827513,10,49948.195956,0,0,1,0,0
328.846564,1,49948.493471,0,0,1,0,0
902.577487,39,49968.899152,0,0,1,0,0
328.82862,1,49969.246465,0,0,0,0,1
928.627685,36,50008.207475,0,0,1,0,0
328.778864,1,50008.554978,0,0,0,0,1
328.826743,1,50008.949256,0,0,0,0,1
328.778864,1,50009.353443,0,0,0,0,1
328.931002,1,50009.725534,0,0,0,0,1
328.93954,1,50010.08258,0,0,0,0,1
601.803546,34,50018.004394,0,0,1,0,0
365.034611,17,50021.171603,0,0,1,0,0
328.931002,1,50021.436572,0,0,0,0,1
575.053624,33,50027.011713,0,0,1,0,0
-198.663258,8,50027.951801,0,0,1,0,0
-123.437483,7,50030.626638,0,0,1,0,0
493.757804,20,50039.384783,0,0,1,0,0
337.931002,1,50039.721201,0,0,0,0,1
-188.934161,9,50041.01019,0,0,1,0,0
328.82862,1,50041.294264,0,0,0,0,1
751.547206,29,50058.551255,0,0,1,0,0
-120.062333,1,50059.026594,0,0,1,0,0
337.939542,1,50059.450522,0,0,0,0,1
378.06728,20,50063.996244,0,0,1,0,0
337.997289,1,50064.333583,0,0,0,0,1
328.93954,1,50064.737623,0,0,0,0,1
328.968284,1,50065.115649,0,0,0,0,1
337.931003,1,50065.521178,0,0,0,0,1
-134.660516,4,50068.919138,0,0,1,0,0
328.82862,1,50069.261199,0,0,0,0,1
328.968284,1,50069.6917,0,0,0,0,1
-130.685431,4,50072.907573,0,0,1,0,0
561.836449,26,50079.998289,0,0,1,0,0
328.778864,1,50080.379002,0,0,0,0,1
-67.560408,4,50081.391974,0,0,1,0,0
328.82862,1,50081.711304,0,0,0,0,1
328.826743,1,50082.085599,0,0,0,0,1
587.878127,42,50089.913542,0,0,1,0,0
206.499286,15,50100.575848,0,0,1,0,0
463.828926,21,50107.536231,0,0,1,0,0
328.93954,1,50107.972233,0,0,0,0,1
194.062184,15,50111.867203,0,0,1,0,0
337.881732,1,50112.2791,0,0,1,0,0
330.129457,1,50112.712007,0,0,1,0,0
-115.359691,2,50113.217892,0,0,1,0,0
322.273822,15,50123.41073,0,0,1,0,0
328.826743,1,50123.701916,0,0,0,0,1
337.99729,1,50124.068617,0,0,0,0,1
328.93954,1,50124.68177,0,0,0,0,1
-123.733389,1,50125.32432,0,0,1,0,0
184.058999,10,50142.032948,0,0,1,0,0
95.925689,12,50144.866904,0,0,1,0,0
416.295031,22,50149.211292,1,0,0,0,0
328.977188,1,50149.605661,0,0,0,0,1
617.458363,35,50154.908357,0,0,1,0,0
337.881734,1,50155.369308,0,0,1,0,0
705.946985,26,50177.526722,0,0,1,0,0
-14.278646,8,50180.858476,0,0,1,0,0
399.373363,18,50189.733464,0,0,1,0,0
959.39537,48,50213.890921,0,0,1,0,0
-124.075493,3,50217.423321,0,0,1,0,0
328.99729,1,50217.751525,0,0,0,0,1
328.82862,1,50218.154432,0,0,0,0,1
328.909529,1,50218.558003,0,0,0,0,1
337.881735,1,50218.98431,0,0,1,0,0
328.800053,1,50219.295018,0,0,0,0,1
328.931002,1,50219.652505,0,0,0,0,1
607.653245,25,50229.528741,0,0,1,0,0
-151.800564,7,50233.582259,0,0,1,0,0
328.778864,1,50233.922162,0,0,0,0,1
1245.683071,58,50265.545854,0,0,1,0,0
874.824376,36,50277.229362,0,0,1,0,0
1146.105731,48,50319.763294,0,0,1,0,0
-132.922976,1,50321.744018,0,0,1,0,0
337.968284,1,50322.035888,0,0,0,0,1
-193.695831,9,50323.304132,0,0,1,0,0
337.939539,1,50323.596314,0,0,0,0,1
330.129458,1,50324.081243,0,0,1,0,0
-126.388102,1,50324.426847,0,0,1,0,0
913.371292,40,50340.626609,0,0,1,0,0
330.129458,1,50341.07885,0,0,1,0,0
-133.419669,4,50344.713192,0,0,1,0,0
691.075987,32,50351.53819,0,0,1,0,0
823.464112,41,50362.312241,0,0,1,0,0
-145.171266,6,50366.23253,0,0,1,0,0
328.93954,1,50366.559784,0,0,0,0,1
328.800053,1,50366.947484,0,0,0,0,1
328.800053,1,50367.339563,0,0,0,0,1
337.881735,1,50367.792308,0,0,1,0,0
677.801863,37,50374.390873,0,0,1,0,0
-88.081737,2,50376.340499,0,0,1,0,0
645.19538,33,50380.823288,1,0,0,0,0
-217.780501,6,50383.288244,0,0,1,0,0
328.90969,1,50383.655615,0,0,1,0,0
-72.03449,7,50388.689255,0,0,1,0,0
870.491444,38,50396.901579,0,0,1,0,0
328.99729,1,50397.257453,0,0,0,0,1
-206.565173,5,50399.754847,0,0,1,0,0
337.93954,1,50400.05619,0,0,0,0,1
67.421181,13,50402.449329,0,0,1,0,0
328.931002,1,50409.40671,0,0,0,0,1
328.93954,1,50409.789343,0,0,0,0,1
137.729592,13,50412.659734,0,0,1,0,0
328.968284,1,50413.000474,0,0,0,0,1
291.039344,14,50416.768077,0,0,1,0,0
-36.942592,4,50417.823117,0,0,1,0,0
1135.465348,53,50427.777206,0,0,1,0,0
189.486255,15,50431.692583,0,0,1,0,0
-6.462879,8,50432.868612,0,0,1,0,0
328.931002,1,50433.193607,0,0,0,0,1
72.673888,13,50435.298094,0,0,1,0,0
328.99729,1,50435.723983,0,0,0,0,1
328.778864,1,50436.136293,0,0,0,0,1
328.99729,1,50436.532633,0,0,0,0,1
-147.266874,5,50440.146708,0,0,1,0,0
337.800053,1,50440.457183,0,0,0,0,1
328.881733,1,50440.902888,0,0,1,0,0
735.13928,39,50448.143153,1,0,0,0,0
328.873836,1,50448.604997,0,0,0,0,1
561.791765,25,50459.575676,0,0,1,0,0
659.143319,28,50487.577362,0,0,1,0,0
328.881733,1,50487.907786,0,0,1,0,0
193.241284,12,50491.333063,0,0,1,0,0
337.881734,1,50491.840452,0,0,1,0,0
321.129458,1,50492.259869,0,0,1,0,0
328.977188,1,50492.671777,0,0,0,0,1
-132.738533,1,50493.270231,0,0,1,0,0
-35.020975,7,50495.05666,0,0,1,0,0
638.015008,27,50510.521696,0,0,1,0,0
328.931002,1,50510.923566,0,0,0,0,1
328.863408,1,50511.263922,0,0,0,0,1
330.129458,1,50511.748943,0,0,1,0,0
328.93954,1,50512.084885,0,0,0,0,1
328.875652,1,50512.574585,0,0,0,0,1
328.93954,1,50512.899228,0,0,0,0,1
780.456023,39,50524.426564,0,0,1,0,0
477.623396,21,50542.343153,0,0,1,0,0
328.778864,1,50542.736326,0,0,0,0,1
65.268552,11,50546.031092,0,0,1,0,0
328.90969,1,50546.510109,0,0,1,0,0
1485.615849,52,50569.780843,1,0,0,0,0
202.504872,15,50572.068885,1,0,0,0,0
337.863408,1,50572.435385,0,0,0,0,1
-134.884845,4,50576.022224,0,0,1,0,0
490.775223,21,50594.86723,0,0,1,0,0
-124.011808,1,50595.238837,0,0,1,0,0
337.881734,1,50595.597326,0,0,1,0,0
328.93954,1,50595.902659,0,0,0,0,1
-127.007588,3,50598.233618,0,0,1,0,0
-67.557326,4,50599.172526,0,0,1,0,0
834.786064,41,50614.085716,0,0,1,0,0
328.920203,1,50614.565692,0,0,0,0,1
98.041946,9,50616.735304,0,0,1,0,0
328.800053,1,50617.043979,0,0,0,0,1
1087.114021,52,50628.222967,0,0,1,0,0
337.778862,1,50628.607441,0,0,0,0,1
328.99729,1,50628.979069,0,0,0,0,1
328.99729,1,50629.349025,0,0,0,0,1
328.859287,1,50629.718038,1,0,0,0,0
630.148199,28,50644.362856,0,0,1,0,0
632.59211,10,50656.439422,0,0,0,0,1
-158.034737,4,50660.708452,0,0,1,0,0
118.100799,8,50667.440189,0,0,1,0,0
328.881733,1,50667.809363,0,0,1,0,0
1021.940526,59,50678.253333,1,0,0,0,0
-115.362118,2,50678.83255,0,0,1,0,0
-115.317787,2,50679.343724,0,0,1,0,0
329.129458,1,50679.752896,0,0,1,0,0
